recording_id,window_number,label,t1_mean,t1_std,t1_active,t2_mean,t2_std,t2_active,t3_mean,t3_std,t3_active,t4_mean,t4_std,t4_active,t5_mean,t5_std,t5_active,acc_magnitude_mean,acc_magnitude_std,acc_magnitude_min,acc_magnitude_max,acc_magnitude_range,acc_magnitude_mean_abs_change,acc_magnitude_max_abs_change,gyro_magnitude_mean,gyro_magnitude_std,gyro_magnitude_min,gyro_magnitude_max,gyro_magnitude_range,gyro_magnitude_mean_abs_change,gyro_magnitude_max_abs_change,ax_mean,ax_std,ax_range,ay_mean,ay_std,ay_range,az_mean,az_std,az_range,gx_mean,gx_std,gx_range,gy_mean,gy_std,gy_range,gz_mean,gz_std,gz_range
exercise_1_loose_fist_1,1,exercise_1_loose_fist,0.0,0.0,0.0,0.0,0.0,0.0,0.0,0.0,0.0,0.0,0.0,0.0,0.0,0.0,0.0,16706.712292367873,36.839924597135735,16643.60057199163,16789.7697423163,146.16917032467245,51.43068427721786,120.96108313891455,1125.3925745719112,18.589730993367688,1073.9799811914559,1157.0367323469036,83.05675115544773,20.79317216663665,62.85505303134482,16221.9,35.213491732573196,152.0,2076.7,32.92278846027473,140.0,3412.8,57.81487697816195,284.0,-486.45,18.40781084213981,78.0,1009.6,21.222393832930347,92.0,98.325,21.70758795905248,103.0
exercise_1_loose_fist_1,2,exercise_1_loose_fist,0.0,0.0,0.0,0.0,0.0,0.0,0.0,0.0,0.0,0.0,0.0,0.0,0.0,0.0,0.0,16724.81031471648,32.7221141323214,16653.54256607284,16786.360653816537,132.8180877436971,35.4443010324754,97.01725843704116,1125.1693315266195,17.89414406836711,1087.6653897224091,1164.0871960467566,76.42180632434747,18.082357078037777,74.95320637865098,16240.0,31.330496325465386,116.0,2074.1,37.25573781312081,152.0,3417.0,51.003921417867474,204.0,-484.6,19.98849669184754,79.0,1010.675,18.54641137794587,73.0,94.5,18.744332476778148,77.0
exercise_1_loose_fist_1,3,exercise_1_loose_fist,0.0,0.0,0.0,0.0,0.0,0.0,0.0,0.0,0.0,0.0,0.0,0.0,0.0,0.0,0.0,16715.53630422346,37.52415472303266,16638.733605656413,16794.96734143892,156.23373578250903,43.51096305800736,156.23373578250903,1126.8478236667256,20.288107293783835,1073.6973502807948,1167.0758330117199,93.37848273092504,22.71868523905,82.58678435048182,16230.8,31.612655693566783,148.0,2084.7,37.468787009990045,172.0,3408.6,69.00753582037254,312.0,-485.5,16.91449082887215,69.0,1011.85,21.55753928443597,84.0,97.225,21.057644098996448,94.0
exercise_1_loose_fist_1,4,exercise_1_loose_fist,0.0,0.0,0.0,0.0,0.0,0.0,0.0,0.0,0.0,0.0,0.0,0.0,0.0,0.0,0.0,16712.458752295577,34.75129953188176,16653.752970426816,16825.476397415914,171.7234269890978,40.24750474721068,165.533540371056,1124.2703475881394,25.346805203889556,1071.3062120607722,1174.824242174122,103.51803011334982,32.373724732596315,76.20675082897219,16228.7,29.24226393424422,140.0,2080.8,38.31657604744974,140.0,3406.0,62.39871793554736,284.0,-481.475,21.913451918855685,93.0,1011.125,24.160078124873685,101.0,95.025,18.457366415607616,71.0
exercise_1_loose_fist_1,5,exercise_1_loose_fist,0.0,0.0,0.0,0.0,0.0,0.0,0.0,0.0,0.0,0.0,0.0,0.0,0.0,0.0,0.0,16696.836322018855,32.39190812231025,16638.308087062218,16754.234807952285,115.92672089006737,39.82622787711145,92.0582517359835,1126.1000537207456,18.657947639925496,1076.9076097790376,1162.7278271375465,85.8202173585089,20.772783111121697,85.8202173585089,16211.2,29.922566734824077,124.0,2072.4,38.985125368529985,184.0,3417.7,66.75859495226064,288.0,-484.175,20.345622993656402,91.0,1012.35,18.643430478321314,84.0,89.725,18.957831495189527,91.0
exercise_1_loose_fist_1,6,exercise_1_loose_fist,0.0,0.0,0.0,0.0,0.0,0.0,0.0,0.0,0.0,0.0,0.0,0.0,0.0,0.0,0.0,16711.33264836575,36.330643608360454,16631.82347188666,16790.283380574612,158.45990868795343,40.501587409419024,158.45990868795343,1127.0382890287844,17.575410751106695,1089.5737698751745,1162.8710160632606,73.29724618808609,19.226349316520217,56.759358046765556,16225.7,36.25341363237397,152.0,2077.0,33.41556523538095,168.0,3417.2,54.79562026293708,240.0,-487.8,20.97999046710937,89.0,1011.35,16.17335772188323,67.0,93.7,16.282198868703208,64.0
exercise_1_loose_fist_1,7,exercise_1_loose_fist,0.0,0.0,0.0,0.0,0.0,0.0,0.0,0.0,0.0,0.0,0.0,0.0,0.0,0.0,0.0,16698.81338992645,36.4111028818188,16607.123772646486,16769.530941561843,162.40716891535703,40.55264131961676,145.9944739243365,1126.4424709786504,20.446505215130077,1078.0519468003386,1167.358556742529,89.30660994219033,23.651324738248196,89.07566250744003,16212.7,33.904424490027836,140.0,2079.3,43.404032070765034,196.0,3415.8,76.43009878313647,296.0,-484.95,20.21132108497611,92.0,1011.45,24.008279821761494,99.0,99.05,16.949852506732913,77.0
exercise_1_loose_fist_1,8,exercise_1_loose_fist,0.0,0.0,0.0,0.0,0.0,0.0,0.0,0.0,0.0,0.0,0.0,0.0,0.0,0.0,0.0,16704.9842376527,39.588126691365616,16599.730600223607,16772.46743922909,172.7368390054835,46.70625358355354,151.4723416549241,1130.9670625394758,20.742551695245933,1081.969500494353,1173.1615404538286,91.19203995947555,23.509218356977843,69.24607437675218,16227.1,37.02418128736946,172.0,2069.0,25.341665296503308,112.0,3384.1,66.21472645869649,284.0,-486.625,22.48409159828344,99.0,1015.975,21.23027025263692,98.0,95.95,18.574108323147033,89.0
exercise_1_loose_fist_1,9,exercise_1_loose_fist,0.0,0.0,0.0,0.0,0.0,0.0,0.0,0.0,0.0,0.0,0.0,0.0,0.0,0.0,0.0,16709.028803376088,42.478794103294696,16606.338067135694,16821.95422654574,215.61615941004493,37.89371081503123,136.13797441111456,1130.7388061510558,15.392441784381244,1099.7467890382768,1176.212140729724,76.46535169144727,16.990355938415043,56.36438321980245,16228.9,39.46124681253747,180.0,2065.5,35.0278460656661,152.0,3397.4,69.6537149045189,352.0,-490.25,23.806249179574678,105.0,1014.3,16.234531098864544,69.0,91.975,19.181354879152824,86.0
exercise_1_loose_fist_1,10,exercise_1_loose_fist,0.0,0.0,0.0,0.0,0.0,0.0,0.0,0.0,0.0,0.0,0.0,0.0,0.0,0.0,0.0,16706.18414659086,29.360861640777273,16644.85794472275,16760.468251215418,115.61030649266831,38.39823186371835,100.611829265079,1120.8600308051462,14.19212258565584,1091.3757373150643,1158.1472272556714,66.77148994060713,13.170947152035588,55.8863688378467,16220.9,29.684844618087514,128.0,2067.6,31.289614890567126,156.0,3420.6,50.19601577814718,240.0,-481.975,19.559508557220962,94.0,1007.325,16.337667367161078,69.0,92.525,17.73976817774122,82.0
exercise_1_loose_fist_1,11,exercise_1_loose_fist,0.0,0.0,0.0,0.0,0.0,0.0,0.0,0.0,0.0,0.0,0.0,0.0,0.0,0.0,0.0,16698.728594961638,41.4356345493676,16617.5940496812,16833.654386377308,216.0603366961077,48.70174256412345,164.04083356811316,1126.2703054672284,21.6136304853116,1078.5508796528795,1157.1171072972693,78.56622764438976,26.18556659005636,71.92146574055141,16217.8,38.89421550822179,208.0,2070.8,32.18943926196914,156.0,3396.6,67.55471856206641,256.0,-486.675,19.68170152705299,76.0,1010.325,20.857118089515627,84.0,101.2,16.70209567689037,72.0
exercise_1_loose_fist_1,12,exercise_1_loose_fist,0.0,0.0,0.0,0.0,0.0,0.0,0.0,0.0,0.0,0.0,0.0,0.0,0.0,0.0,0.0,16707.303951744114,35.36472869324854,16640.13317254402,16797.583635749517,157.4504632054959,40.02431295098928,130.08332178359706,1126.8397906336384,15.051121045893375,1098.3223570518812,1156.2171076402562,57.89475058837502,15.201758288490556,41.45063286144318,16220.7,32.740036652392426,144.0,2064.9,40.37313463183159,176.0,3428.6,48.32845952438377,192.0,-489.1,17.774701122663075,84.0,1009.825,15.954446872267308,71.0,99.825,22.216983931218028,101.0
exercise_1_loose_fist_1,13,exercise_1_loose_fist,0.0,0.0,0.0,0.0,0.0,0.0,0.0,0.0,0.0,0.0,0.0,0.0,0.0,0.0,0.0,16708.735548849014,37.708866721292466,16647.491582818115,16816.11322511834,168.62164230022609,40.374001253860065,119.5507046472485,1124.4957234226297,19.038592495674305,1080.3064380072906,1161.2239232809493,80.91748527365871,24.423569905710984,74.3311674776512,16220.6,34.029986776371224,156.0,2060.5,38.783372725950485,168.0,3438.5,61.61615048021095,240.0,-491.975,23.11004922106398,77.0,1005.95,21.303696862281903,91.0,98.425,14.244099655646895,72.0
exercise_1_loose_fist_1,14,exercise_1_loose_fist,0.0,0.0,0.0,0.0,0.0,0.0,0.0,0.0,0.0,0.0,0.0,0.0,0.0,0.0,0.0,16697.723695846442,39.32145938714567,16609.22635163962,16781.049311649138,171.82296000951828,50.61812656139451,143.1313331759702,1122.9707246856717,15.007548065487418,1090.2054852182684,1167.0488421655712,76.84335694730271,16.981104324462223,43.026155561781934,16219.8,35.45081099213388,156.0,2066.5,31.32650634845833,132.0,3384.8,63.869867699878654,284.0,-486.4,22.113118278524176,113.0,1007.15,16.057007815903933,76.0,95.825,20.57047337812137,84.0
exercise_1_loose_fist_1,15,exercise_1_loose_fist,0.0,0.0,0.0,0.0,0.0,0.0,0.0,0.0,0.0,0.0,0.0,0.0,0.0,0.0,0.0,16691.020990744368,34.74315084737319,16632.748900888273,16795.683254931904,162.93435404363117,41.57331744780337,104.03791961519528,1121.9143594663512,16.594276820823698,1085.066818219044,1155.8239485319552,70.75713031291116,18.824687854488268,48.16470490149641,16209.9,32.631120115619694,136.0,2058.5,36.173885608267184,160.0,3403.8,69.8624362586934,308.0,-489.15,19.112234301619473,79.0,1004.425,18.414515334376848,73.0,98.825,18.95110484905827,80.0
exercise_1_loose_fist_1,16,exercise_1_loose_fist,0.0,0.0,0.0,0.0,0.0,0.0,0.0,0.0,0.0,0.0,0.0,0.0,0.0,0.0,0.0,16708.102971390206,39.85846737994632,16608.836684126916,16780.41763485045,171.58095072353535,50.848034886426596,164.72966295622246,1121.6404850496708,15.447404233023505,1095.6500353671331,1154.3777544634165,58.72771909628341,18.5100109263787,56.07861488440358,16224.5,35.990971089983105,156.0,2066.6,37.035658492863334,136.0,3413.3,61.43215770262347,280.0,-488.125,20.638783273245544,92.0,1005.125,14.976961474210983,58.0,93.5,19.524343778985248,83.0
exercise_1_loose_fist_2,1,exercise_1_loose_fist,0.0,0.0,0.0,0.0,0.0,0.0,0.0,0.0,0.0,0.0,0.0,0.0,0.0,0.0,0.0,16707.37468394798,36.632911078095184,16627.34230116166,16789.22702211153,161.8847209498672,49.70033838462563,161.8847209498672,1122.0518691308666,20.67312216209464,1068.68236628102,1159.3847506328518,90.70238435183182,25.990592319083518,70.38786860355458,16243.1,34.658188065737065,140.0,1944.3,40.09376510132217,180.0,3393.1,56.341725213202345,236.0,-486.4,21.1279435819012,98.0,1006.15,19.341083216821133,90.0,96.475,19.419046706777344,79.0
exercise_1_loose_fist_2,2,exercise_1_loose_fist,0.0,0.0,0.0,0.0,0.0,0.0,0.0,0.0,0.0,0.0,0.0,0.0,0.0,0.0,0.0,16706.325013984133,34.660166303195744,16637.11801965713,16817.757282111073,180.63926245394396,35.775317970105114,131.96739969915507,1119.5766407135336,17.937267590122534,1091.8360682813147,1158.6133953998633,66.77732711854856,20.748954494634926,61.97671901155286,16245.1,34.71008498981239,156.0,1948.1,37.07816068793057,176.0,3376.2,53.13341698027711,256.0,-489.175,19.667088625416827,99.0,1001.775,17.176273606344303,58.0,97.35,27.738556198908405,128.0
exercise_1_loose_fist_2,3,exercise_1_loose_fist,0.0,0.0,0.0,0.0,0.0,0.0,0.0,0.0,0.0,0.0,0.0,0.0,0.0,0.0,0.0,16699.902584657513,29.333648755034268,16637.61617540205,16780.367099679315,142.75092427726486,32.42735771189156,103.48633617920495,1119.074446989271,14.720974684342602,1087.307684144649,1147.264572799143,59.95688865449392,19.32197776389993,53.07558476102895,16232.6,32.539821757348335,160.0,1944.2,38.718987590070064,176.0,3406.7,47.19650410782561,212.0,-491.2,16.319007322750977,72.0,1000.175,14.70184937346319,55.0,100.15,20.109139713075745,88.0
exercise_1_loose_fist_2,4,exercise_1_loose_fist,0.0,0.0,0.0,0.0,0.0,0.0,0.0,0.0,0.0,0.0,0.0,0.0,0.0,0.0,0.0,16701.28538129321,38.76870647385715,16604.605144356792,16801.299473552634,196.69432919584142,41.6558179436245,109.29707719526778,1120.2006503610705,16.304230452090295,1083.3014354278314,1167.8570117955367,84.55557636770527,19.152999249949627,57.03128456379295,16232.7,40.722352584299436,212.0,1949.5,37.39184403048344,148.0,3409.9,53.5013083952159,200.0,-488.0,21.68409555411523,91.0,1003.55,15.553054362407403,83.0,93.925,18.019971559356026,84.0
exercise_1_loose_fist_2,5,exercise_1_loose_fist,0.0,0.0,0.0,0.0,0.0,0.0,0.0,0.0,0.0,0.0,0.0,0.0,0.0,0.0,0.0,16706.60928869865,31.535294003485816,16613.49186655232,16766.665023194088,153.1731566417693,36.3316529152777,124.57397153064812,1129.5671062711112,17.616822366926762,1094.4994289628478,1165.23044931035,70.73102034750218,20.855907805438683,48.69070527971326,16244.1,31.502222143842484,132.0,1950.6,37.93204450065933,160.0,3380.8,62.63673043829796,324.0,-495.6,19.647900651214623,94.0,1010.05,17.62235795800324,81.0,96.95,17.774912095422586,74.0
exercise_1_loose_fist_2,6,exercise_1_loose_fist,0.0,0.0,0.0,0.0,0.0,0.0,0.0,0.0,0.0,0.0,0.0,0.0,0.0,0.0,0.0,16702.3450234454,43.72090790975997,16597.77430862343,16776.89840226733,179.12409364389896,52.29660891041101,136.4760835403431,1121.7968234783834,18.632950217508622,1080.367530056323,1162.4603219035048,82.09279184718184,21.89191887920585,47.81398077399194,16236.7,42.20793764210707,172.0,1944.6,31.994374505528313,132.0,3398.7,66.1657766522845,316.0,-493.075,18.252927847334522,74.0,1002.65,16.06167799453096,68.0,97.225,17.363017450892574,75.0
exercise_1_loose_fist_2,7,exercise_1_loose_fist,0.0,0.0,0.0,0.0,0.0,0.0,0.0,0.0,0.0,0.0,0.0,0.0,0.0,0.0,0.0,16694.937563453164,41.2959126338997,16580.253315314578,16793.92699757862,213.67368226404142,47.00504886981033,130.6394196652036,1122.3114129636378,17.915561156798077,1087.544941600116,1163.512784631093,75.96784303097684,24.531028664281894,70.00246563640826,16227.5,36.234651923262625,172.0,1945.5,37.77499172733199,188.0,3405.8,60.87331106486652,216.0,-491.0,22.077137495608437,99.0,1003.65,16.938934441103434,65.0,101.775,19.418402998187055,73.0
exercise_1_loose_fist_2,8,exercise_1_loose_fist,0.0,0.0,0.0,0.0,0.0,0.0,0.0,0.0,0.0,0.0,0.0,0.0,0.0,0.0,0.0,16693.504313592002,33.39658792798982,16594.412071537816,16741.678291019693,147.26621948187676,36.88702561161848,126.05538604242975,1126.016474539081,17.731301886186834,1093.0901152238089,1164.2207694419474,71.13065421813849,19.988720779933253,63.59912567021797,16229.1,34.46723081420959,156.0,1948.1,35.90529208905004,164.0,3389.6,59.63086449146951,276.0,-492.925,20.42594857038468,94.0,1007.4,19.97973973804464,86.0,95.925,19.485106491882465,88.0
exercise_1_loose_fist_2,9,exercise_1_loose_fist,0.0,0.0,0.0,0.0,0.0,0.0,0.0,0.0,0.0,0.0,0.0,0.0,0.0,0.0,0.0,16698.5341297731,36.942073614952974,16610.07934959975,16766.715122527727,156.6357729279771,45.61663129607246,138.71356212973842,1127.6360899263327,16.643277791685218,1085.521994249771,1173.0076726091777,87.48567835940662,16.517937441737132,68.43034445404214,16235.0,33.84375865650859,172.0,1942.2,37.618612414601365,140.0,3389.3,71.59546074996655,316.0,-493.875,16.357242279797656,74.0,1007.775,17.9129666722182,76.0,107.4,13.928029293478671,70.0
exercise_1_loose_fist_2,10,exercise_1_loose_fist,0.0,0.0,0.0,0.0,0.0,0.0,0.0,0.0,0.0,0.0,0.0,0.0,0.0,0.0,0.0,16694.315604082192,34.48059305917249,16612.52539501445,16765.76320958876,153.2378145743096,40.074467560215666,103.14915518252383,1125.4237875862564,19.936733308257956,1083.0623250764472,1164.220339970059,81.15801489361183,22.250371201753424,66.3197068933282,16228.3,36.533683088350124,164.0,1944.2,34.85914514155504,136.0,3399.7,56.726625141991306,312.0,-493.7,20.238824076511953,93.0,1005.8,19.902512404216708,107.0,101.175,23.680041701821388,104.0
exercise_1_loose_fist_2,11,exercise_1_loose_fist,0.0,0.0,0.0,0.0,0.0,0.0,0.0,0.0,0.0,0.0,0.0,0.0,0.0,0.0,0.0,16688.234540610494,38.32906958147933,16624.341671176036,16775.096780644813,150.75510946877694,43.58665640487426,125.31786744988494,1123.9649877386396,15.185728091847322,1095.0383554926284,1158.6082167842587,63.56986129163033,17.823902491122944,38.49527605015578,16221.2,36.934536683164175,140.0,1940.9,34.02925212225506,168.0,3405.4,70.33946260812631,272.0,-490.35,23.530352738537516,85.0,1006.275,16.49088763529726,78.0,97.175,15.059693721985186,57.0
exercise_1_loose_fist_2,12,exercise_1_loose_fist,0.0,0.0,0.0,0.0,0.0,0.0,0.0,0.0,0.0,0.0,0.0,0.0,0.0,0.0,0.0,16704.66353109381,36.14848467532942,16609.028869864727,16791.85945629608,182.83058643135155,42.52132630537035,112.27198518019941,1127.3339095279712,17.68774797367213,1091.7861512219322,1162.372143506545,70.58599228461276,17.958951045575994,46.59828264852467,16238.0,35.96665122026236,192.0,1941.4,32.428999367849755,140.0,3406.0,47.23557981013888,208.0,-493.125,20.091276091876296,93.0,1008.475,17.396820830255162,76.0,99.0,22.208106627986098,103.0
exercise_1_loose_fist_2,13,exercise_1_loose_fist,0.0,0.0,0.0,0.0,0.0,0.0,0.0,0.0,0.0,0.0,0.0,0.0,0.0,0.0,0.0,16696.92932316179,32.45885610845077,16613.832309253638,16761.348871734637,147.5165624809997,37.45731860932397,107.8639381203393,1122.07948475905,17.280187581876348,1090.4476145143333,1162.6082745275814,72.16066001324816,21.339691469536884,45.4775749225621,16232.4,31.9724881734281,156.0,1948.3,38.13017178036311,156.0,3390.7,49.971091643068995,248.0,-492.625,23.454943508778697,131.0,1002.725,18.283855583546924,72.0,99.975,18.56675456292779,70.0
exercise_1_loose_fist_3,1,exercise_1_loose_fist,0.3,0.45825756949558405,0.3,0.35,0.47696960070847294,0.35,0.0,0.0,0.0,0.0,0.0,0.0,0.0,0.0,0.0,17134.29239709228,602.6146786678111,16234.451761608705,19535.124058986676,3300.6722973779706,554.5909592271469,3258.733304276957,4723.964637819226,2929.048348121531,388.4765115164622,11528.149981675291,11139.673470158828,1717.6114947635615,7246.100822686105,-6331.7,1804.2876461362805,6792.0,-3999.4,828.9296954507058,4492.0,15261.0,1010.3443967281652,4828.0,-1077.75,2263.078299021048,9138.0,1565.175,3776.396356895685,17054.0,145.65,2807.1233545214927,12793.0
exercise_1_loose_fist_3,2,exercise_1_loose_fist,0.225,0.4175823272122517,0.225,0.25,0.4330127018922193,0.25,0.0,0.0,0.0,0.0,0.0,0.0,0.0,0.0,0.0,17232.18516533625,979.8867422132378,15320.10704923435,19606.014995403835,4285.9079461694855,1045.3160522636967,4193.375879243591,9631.874946034357,7556.8602209486235,1073.1570248570338,25752.18456752747,24679.027542670436,4077.7569790377634,14971.887462124467,2430.2,5433.923661591135,17592.0,-6852.3,1422.4501080881537,6792.0,14586.2,860.4505563947298,4276.0,-1369.55,3323.598576467982,13800.0,860.975,3961.4594563588557,19284.0,-7042.45,8421.795277581852,28692.0
exercise_1_loose_fist_3,3,exercise_1_loose_fist,0.325,0.4683748498798799,0.325,0.425,0.4943429983321294,0.425,0.275,0.44651427748729355,0.275,0.35,0.47696960070847294,0.35,0.225,0.4175823272122517,0.225,17252.29425101348,623.5134933961505,15603.570873361008,19164.755985923744,3561.1851125627363,720.4996954073255,3561.1851125627363,3547.618370956973,3151.2243761827863,436.3312961500699,13866.737107192881,13430.40581104281,1511.2507678483953,6436.499022178377,7914.0,2205.4916912108283,6860.0,-4757.8,1605.909823122083,5620.0,14299.3,921.546911448354,4396.0,-477.175,2157.3885589700803,10049.0,1491.95,3711.8353341036022,16310.0,319.95,1236.0361837341172,6545.0
exercise_1_loose_fist_3,4,exercise_1_loose_fist,0.35,0.47696960070847294,0.35,0.375,0.4841229182759271,0.375,0.25,0.4330127018922193,0.25,0.375,0.4841229182759271,0.375,0.0,0.0,0.0,17239.491148505924,1191.8396455002026,14591.270815114083,21430.475869658145,6839.205054544062,968.5442189511697,4458.861782849639,7929.927766949445,9502.474887415605,406.184687057501,33235.010139911195,32828.82545285369,3105.7166470028083,15345.071926306056,6153.5,6013.365559318675,16412.0,-6310.2,3656.3015138251385,13848.0,13053.7,1004.0720641467921,4648.0,-526.775,1767.140224876057,7894.0,84.5,4382.753620727499,25884.0,3582.25,10850.452630535741,48192.0
exercise_1_loose_fist_3,5,exercise_1_loose_fist,0.25,0.4330127018922193,0.25,0.45,0.4974937185533102,0.45,0.275,0.44651427748729355,0.275,0.375,0.4841229182759271,0.375,0.35,0.47696960070847294,0.35,17187.391944603125,1098.5119674321675,15205.42534755276,20692.20916190439,5486.783814351629,1174.9527831584473,4221.615244258312,7815.960741650075,7569.296802542813,466.93254330791723,30606.953736038482,30140.021192730565,2261.4660095769473,9089.513739607679,7002.9,3534.400994510951,13064.0,-6104.6,3033.2233086273095,13432.0,13682.7,1182.2468058743066,5280.0,-579.15,2078.5604459577303,9745.0,1081.5,4066.1318903842753,18192.0,-2770.15,9399.514153800717,44301.0
exercise_1_loose_fist_3,6,exercise_1_loose_fist,0.325,0.4683748498798799,0.325,0.375,0.4841229182759271,0.375,0.2,0.4000000000000001,0.2,0.325,0.4683748498798799,0.325,0.0,0.0,0.0,17142.872875253313,564.4459078638506,16057.707931084062,18365.52030300258,2307.8123719185187,724.8085246903566,1877.5418302100352,5107.126304389882,4158.143823992736,539.8157092934588,14648.506613303623,14108.690904010165,1701.4259507149382,7622.287457839253,7194.2,3034.761796253538,10020.0,-6918.4,1824.4652476821802,6164.0,13456.8,975.7041354837029,4024.0,-467.05,2046.1483322330275,8663.0,1480.625,5065.513511419646,21107.0,393.725,3310.791982196254,16453.0
exercise_1_loose_fist_3,7,exercise_1_loose_fist,0.3,0.45825756949558394,0.3,0.4,0.4898979485566357,0.4,0.325,0.4683748498798799,0.325,0.375,0.4841229182759271,0.375,0.25,0.4330127018922193,0.25,17178.44246688042,1050.5149271092548,15583.682748310812,21695.266580523963,6111.583832213151,1098.120560891719,6111.583832213151,5323.041923559239,4609.109529511179,158.50867484147358,16648.380702038263,16489.87202719679,2365.7311968012373,9411.695521226335,6052.4,2976.752163012568,8496.0,-7831.8,1835.2370855014894,7032.0,13594.2,1096.5436425423295,5048.0,-341.225,1217.3793058759456,6229.0,262.0,4861.966885942355,23493.0,713.2,4874.85372703633,19199.0
exercise_1_loose_fist_3,8,exercise_1_loose_fist,0.325,0.4683748498798799,0.325,0.4,0.4898979485566357,0.4,0.3,0.45825756949558394,0.3,0.425,0.4943429983321294,0.425,0.25,0.4330127018922193,0.25,17178.2476710399,652.6173093110191,15816.6985177059,18555.665873258225,2738.967355552326,818.4734657653523,2696.6372162994667,5300.877242863577,4460.588913595496,538.8107274358965,18167.88075148007,17629.070024044173,2133.7463003803227,8315.892221239079,7612.7,3103.739923060565,8804.0,-7766.0,1577.4130720898695,5628.0,12790.9,1235.1472746195086,4840.0,-881.575,1276.9356461368757,5590.0,1517.6,5619.546008353344,23999.0,-261.725,3411.379017256071,15473.0
exercise_1_loose_fist_3,9,exercise_1_loose_fist,0.425,0.4943429983321294,0.425,0.5,0.5,0.5,0.325,0.46837484987987993,0.325,0.45,0.4974937185533102,0.45,0.3,0.45825756949558394,0.3,17010.464236502925,598.1582220909622,15569.164396331616,18695.99358151366,3126.829185182043,680.5722449317425,2313.0224224106805,4674.131122857869,3505.943182131085,717.8112565291798,15171.215837895128,14453.404581365949,1425.03330403354,6223.628788863418,8063.9,2284.571292387261,7612.0,-7834.7,1553.9066606459992,4972.0,12449.5,825.0680880994004,4108.0,-554.625,2183.4690023847375,10070.0,1056.1,4704.970253891091,21753.0,-540.425,2349.434420105188,13194.0
exercise_1_loose_fist_3,10,exercise_1_loose_fist,0.475,0.49937460888595453,0.475,0.475,0.49937460888595453,0.475,0.3,0.45825756949558394,0.3,0.45,0.4974937185533102,0.45,0.5,0.5,0.5,17114.573043993554,677.5245543956762,15144.942918347366,19788.92336636837,4643.980448021004,633.8778056663278,2612.7338005770107,4635.796136654104,5344.859605675614,635.8348842270295,28291.828608274864,27655.993724047836,2918.082249780128,21538.961735605153,8436.0,2272.2394240044337,6568.0,-7693.5,1542.38145411568,5988.0,12418.0,1123.7772021179287,4512.0,-615.25,1804.887153674711,8887.0,1321.525,6243.907594557673,37923.0,-124.8,2381.930815536001,13229.0
exercise_1_loose_fist_3,11,exercise_1_loose_fist,0.35,0.47696960070847294,0.35,0.4,0.48989794855663577,0.4,0.325,0.46837484987987993,0.325,0.375,0.4841229182759271,0.375,0.0,0.0,0.0,17094.05533021497,678.8640272905724,15022.77204779464,18736.837299821975,3714.0652520273343,900.5781609308862,2715.5629435168557,5607.373170274892,4622.486836571987,930.4563396527534,18412.738498115916,17482.282158463164,1834.99833812139,13442.383782403967,8681.5,2234.576413998859,8324.0,-7135.0,2278.8500170041907,7788.0,12475.9,745.8865798497786,3732.0,-589.375,2982.830758587386,13282.0,939.475,5006.714711202846,22845.0,-231.125,4190.722128628311,22027.0
exercise_1_loose_fist_3,12,exercise_1_loose_fist,0.4,0.48989794855663577,0.4,0.45,0.4974937185533102,0.45,0.325,0.46837484987987993,0.325,0.375,0.4841229182759271,0.375,0.35,0.47696960070847294,0.35,16989.057021146225,663.285709360414,14500.427579902602,19176.86356002983,4676.435980127228,655.8103360194731,4676.435980127228,5357.150582922837,4734.876422029354,520.7456192806618,18969.90007880906,18449.1544595284,2360.306392999312,13775.752795568045,9619.0,1740.618912915748,6516.0,-7464.7,1445.4889518775299,5128.0,11617.1,863.0726446829374,4220.0,-571.825,3162.2072503830295,14919.0,1056.175,5435.169684046213,26618.0,-455.25,3150.833363968967,16787.0
exercise_1_loose_fist_3,13,exercise_1_loose_fist,0.4,0.48989794855663577,0.4,0.4,0.48989794855663577,0.4,0.325,0.4683748498798799,0.325,0.4,0.48989794855663577,0.4,0.475,0.49937460888595453,0.475,17190.37561691732,997.9914575257186,14121.205047728752,20395.868601263344,6274.663553534592,914.9176935237136,4035.1243639127715,5115.549150678379,5088.767786703745,504.30348005937856,23754.765185116015,23250.461705056638,2583.832024652231,18437.234649237544,9355.1,2176.9342640511677,6780.0,-5632.6,1767.9383586539434,7688.0,12953.5,1266.140177863415,4820.0,-609.9,2758.5244860250928,16391.0,1757.2,5595.681818152279,31949.0,-565.35,3060.0552082437994,16582.0
exercise_1_loose_fist_3,14,exercise_1_loose_fist,0.3,0.45825756949558394,0.3,0.4,0.48989794855663577,0.4,0.35,0.47696960070847294,0.35,0.4,0.48989794855663577,0.4,0.4,0.48989794855663577,0.4,17246.924900170234,984.2490984948969,15160.927676102145,21755.74848172317,6594.820805621026,1036.022552356726,6594.820805621026,5530.356040263305,5357.192001685507,789.1210300074381,22214.480615130302,21425.359585122864,2532.4814382404434,14093.3931263761,9966.1,2162.3790578897124,7488.0,-5319.1,1862.6515481968172,5932.0,12670.8,1454.1884884704596,7836.0,-585.75,3033.968817819326,13833.0,820.25,6311.7320750725785,34220.0,403.725,3010.400056367094,16571.0
exercise_1_loose_fist_3,15,exercise_1_loose_fist,0.3,0.45825756949558394,0.3,0.425,0.4943429983321294,0.425,0.325,0.4683748498798799,0.325,0.375,0.4841229182759271,0.375,0.3,0.45825756949558394,0.3,17248.779697739985,834.2671867171263,15855.451050033234,21096.742497362004,5241.291447328769,780.0121847859358,4194.239487452494,5591.274980448929,4732.357075813895,959.9895832768187,18875.7930959205,17915.80351264368,2127.690292137204,11740.091238359466,9759.6,1856.7101658578808,5788.0,-5949.8,2131.7461293503034,7000.0,12596.1,955.5318885311992,4452.0,-430.25,3479.0589801697815,14830.0,680.025,5493.378775796822,24455.0,508.275,3235.8314386529782,19536.0
exercise_1_loose_fist_3,16,exercise_1_loose_fist,0.35,0.4769696007084729,0.35,0.4,0.4898979485566357,0.4,0.35,0.4769696007084729,0.35,0.35,0.4769696007084729,0.35,0.0,0.0,0.0,16910.560172600373,664.8544569015594,15075.957548361563,18645.281226090425,3569.323677728862,710.5185132572749,2355.028434927239,4757.878948392181,3847.7701025979336,684.3917007094694,14400.557662812924,13716.165962103454,1397.1135945192834,6200.058897493829,9473.6,2105.6379175917214,6864.0,-6065.1,1698.9702734303503,5416.0,12311.1,995.5639557557315,3744.0,-494.55,2665.3922126959105,12413.0,1097.5,4765.903802008597,24672.0,219.9,2475.308100015026,10917.0
exercise_2_fingers_straight_1,1,exercise_2_fingers_straight,0.0,0.0,0.0,0.0,0.0,0.0,0.0,0.0,0.0,0.0,0.0,0.0,0.0,0.0,0.0,16691.041417189805,42.69905917646123,16617.752916685215,16789.749730118077,171.99681343286284,51.487365185332095,151.2732508159752,1126.4063976300718,19.981300709550656,1088.159455227036,1160.5800274000928,72.42057217305683,24.64724894556326,59.654989707335744,16211.1,40.37313463183158,172.0,2075.5,39.387180655639725,172.0,3388.1,53.10734412489482,248.0,-485.35,29.91701021158364,121.0,1011.3,18.63357185297548,85.0,96.125,20.397533551878276,101.0
exercise_2_fingers_straight_1,2,exercise_2_fingers_straight,0.0,0.0,0.0,0.0,0.0,0.0,0.0,0.0,0.0,0.0,0.0,0.0,0.0,0.0,0.0,16702.388901091104,30.838234526469904,16616.965788013167,16787.875148451636,170.90936043846887,36.30556854260589,136.6222226204991,1122.5186817965478,17.072903026177688,1090.5374821618925,1164.1116784913722,73.57419632947972,22.366481322946456,70.32925040066652,16223.3,30.025156119494195,144.0,2071.0,36.723289612996275,184.0,3388.4,52.32055045581995,216.0,-482.9,23.166570743206684,92.0,1008.05,18.63591961777041,73.0,96.875,26.71533969463986,138.0
exercise_2_fingers_straight_1,3,exercise_2_fingers_straight,0.0,0.0,0.0,0.0,0.0,0.0,0.0,0.0,0.0,0.0,0.0,0.0,0.0,0.0,0.0,16693.33418427405,33.594823222531886,16623.793068971954,16777.41815655794,153.62508758598415,33.443330702444655,123.7571333322303,1124.621134560054,19.224429792781677,1086.3572156523837,1164.1331538960653,77.7759382436816,22.284267906624848,72.70060902670866,16215.6,31.4299220489011,144.0,2070.0,31.622776601683793,124.0,3381.1,64.23698311720439,324.0,-484.95,20.216268201624153,82.0,1009.475,19.16375158991579,71.0,98.0,23.367712767834167,96.0
exercise_2_fingers_straight_1,4,exercise_2_fingers_straight,0.0,0.0,0.0,0.0,0.0,0.0,0.0,0.0,0.0,0.0,0.0,0.0,0.0,0.0,0.0,16706.182073907912,42.70964104108431,16602.07264169146,16789.61297945846,187.5403377670009,51.60765448642381,126.78147328007617,1128.0990612612102,19.731522535699042,1088.0487121448193,1178.728552296923,90.67984015210368,22.956928541752514,82.20221882380474,16227.5,39.03011657681796,152.0,2079.3,42.1605265621766,168.0,3381.7,62.474874949854836,268.0,-487.15,21.955124686505428,106.0,1012.575,20.949806085021407,91.0,95.05,20.44865521250725,100.0
exercise_2_fingers_straight_1,5,exercise_2_fingers_straight,0.0,0.0,0.0,0.0,0.0,0.0,0.0,0.0,0.0,0.0,0.0,0.0,0.0,0.0,0.0,16696.97012007777,32.80257962601536,16634.07875417211,16769.253292857138,135.17453868502707,39.722149451972,90.66668883340753,1125.117068616978,19.80232074121919,1079.2464964038568,1176.877648695904,97.63115229204732,23.56416032796607,59.16544877487104,16214.9,30.515405945194296,116.0,2076.9,37.2396294288759,152.0,3398.0,68.33447153523616,288.0,-486.5,20.057417580536136,84.0,1010.0,19.613770672667712,104.0,90.9,21.177582487149,81.0
exercise_2_fingers_straight_1,6,exercise_2_fingers_straight,0.0,0.0,0.0,0.0,0.0,0.0,0.0,0.0,0.0,0.0,0.0,0.0,0.0,0.0,0.0,16687.3742429613,35.003933377138736,16603.566845711193,16751.95702000217,148.39017429097657,41.74290025246759,108.41368037568827,1123.0870299603089,20.84042069950248,1081.686183696547,1161.5528399517605,79.86665625521346,26.950395548368345,60.39799162206259,16207.4,36.45874380721311,168.0,2066.7,40.06382408108343,164.0,3393.0,56.89815462736907,268.0,-485.7,21.584948459516877,115.0,1007.7,21.576839434912607,87.0,95.1,20.482675606472903,105.0
exercise_2_fingers_straight_1,7,exercise_2_fingers_straight,0.0,0.0,0.0,0.0,0.0,0.0,0.0,0.0,0.0,0.0,0.0,0.0,0.0,0.0,0.0,16697.633115791385,42.908395763328755,16630.604078024346,16813.249061380135,182.644983355789,48.81420312754805,152.3554478910919,1123.3539389724322,21.48261611445683,1083.6886084111063,1175.6789527757992,91.99034436469287,24.078368465702543,91.99034436469287,16219.7,42.81483387799138,176.0,2071.2,31.11526956335104,124.0,3381.7,74.5594393755747,336.0,-479.625,22.984437669866974,85.0,1010.85,21.661659677873253,90.0,95.4,20.71328076379983,89.0
exercise_2_fingers_straight_1,8,exercise_2_fingers_straight,0.0,0.0,0.0,0.0,0.0,0.0,0.0,0.0,0.0,0.0,0.0,0.0,0.0,0.0,0.0,16701.60729821982,36.238874851326756,16632.514181566177,16790.551152359472,158.03697079329504,40.57064010107411,84.60827314553171,1128.7233308699156,23.721137197076455,1068.9195479548496,1182.320176601922,113.40062864707238,26.65389989146296,74.38245272029508,16225.4,39.380705935775204,164.0,2067.7,32.746144811259846,124.0,3376.4,57.54163709871313,240.0,-488.925,21.691458572442748,99.0,1012.175,21.60542466604163,85.0,98.75,18.554985852864455,81.0
exercise_2_fingers_straight_1,9,exercise_2_fingers_straight,0.0,0.0,0.0,0.0,0.0,0.0,0.0,0.0,0.0,0.0,0.0,0.0,0.0,0.0,0.0,16702.51528042671,32.62065468553158,16624.504804655084,16772.259955056743,147.7551504016592,34.81916212613671,147.7551504016592,1124.2809375869,19.601616737419924,1083.6277035956584,1169.45500127196,85.82729767630167,24.752634934088384,63.939512837943994,16224.7,30.171344020444298,164.0,2064.2,37.0615703930635,172.0,3386.3,62.90874343046442,312.0,-486.775,19.371999767705965,72.0,1008.6,18.77205369691873,71.0,93.425,26.685096495984425,151.0
exercise_2_fingers_straight_1,10,exercise_2_fingers_straight,0.0,0.0,0.0,0.0,0.0,0.0,0.0,0.0,0.0,0.0,0.0,0.0,0.0,0.0,0.0,16694.813415440505,39.33222124152723,16601.3175380751,16787.16557373519,185.8480356600885,45.23907268519981,132.86092116353393,1127.4478680930824,15.880955020484812,1092.8302704445919,1163.2600741020901,70.42980365749827,16.018969940928994,50.07182708585606,16219.6,41.76888794306116,188.0,2071.5,35.76800246029962,160.0,3368.4,51.60465095318445,284.0,-491.25,21.24705861995961,92.0,1009.825,14.50153009168343,58.0,96.775,17.049175199991346,65.0
exercise_2_fingers_straight_1,11,exercise_2_fingers_straight,0.0,0.0,0.0,0.0,0.0,0.0,0.0,0.0,0.0,0.0,0.0,0.0,0.0,0.0,0.0,16707.539313208035,38.94223424445255,16624.89987939777,16798.234669154972,173.3347897572021,42.12056880786053,126.80689931585584,1124.508433469878,16.881441144685915,1088.7244830534491,1161.7736440460335,73.04916099258435,18.7511462331669,53.437503698711,16222.5,33.354909683583315,148.0,2075.9,38.14170945303841,196.0,3414.0,80.96912991998865,388.0,-486.025,16.047566014819818,67.0,1008.875,16.023712896828872,67.0,99.15,20.25160487467598,82.0
exercise_2_fingers_straight_1,12,exercise_2_fingers_straight,0.0,0.0,0.0,0.0,0.0,0.0,0.0,0.0,0.0,0.0,0.0,0.0,0.0,0.0,0.0,16709.910133732574,37.21454798176106,16610.075978152538,16798.03845691514,187.96247876260168,48.18590835126489,131.81113172847472,1127.723030938403,19.033929996264234,1088.9430655456695,1169.1680803032557,80.22501475758622,21.225517090838395,64.62877877092956,16229.7,36.855257426858365,184.0,2064.1,30.11295402314425,164.0,3399.0,57.83251680499475,228.0,-490.875,20.018975373380126,83.0,1010.75,21.562409420099602,90.0,90.85,20.69486651322013,96.0
exercise_2_fingers_straight_1,13,exercise_2_fingers_straight,0.0,0.0,0.0,0.0,0.0,0.0,0.0,0.0,0.0,0.0,0.0,0.0,0.0,0.0,0.0,16705.02119319631,36.217880420568314,16565.913436934286,16755.22318562185,189.30974868756311,38.67300537790344,124.65827286642889,1125.3064639054453,20.238263083162575,1073.4113843256928,1160.2107567162097,86.79937239051696,26.929801338934723,74.63521751588746,16223.4,33.38921981718052,184.0,2068.2,26.742475577253508,116.0,3402.6,58.04515483655807,260.0,-486.05,21.249647055892478,105.0,1010.35,19.226999245852173,89.0,92.825,15.323001501011477,79.0
exercise_2_fingers_straight_1,14,exercise_2_fingers_straight,0.0,0.0,0.0,0.0,0.0,0.0,0.0,0.0,0.0,0.0,0.0,0.0,0.0,0.0,0.0,16708.0551347946,35.014463636334504,16607.126662972136,16775.25987876194,168.13321578980322,43.09573307181563,137.76246774473475,1122.6703024508365,15.663396660587361,1085.2603374306093,1166.4205930966755,81.16025566606618,15.792047395426012,57.30788466709487,16221.9,31.112537665706412,144.0,2080.5,37.13960150567046,164.0,3416.9,65.26553454925501,280.0,-485.6,21.17285998631267,82.0,1007.475,15.631678572693335,72.0,93.575,19.281970205349868,88.0
exercise_2_fingers_straight_1,15,exercise_2_fingers_straight,0.0,0.0,0.0,0.0,0.0,0.0,0.0,0.0,0.0,0.0,0.0,0.0,0.0,0.0,0.0,16710.363506931863,37.61736567137215,16638.294624149436,16781.84590562075,143.55128147131472,39.30264588222855,100.14515130639484,1125.2152405102868,15.574418877706767,1093.5520106515282,1168.5893205057114,75.03730985418315,17.93159254612994,68.78024616598759,16228.0,33.538038106007335,124.0,2071.0,32.66496594212215,136.0,3405.1,61.161998005297384,296.0,-487.225,19.09121198352792,94.0,1009.575,18.00817522682406,87.0,93.65,16.215039315400997,70.0
exercise_2_fingers_straight_1,16,exercise_2_fingers_straight,0.0,0.0,0.0,0.0,0.0,0.0,0.0,0.0,0.0,0.0,0.0,0.0,0.0,0.0,0.0,16702.47265586281,37.74626014567897,16616.932087482335,16778.686480174783,161.75439269244816,49.9922971226405,125.79099620563647,1124.3353092686132,15.921285496238044,1094.8264702682338,1167.0432725481949,72.21680227996103,18.777654661748784,63.70706034432146,16220.5,36.6626512952896,184.0,2065.2,33.73069818429498,148.0,3405.5,66.58941357302976,260.0,-490.225,23.564260544307345,88.0,1006.4,19.20520762709948,92.0,99.2,21.380130963116198,79.0
exercise_2_fingers_straight_1,17,exercise_2_fingers_straight,0.0,0.0,0.0,0.0,0.0,0.0,0.0,0.0,0.0,0.0,0.0,0.0,0.0,0.0,0.0,16703.342230153805,34.28034947918612,16617.78950402249,16772.939158060522,155.14965403803217,42.96735266932023,137.35442254525333,1129.2972019995382,17.81444795704545,1087.8506331293834,1172.0042662038393,84.15363307445591,22.24417293812324,60.306150589634626,16221.3,34.58771458191476,136.0,2063.3,34.68587608811401,156.0,3406.8,79.69040092758978,336.0,-490.0,19.76486782146544,82.0,1012.1,19.045734430575262,78.0,100.375,18.830410908952572,69.0
exercise_2_fingers_straight_1,18,exercise_2_fingers_straight,0.0,0.0,0.0,0.0,0.0,0.0,0.0,0.0,0.0,0.0,0.0,0.0,0.0,0.0,0.0,16691.468453555433,36.93323657556449,16597.9979515603,16771.084639939065,173.08668837876394,41.21609347473965,119.20803508710742,1125.0955910350522,17.02016549526133,1080.817283355517,1165.1115826391908,84.29429928367381,18.640469261236387,58.007988580437086,16213.7,36.33056564382116,172.0,2054.4,33.73781261433528,124.0,3390.5,62.51199884822113,272.0,-485.5,26.315394733881533,128.0,1009.875,19.09474731437942,96.0,94.6,23.78528957149776,111.0
exercise_2_fingers_straight_1,19,exercise_2_fingers_straight,0.0,0.0,0.0,0.0,0.0,0.0,0.0,0.0,0.0,0.0,0.0,0.0,0.0,0.0,0.0,16696.3881585248,37.969196367245885,16609.52016164224,16768.58300513195,159.06284348971167,37.34426167795988,98.77390175262553,1122.6242172939005,22.86955935860766,1073.9110763931994,1179.2489135038454,105.33783711064598,27.009788404846898,73.70922629221036,16221.9,40.437482612051916,160.0,2062.1,39.81946760065985,184.0,3370.6,66.01545273646164,276.0,-491.75,24.50280596176691,108.0,1003.55,20.463320844867777,93.0,98.5,34.00147055643329,151.0
exercise_2_fingers_straight_1,20,exercise_2_fingers_straight,0.0,0.0,0.0,0.0,0.0,0.0,0.0,0.0,0.0,0.0,0.0,0.0,0.0,0.0,0.0,16708.850683608387,36.23855515420662,16634.478410818898,16789.806907764007,155.32849694510878,44.502459566691236,139.63116316445667,1128.6291506189007,28.15608945252784,1067.4010492781051,1240.3342291495467,172.93317987144155,31.187455759209872,123.30423850471175,16228.2,35.59719090040674,160.0,2033.9,39.22231507700685,212.0,3419.0,58.42431000876262,272.0,-490.475,22.16978518163854,109.0,1010.5,28.259511673063283,165.0,95.5,50.101896171701924,250.0
exercise_2_fingers_straight_1,21,exercise_2_fingers_straight,0.0,0.0,0.0,0.0,0.0,0.0,0.0,0.0,0.0,0.0,0.0,0.0,0.0,0.0,0.0,16702.012363684546,33.49333260204683,16630.255800798735,16786.109019066927,155.853218268192,37.48222794388895,155.853218268192,1130.0409022707768,24.65987013446766,1086.0363713983063,1189.544450619648,103.50807922134163,27.351480027553887,64.84518603681886,16225.8,32.409257936583494,136.0,2030.8,37.193547827546645,152.0,3398.7,63.317533116823164,296.0,-491.8,23.64444966583067,104.0,1011.75,27.081128115349998,113.0,98.6,32.876131159246825,137.0
exercise_2_fingers_straight_1,22,exercise_2_fingers_straight,0.0,0.0,0.0,0.0,0.0,0.0,0.0,0.0,0.0,0.0,0.0,0.0,0.0,0.0,0.0,16687.878924373894,27.059294842903444,16643.63854450102,16768.24093338356,124.60238888254025,31.316818285254275,106.3807731253437,1128.4419695519587,19.310524428314814,1087.5228733226718,1169.0491863048364,81.52631298216465,24.150320649990174,61.789094769543,16211.5,30.92167524569133,144.0,2022.7,26.266137896538957,112.0,3402.2,73.32639361103205,316.0,-491.9,24.183465425782135,119.0,1010.05,20.71949565023241,82.0,99.725,25.066897993170205,112.0
exercise_2_fingers_straight_1,23,exercise_2_fingers_straight,0.0,0.0,0.0,0.0,0.0,0.0,0.0,0.0,0.0,0.0,0.0,0.0,0.0,0.0,0.0,16705.534056537203,34.886757886390846,16627.111354652076,16780.772330259417,153.66097560734124,37.90825922353188,122.37888444248892,1125.3482589265936,22.713897307244693,1080.2508967827798,1172.8912993112363,92.64040252845643,24.19302555677232,72.47298662453022,16231.4,35.93939342838162,156.0,2010.1,34.25769986441004,160.0,3401.8,50.28677758616075,220.0,-488.475,17.4885498255287,78.0,1007.825,23.379357882542454,97.0,99.325,43.447317235935294,252.0
exercise_2_fingers_straight_1,24,exercise_2_fingers_straight,0.0,0.0,0.0,0.0,0.0,0.0,0.0,0.0,0.0,0.0,0.0,0.0,0.0,0.0,0.0,16706.52983708562,37.810085530221336,16623.922040240683,16771.364643343724,147.44260310304162,37.889692641967905,141.29741557822854,1125.2080477577724,17.826223973200776,1079.4693140613122,1171.172916353516,91.70360229220387,20.77419947968085,62.97347581945769,16228.5,35.30651497953317,148.0,2006.8,31.9274176844918,120.0,3422.3,60.88604109317669,248.0,-484.7,20.189353630069487,99.0,1010.475,17.083599591421006,75.0,95.6,24.047661008921434,93.0
exercise_2_fingers_straight_1,25,exercise_2_fingers_straight,0.0,0.0,0.0,0.0,0.0,0.0,0.0,0.0,0.0,0.0,0.0,0.0,0.0,0.0,0.0,16701.55583025329,48.92084353680982,16598.4857140644,16787.197026305494,188.71131224109195,53.77434387322827,126.1703436281241,1126.2147657528403,16.497011858985655,1093.1870837144024,1166.76990019455,73.58281648014759,18.913541165092795,73.58281648014759,16228.3,51.49281503277907,220.0,1999.7,31.67822596042903,116.0,3403.1,55.63083677242326,240.0,-485.9,22.34367919569201,101.0,1010.625,17.596430746034834,73.0,99.025,23.565321449112464,105.0
exercise_2_fingers_straight_1,26,exercise_2_fingers_straight,0.0,0.0,0.0,0.0,0.0,0.0,0.0,0.0,0.0,0.0,0.0,0.0,0.0,0.0,0.0,16709.69199869518,38.221835936725185,16641.566272439624,16774.18254342071,132.6162709810851,45.97920688091957,112.96281493042625,1124.2395681110297,17.79166921695211,1078.1433114386973,1170.7027803845006,92.55946894580325,22.36216881348426,62.10321336311654,16239.0,38.99487145766735,148.0,2003.1,30.93848735798181,140.0,3389.8,67.19494028570901,300.0,-487.4,18.228823330100052,78.0,1008.35,17.643058124939685,99.0,94.15,19.871524853417768,92.0
exercise_2_fingers_straight_1,27,exercise_2_fingers_straight,0.0,0.0,0.0,0.0,0.0,0.0,0.0,0.0,0.0,0.0,0.0,0.0,0.0,0.0,0.0,16703.409173655582,31.792726188067594,16655.197387002052,16774.488725442574,119.29133844052194,40.364915484986106,97.24386793150916,1121.6789108613395,17.035138065754094,1086.6195286299617,1163.8376175394917,77.21808890953002,19.369848023145522,54.34061943319239,16225.1,36.08864087216362,172.0,2004.8,39.20408142017869,172.0,3423.9,76.5845284636525,360.0,-482.325,20.901420406278614,93.0,1007.475,19.4871592337108,82.0,97.375,22.627071728352302,91.0
exercise_2_fingers_straight_1,28,exercise_2_fingers_straight,0.0,0.0,0.0,0.0,0.0,0.0,0.0,0.0,0.0,0.0,0.0,0.0,0.0,0.0,0.0,16690.243624288767,37.18819555083459,16615.15934320222,16776.19742373104,161.03808052881868,47.30104261429826,125.34471283361927,1123.1637178796855,20.486894315208406,1072.5828639317338,1163.8853036274666,91.3024396957328,25.68944670375087,64.91624127857585,16216.3,34.63394288844398,152.0,2009.1,36.75853642353026,196.0,3399.2,60.293946628164925,280.0,-488.35,19.086055118855757,80.0,1006.25,19.516339308384655,88.0,98.25,22.213453130929462,90.0
exercise_2_fingers_straight_2,1,exercise_2_fingers_straight,0.0,0.0,0.0,0.0,0.0,0.0,0.0,0.0,0.0,0.0,0.0,0.0,0.0,0.0,0.0,16695.74040185725,41.83818580519347,16615.282122191005,16786.35684119696,171.07471900595556,49.40358852727812,112.09931649739883,1126.8204731045037,15.55542968041407,1092.872819682144,1161.8149594492231,68.9421397670792,18.86863929246196,50.65790484352965,16232.7,38.62525080824717,156.0,1951.9,35.46815473068764,144.0,3381.1,66.69325303207215,308.0,-492.95,16.914416927579857,88.0,1008.25,18.46178485412502,70.0,97.05,18.786897029578885,82.0
exercise_2_fingers_straight_2,2,exercise_2_fingers_straight,0.0,0.0,0.0,0.0,0.0,0.0,0.0,0.0,0.0,0.0,0.0,0.0,0.0,0.0,0.0,16696.423870793536,31.904965064715967,16620.29698892291,16756.785371902333,136.48838297942348,35.75046994927825,95.23897045499689,1122.2964762122213,16.651410800020596,1088.8245956075752,1158.867119216004,70.04252360842884,17.562835807031433,59.68151159552576,16235.7,28.543125266865932,132.0,1956.9,33.12385847089678,136.0,3367.2,65.02430314889965,276.0,-488.75,19.024655056005614,74.0,1005.275,18.44856024192674,86.0,96.475,19.040729371534063,86.0
exercise_2_fingers_straight_2,3,exercise_2_fingers_straight,0.0,0.0,0.0,0.0,0.0,0.0,0.0,0.0,0.0,0.0,0.0,0.0,0.0,0.0,0.0,16698.454664802946,29.52638685558274,16641.48695279361,16766.30239498262,124.81544218901035,35.52714942510843,107.33964215794185,1125.6062076823057,19.355625204524937,1088.4378714469651,1184.6227247524841,96.18485330551903,23.06121749146016,72.2837476416396,16232.6,31.642376649044554,140.0,1946.4,29.581075031174922,116.0,3398.2,62.00612872934416,252.0,-493.725,19.72179948686225,77.0,1006.275,19.87333326344627,107.0,99.475,18.194762295781718,77.0
exercise_2_fingers_straight_2,4,exercise_2_fingers_straight,0.0,0.0,0.0,0.0,0.0,0.0,0.0,0.0,0.0,0.0,0.0,0.0,0.0,0.0,0.0,16699.81641539034,34.9698764534922,16603.568291183674,16795.56655787473,191.9982666910546,35.75530506686249,115.25912665512442,1121.4323975080258,23.367773094610765,1049.4279394031778,1171.8109915852472,122.38305218206938,28.023979587127517,89.53474655277569,16236.2,33.08111243595052,180.0,1940.9,33.07551964822322,140.0,3390.9,58.45331470498488,232.0,-489.925,25.25904540951617,120.0,1003.725,21.039234182830896,95.0,95.525,21.46157904255882,95.0
exercise_2_fingers_straight_2,5,exercise_2_fingers_straight,0.0,0.0,0.0,0.0,0.0,0.0,0.0,0.0,0.0,0.0,0.0,0.0,0.0,0.0,0.0,16698.358311528027,38.596629680901366,16635.47294187935,16784.05052423282,148.57758235347137,39.46432411314396,109.93646150942368,1125.5245438742654,14.09968569249385,1089.6063509359699,1152.1918243070465,62.58547337107666,15.750013322006668,38.582944256150995,16234.6,31.579107017140306,144.0,1946.7,45.645481704107354,200.0,3387.9,61.92568126391505,288.0,-496.375,18.86224734754584,79.0,1004.9,14.049555153100046,69.0,97.475,27.158780808423636,119.0
exercise_2_fingers_straight_2,6,exercise_2_fingers_straight,0.0,0.0,0.0,0.0,0.0,0.0,0.0,0.0,0.0,0.0,0.0,0.0,0.0,0.0,0.0,16700.312720538524,32.90951562982582,16628.70915014151,16783.11389462635,154.4047444848402,32.60233021864433,115.55690507325926,1125.0712752091968,17.46212183989264,1089.474185100317,1162.372143506545,72.89795840622787,17.97597946971261,52.860875280910705,16234.9,29.731969325962904,128.0,1944.8,37.1397361326114,180.0,3397.1,68.92887638718624,264.0,-498.275,19.03022267342135,77.0,1003.825,20.406968785196884,91.0,94.95,18.804188363234406,91.0
exercise_2_fingers_straight_2,7,exercise_2_fingers_straight,0.0,0.0,0.0,0.0,0.0,0.0,0.0,0.0,0.0,0.0,0.0,0.0,0.0,0.0,0.0,16693.812638864107,34.76173903912367,16626.292912131677,16776.289935501234,149.9970233695567,40.84734445005261,96.55276187588606,1126.868522874172,18.433858938979903,1096.0661476389096,1161.0297153819965,64.96356774308697,17.44201741062644,45.46640902152967,16232.3,31.539023447151934,148.0,1944.3,34.61083645334217,160.0,3378.0,60.38542870593866,216.0,-492.85,20.796093383133286,108.0,1007.875,21.063223281349888,78.0,100.95,19.80650145785469,94.0
exercise_2_fingers_straight_2,8,exercise_2_fingers_straight,0.0,0.0,0.0,0.0,0.0,0.0,0.0,0.0,0.0,0.0,0.0,0.0,0.0,0.0,0.0,16703.74008521877,29.95939678309378,16648.715986525807,16768.636438303503,119.92045177769614,38.63818612777639,107.67896281608773,1124.35991536899,19.314650176409856,1077.9675319785842,1163.2235382762851,85.25600629770088,27.731034457054577,62.66474882009629,16235.3,25.81298123038097,108.0,1951.2,41.26208913760912,172.0,3408.5,58.66642992376475,240.0,-488.7,21.92623998774072,90.0,1007.75,19.959646790462,82.0,95.275,14.630426343753621,67.0
exercise_2_fingers_straight_2,9,exercise_2_fingers_straight,0.0,0.0,0.0,0.0,0.0,0.0,0.0,0.0,0.0,0.0,0.0,0.0,0.0,0.0,0.0,16696.872230108365,37.1285797741085,16606.812096245325,16767.693222384525,160.8811261392002,42.677207540695704,113.58454976759094,1122.8464017633428,14.973578300251397,1075.4585068704419,1150.2421484191927,74.7836415487509,17.84136189530851,72.95779395430691,16228.1,34.47303293880595,140.0,1939.5,38.999358969090764,136.0,3415.8,60.26574483070792,308.0,-501.825,19.49600920701465,91.0,999.05,17.84089403589405,91.0,99.925,19.890182880003895,87.0
exercise_2_fingers_straight_2,10,exercise_2_fingers_straight,0.0,0.0,0.0,0.0,0.0,0.0,0.0,0.0,0.0,0.0,0.0,0.0,0.0,0.0,0.0,16692.70992574864,39.80119109754974,16596.49023137121,16791.980466877634,195.49023550642596,41.889732610722625,131.98078007606819,1125.503589785916,17.40673372626299,1080.845039772122,1157.5534544892516,76.7084147171297,18.223986843227376,62.753861825493004,16227.0,33.17529201077211,160.0,1947.4,39.085035499536126,176.0,3396.0,69.34551175094175,332.0,-494.4,19.441964921272746,97.0,1005.95,15.918464121893166,68.0,98.075,21.082442339539316,93.0
exercise_2_fingers_straight_2,11,exercise_2_fingers_straight,0.0,0.0,0.0,0.0,0.0,0.0,0.0,0.0,0.0,0.0,0.0,0.0,0.0,0.0,0.0,16705.027380225874,38.42168533433666,16601.680396875494,16778.404214942493,176.72381806699923,46.134677370754595,113.0749908943726,1122.7006062614846,16.67104376142396,1095.352454692096,1161.3565344027647,66.00407971066875,18.379245556107605,59.88933107803564,16240.9,36.840059717649744,192.0,1942.1,33.51402691411462,148.0,3393.4,56.45210359233746,288.0,-496.525,22.178804634154652,87.0,1001.35,16.804091763615194,71.0,102.2,16.630093204789922,77.0
exercise_2_fingers_straight_2,12,exercise_2_fingers_straight,0.0,0.0,0.0,0.0,0.0,0.0,0.0,0.0,0.0,0.0,0.0,0.0,0.0,0.0,0.0,16706.731848064803,36.14632563911137,16611.077749501987,16783.71544086708,172.6376913650929,42.287589927732206,118.4396374401731,1129.184135568725,16.65722005351269,1100.4003816793231,1163.6928288856986,63.29244720637553,20.983706164620564,56.37044630932883,16240.2,35.06508234697304,160.0,1937.9,37.79933861855257,140.0,3407.4,60.08360841360977,308.0,-490.075,16.564098979419313,73.0,1012.35,19.160571494608405,82.0,97.3,14.123030836190933,71.0
exercise_2_fingers_straight_2,13,exercise_2_fingers_straight,0.0,0.0,0.0,0.0,0.0,0.0,0.0,0.0,0.0,0.0,0.0,0.0,0.0,0.0,0.0,16698.65915651345,34.853616593276385,16621.58259613085,16775.161161669952,153.57856553910096,38.77799364980064,116.92773185234182,1120.3970846015561,17.31827983186037,1087.8630428505235,1153.7291709929154,65.86612814239197,20.106737265889763,57.97554905046445,16232.8,34.1666504065002,164.0,1945.1,36.953890187637896,188.0,3399.0,59.064371663465614,252.0,-490.5,19.750949344272037,77.0,1002.325,20.338863660489984,91.0,95.725,19.412608660352685,101.0
exercise_2_fingers_straight_3,1,exercise_2_fingers_straight,0.0,0.0,0.0,0.025,0.15612494995995996,0.025,0.0,0.0,0.0,0.0,0.0,0.0,0.0,0.0,0.0,16879.862342232416,744.6320616814558,15002.607773317277,18765.584669815114,3762.9768964978375,642.4581576913554,2661.303005442902,4391.3763582629945,4170.777883691343,788.2670867161713,17482.796687029222,16694.52960031305,2118.5507184069024,10994.281802404143,-3737.8,1468.3874011990158,6280.0,-9396.4,1365.1756810022657,6324.0,13339.2,1125.4443389168562,5656.0,-1118.8,2771.9408561511545,13645.0,639.025,3886.0823169839064,21660.0,-428.45,3471.404153581083,17438.0
exercise_2_fingers_straight_3,2,exercise_2_fingers_straight,0.0,0.0,0.0,0.275,0.44651427748729344,0.275,0.0,0.0,0.0,0.0,0.0,0.0,0.0,0.0,0.0,16989.502272280275,663.7609058866738,15612.672288881235,18703.981608203103,3091.3093193218683,686.3523658595714,2236.306814926027,4487.684773525378,3399.9595032100724,472.0868564152152,11971.235358140779,11499.148501725564,1887.0940627525545,7062.923774084247,-3076.2,2099.9897047366685,5912.0,-9467.7,1130.9894385006432,4580.0,13524.2,1179.1254216579339,3964.0,-325.45,1614.2011484012764,8154.0,1611.05,4418.999162423546,21525.0,-177.15,2614.011931399702,11697.0
exercise_2_fingers_straight_3,3,exercise_2_fingers_straight,0.0,0.0,0.0,0.4,0.4898979485566357,0.4,0.0,0.0,0.0,0.0,0.0,0.0,0.225,0.41758232721225175,0.225,17042.615376207505,362.8502978577012,16132.198362281564,18739.294757274085,2607.096394992521,313.8225433997126,1726.702244667431,4725.312538243623,3668.2719284313716,716.8653988023135,14125.750847300118,13408.885448497804,1639.12068864899,7766.094567279947,-28.0,2481.1969692065963,7076.0,-9045.0,1025.2858138099834,3692.0,14179.0,719.7220296753462,2100.0,-896.9,1370.0029707996985,6979.0,1267.3,4957.622193148647,21736.0,-394.675,2600.696891099576,14579.0
exercise_2_fingers_straight_3,4,exercise_2_fingers_straight,0.0,0.0,0.0,0.425,0.4943429983321294,0.425,0.0,0.0,0.0,0.225,0.4175823272122517,0.225,0.0,0.0,0.0,17126.247042524312,744.3062799864018,15320.534716516913,19300.133885545976,3979.599169029063,774.56880877122,2342.013683982941,8496.236174383397,7122.843632924914,1019.2286298961583,24908.234983635433,23889.006353739274,2951.278525952835,10071.92132423877,8234.3,3686.060215189112,13828.0,-5415.5,2910.3086004752145,11204.0,13151.4,1309.4788428989605,5108.0,-1721.175,2017.2208962766074,9025.0,1952.0,4367.151239652687,17776.0,-5886.675,7638.982296050634,26540.0
exercise_2_fingers_straight_3,5,exercise_2_fingers_straight,0.0,0.0,0.0,0.575,0.4943429983321296,0.575,0.275,0.4465142774872937,0.275,0.35,0.47696960070847294,0.35,0.0,0.0,0.0,17129.946581853033,641.4035413541907,15623.237564602287,19551.988952533702,3928.7513879314156,697.9244350774038,3786.410244474806,4552.662299230628,4931.942476262683,465.9935621872903,18097.97811911596,17631.98455692867,1611.5114098150352,9877.549344274543,8933.3,1637.5165067870307,5424.0,-5052.7,1196.1812195482757,7260.0,13535.3,1093.7030264198781,3848.0,-211.875,2444.7572086763544,14241.0,334.35,4032.9642668265733,18974.0,1087.375,4633.582489216632,25597.0
exercise_2_fingers_straight_3,6,exercise_2_fingers_straight,0.0,0.0,0.0,0.25,0.4330127018922193,0.25,0.05,0.21794494717703367,0.05,0.0,0.0,0.0,0.0,0.0,0.0,17230.35116753563,534.386979073588,16004.635328554037,18896.814123020842,2892.178794466805,573.4627156201242,1807.3937700656243,4977.309836541166,5210.8669879464915,412.84500723637194,20537.272895883718,20124.427888647348,1940.3092432918597,13697.390646610944,7183.3,1345.7411006579237,4780.0,-6319.2,1119.0339405040402,4692.0,14209.4,817.42206968004,4008.0,-29.775,3456.0852599979366,20818.0,229.35,4267.997150596517,22585.0,824.0,4586.279428905308,27150.0
exercise_2_fingers_straight_3,7,exercise_2_fingers_straight,0.0,0.0,0.0,0.275,0.44651427748729344,0.275,0.175,0.37996710383926624,0.175,0.125,0.33071891388307384,0.125,0.0,0.0,0.0,17144.539807677054,754.1678745325044,15414.722313424916,18774.819306720372,3360.096993295456,912.1939417560035,3292.751700989751,5341.003727427371,4372.19638266706,702.0320505504004,16257.312200975904,15555.280150425504,1803.9959193865482,6923.297837834834,7941.7,1487.5023058805657,6308.0,-7502.4,1718.942884449626,7608.0,12999.3,999.0903412604889,4908.0,-807.625,3678.127089209262,19721.0,680.7,4934.755425550491,22470.0,-68.25,2939.6808223853145,16529.0
exercise_2_fingers_straight_3,8,exercise_2_fingers_straight,0.0,0.0,0.0,0.35,0.4769696007084728,0.35,0.0,0.0,0.0,0.0,0.0,0.0,0.0,0.0,0.0,17061.213995895123,618.40713633678,15605.997308727181,18953.322452804943,3347.325144077762,560.6804199675709,1989.7398123365674,6972.216098851862,6912.39239669674,733.4971029254308,23547.503604416328,22814.006501490898,2587.861961137519,9895.595046155531,5412.8,4207.2524240886705,15808.0,-8052.0,1625.8386143772082,6464.0,13243.6,1263.7552927683428,5220.0,143.1,2916.267501447698,14269.0,2332.125,4410.31183244167,24743.0,4376.75,6619.839438196368,23347.0
exercise_2_fingers_straight_3,9,exercise_2_fingers_straight,0.0,0.0,0.0,0.7,0.45825756949558405,0.7,0.0,0.0,0.0,0.05,0.21794494717703367,0.05,0.0,0.0,0.0,17199.31488767174,562.7121775058097,16220.020715153232,19293.91613955031,3073.8954243970784,531.5388096178862,1565.7426767003526,4627.319565248392,3626.8821101697567,187.96010214936572,18590.261240767974,18402.301138618608,1763.1460264104664,7727.835130547477,-4426.8,2817.1659802006698,8812.0,-4177.9,1793.766314211525,7996.0,15714.1,997.3516882223641,4268.0,143.475,2393.4290880189037,11349.0,1713.375,3645.1089262702426,18235.0,2541.65,2476.8557946517603,11474.0
exercise_2_fingers_straight_3,10,exercise_2_fingers_straight,0.15,0.3570714214271425,0.15,0.325,0.4683748498798798,0.325,0.0,0.0,0.0,0.325,0.4683748498798798,0.325,0.0,0.0,0.0,17113.487024281007,482.06956942509026,16252.929335968947,19057.05496659964,2804.125630630693,438.5432984385491,2314.9045670840496,3257.096028169558,2565.950270032934,472.2679324281927,11472.507572453374,11000.239640025182,1390.0265998903417,7121.310685597873,-6983.1,1989.720480369039,7148.0,-3999.2,2113.8800722841397,6612.0,14818.0,588.1686832873712,3096.0,-1074.825,2124.3616910439237,10788.0,65.1,1536.2523034970525,8665.0,-1174.75,2789.3130404276963,13354.0
exercise_2_fingers_straight_3,11,exercise_2_fingers_straight,0.55,0.4974937185533101,0.55,0.4,0.4898979485566357,0.4,0.0,0.0,0.0,0.0,0.0,0.0,0.175,0.37996710383926635,0.175,17107.09923479292,422.34461159966247,15888.025176213689,17886.74816728854,1998.722991074852,413.6993767884585,1510.5913531883525,3311.921025327259,2416.685141261731,349.1861967489551,9075.273990354232,8726.087793605277,1274.2320545857558,5786.029396226273,-3411.5,1555.3443830869098,6220.0,-6760.9,725.4336565117447,3264.0,15242.4,454.9837799306696,2144.0,-744.85,1084.8496335898353,5312.0,578.9,2990.977438898529,11977.0,228.15,2396.7402920425066,10513.0
exercise_2_fingers_straight_3,12,exercise_2_fingers_straight,0.225,0.4175823272122518,0.225,0.55,0.4974937185533102,0.55,0.0,0.0,0.0,0.0,0.0,0.0,0.275,0.44651427748729344,0.275,17083.26986884633,769.767359769859,15297.944437080427,19117.002693937142,3819.058256856715,639.1896955086305,1568.5815298799062,5918.2113792882965,5259.836246981696,440.52014709885856,18141.125819529505,17700.605672430647,2116.297223819864,7424.681239644006,-1343.7,4072.472898620689,14324.0,-7466.5,1116.6298177999724,4164.0,14702.8,933.9559732664061,3448.0,-952.1,1986.2976463762927,9915.0,1099.55,5394.876583157395,24737.0,-1914.525,4884.682282336795,22596.0
exercise_2_fingers_straight_3,13,exercise_2_fingers_straight,0.0,0.0,0.0,0.4,0.48989794855663577,0.4,0.0,0.0,0.0,0.425,0.4943429983321294,0.425,0.0,0.0,0.0,17195.311205663405,459.59432153434943,16300.667961773837,18256.857999119125,1956.1900373452881,518.3183428130667,1804.6143446825463,3930.1090881484984,3130.7544107215713,430.01976698751884,12650.063478101602,12220.043711114082,1395.1380525654135,4262.134691771493,-239.7,1382.7073117619652,6572.0,-9208.6,1171.4437417136173,6312.0,14392.5,778.4395609165814,3044.0,-901.925,2157.1913497358087,10918.0,1655.075,3340.823299633639,13447.0,142.475,2420.6950859980284,12081.0
exercise_2_fingers_straight_3,14,exercise_2_fingers_straight,0.0,0.0,0.0,0.375,0.4841229182759271,0.375,0.175,0.37996710383926646,0.175,0.25,0.4330127018922193,0.25,0.0,0.0,0.0,16973.63322299684,439.2575681510447,15832.776635827337,17942.461369611472,2109.6847337841355,496.3285705894576,1522.5337906674904,4543.593675587699,4280.2188829730985,352.7166001196995,21514.842644091077,21162.126043971377,1608.2901172298984,11444.671146047958,2124.7,2373.0154466416775,7192.0,-8994.8,1753.4594834212735,6388.0,13907.1,873.5799848897638,4428.0,-503.425,2465.225911427795,12140.0,1043.5,4913.185626454592,23896.0,459.8,2682.17082975712,13081.0
exercise_3_wrist_clockwise_1,1,exercise_3_wrist_clockwise,0.0,0.0,0.0,0.0,0.0,0.0,0.0,0.0,0.0,0.0,0.0,0.0,0.0,0.0,0.0,16684.90908365519,32.71804028836608,16578.24164379323,16762.27860405619,184.03696026296166,42.08077156263253,131.30293408201396,1121.4673144142253,17.43380912324875,1074.9334863143858,1152.0008680552285,77.06738174084262,15.970440059448848,60.00131357501755,16212.7,31.31628969083024,148.0,1994.2,35.0079990859232,136.0,3398.9,63.71177285243286,244.0,-489.75,20.017180121085985,88.0,1004.15,17.63455414803561,72.0,93.125,20.896396220401257,94.0
exercise_3_wrist_clockwise_1,2,exercise_3_wrist_clockwise,0.0,0.0,0.0,0.0,0.0,0.0,0.0,0.0,0.0,0.0,0.0,0.0,0.0,0.0,0.0,16702.615819198818,31.330436472288145,16617.68648157739,16760.035322158485,142.3488405810931,39.48686264170987,127.39470664023975,1120.364834379185,18.571830456414848,1066.8772188026137,1150.2460606322459,83.36884182963217,22.505625947654845,50.91990338863684,16231.8,30.814931445648234,136.0,1984.7,42.17001304244522,188.0,3400.3,56.77596322388551,284.0,-482.65,19.437785367680135,87.0,1006.3,18.890738471536785,93.0,93.975,20.138877203061742,92.0
exercise_3_wrist_clockwise_1,3,exercise_3_wrist_clockwise,0.0,0.0,0.0,0.0,0.0,0.0,0.0,0.0,0.0,0.0,0.0,0.0,0.0,0.0,0.0,16693.16007156027,36.18874501528636,16617.52905819635,16792.171032954615,174.64197475826586,39.274953888439015,122.16986382730829,1121.5920811803555,16.274318219811033,1084.7423657256131,1152.713754580902,67.97138885528898,15.763374379156497,63.78859645477996,16220.0,32.826818304550926,156.0,1984.7,30.250785113778456,136.0,3410.0,73.32121111929344,332.0,-485.2,19.552749167316602,80.0,1006.0,18.230469001098136,80.0,97.95,21.673659128075258,90.0
exercise_3_wrist_clockwise_1,4,exercise_3_wrist_clockwise,0.0,0.0,0.0,0.0,0.0,0.0,0.0,0.0,0.0,0.0,0.0,0.0,0.0,0.0,0.0,16707.057820705762,37.075269309407425,16631.55554961712,16783.739273475385,152.1837238582666,43.05865560704236,94.0892634377451,1127.8024614079236,18.093729362122605,1087.6644703216152,1173.59660872039,85.93213839877467,19.829776636527633,80.48728207460567,16235.6,40.29689814365367,168.0,1985.3,37.761223497127304,172.0,3403.6,59.071482121240194,248.0,-483.85,27.54682377334998,142.0,1013.875,14.80403238985919,70.0,94.35,18.235336574903137,90.0
exercise_3_wrist_clockwise_1,5,exercise_3_wrist_clockwise,0.0,0.0,0.0,0.0,0.0,0.0,0.0,0.0,0.0,0.0,0.0,0.0,0.0,0.0,0.0,16702.561362104458,38.68262058543622,16642.642097936252,16787.361436509313,144.71933857306067,50.766445362904705,139.45514172257026,1128.7302548548132,18.118685807444887,1082.9741455824326,1171.2851915737688,88.31104599133619,23.22436807935996,65.97301847514586,16233.1,36.09972299062694,136.0,1987.4,30.84866285594888,152.0,3392.2,66.95042942356679,260.0,-483.6,21.68040590025934,101.0,1014.4,17.304334717058612,72.0,100.925,22.99172405453754,83.0
exercise_3_wrist_clockwise_1,6,exercise_3_wrist_clockwise,0.0,0.0,0.0,0.0,0.0,0.0,0.0,0.0,0.0,0.0,0.0,0.0,0.0,0.0,0.0,16708.708049068584,35.06181670636005,16636.814118093644,16788.095782428692,151.28166433504884,40.872155053092754,105.8292697512261,1122.536871099859,18.255766796808164,1051.4894198231384,1158.1627692168315,106.67334939369312,17.925556049772112,68.88060833720124,16233.1,29.86620163328439,148.0,1987.0,27.73806049456234,120.0,3422.6,67.80294978833885,276.0,-483.7,19.407730418572903,90.0,1008.225,18.273597757420404,99.0,94.275,18.455334594636856,81.0
exercise_3_wrist_clockwise_1,7,exercise_3_wrist_clockwise,0.0,0.0,0.0,0.0,0.0,0.0,0.0,0.0,0.0,0.0,0.0,0.0,0.0,0.0,0.0,16706.141797680088,35.35301693482121,16630.783024259563,16807.49261490244,176.70959064287672,38.633357411870605,107.2051922261453,1125.9570150034301,20.322410402460154,1073.9958100476929,1153.2341479508834,79.23833790319054,22.11819166458886,65.64051860947075,16230.6,35.253935950472254,168.0,1983.6,35.68529108750551,204.0,3423.9,61.40675858568013,276.0,-481.05,15.697053863703214,79.0,1013.5,19.976235881666998,85.0,92.0,22.167543842293398,121.0
exercise_3_wrist_clockwise_1,8,exercise_3_wrist_clockwise,0.0,0.0,0.0,0.0,0.0,0.0,0.0,0.0,0.0,0.0,0.0,0.0,0.0,0.0,0.0,16698.231151042673,39.95029847402261,16622.117795275066,16778.336508724577,156.2187134495107,44.32035356338094,129.00348062763078,1128.157404390414,18.877126875771143,1092.5383288470937,1171.3180609894137,78.77973214231997,19.080530864070713,62.85683319325017,16225.3,38.43318878261337,160.0,1991.7,30.924262319415146,128.0,3405.9,51.98451692571548,208.0,-489.675,13.903933795872303,54.0,1010.85,20.030663992988348,95.0,102.4,20.392155354449418,79.0
exercise_3_wrist_clockwise_1,9,exercise_3_wrist_clockwise,0.0,0.0,0.0,0.0,0.0,0.0,0.0,0.0,0.0,0.0,0.0,0.0,0.0,0.0,0.0,16690.929154242684,44.51031399337334,16614.131334499558,16823.73989337686,209.60855887730213,57.06562978580871,156.07397333531117,1123.4565233505805,17.84839323375094,1083.4661969807826,1159.4485758324945,75.98237885171193,17.09218581534548,58.12164889390374,16220.1,45.74264968276322,216.0,1989.3,37.23855528884008,172.0,3396.1,56.25291103578552,240.0,-486.2,18.28277878223111,85.0,1007.65,20.05062343170406,80.0,97.875,20.207903775503286,85.0
exercise_3_wrist_clockwise_1,10,exercise_3_wrist_clockwise,0.0,0.0,0.0,0.0,0.0,0.0,0.0,0.0,0.0,0.0,0.0,0.0,0.0,0.0,0.0,16703.278158761623,41.278941810515455,16624.762735149034,16799.353797095886,174.59106194685228,53.70218094334688,141.86311023684175,1122.3726427239537,20.082974502006792,1081.1960969222928,1164.2808939426945,83.08479702040177,23.13654057210233,76.96772991153989,16230.7,38.38111514794741,172.0,1995.6,34.11509929635264,136.0,3402.4,64.81234450318857,304.0,-483.1,16.009059934924352,61.0,1007.85,19.723780063669334,96.0,98.425,25.370147319241173,87.0
exercise_3_wrist_clockwise_1,11,exercise_3_wrist_clockwise,0.0,0.0,0.0,0.0,0.0,0.0,0.0,0.0,0.0,0.0,0.0,0.0,0.0,0.0,0.0,16709.848148366735,35.06078328858518,16651.091495754867,16821.98656520686,170.89506945199173,41.018383298962505,130.10302858942669,1120.8785450041723,20.532592367487645,1083.6101697566335,1156.912269794041,73.30210003740763,27.391507569415264,68.20709005500862,16241.3,35.36537855021489,180.0,1984.8,37.20430082665176,152.0,3390.1,74.73145254844174,360.0,-485.975,18.446527450986544,80.0,1005.3,20.244999382563588,66.0,93.075,24.029552118173157,96.0
exercise_3_wrist_clockwise_1,12,exercise_3_wrist_clockwise,0.0,0.0,0.0,0.0,0.0,0.0,0.0,0.0,0.0,0.0,0.0,0.0,0.0,0.0,0.0,16712.97416362807,29.89658677132043,16655.506716999036,16777.30705447093,121.80033747189373,30.6950294592759,89.75049276903519,1123.9905033535274,18.75762167984313,1084.2342920236383,1176.3018320142157,92.06753999057742,21.110075822701592,92.06753999057742,16241.5,27.40346693394834,96.0,1985.3,36.6757413013016,164.0,3404.6,57.12827671127495,272.0,-491.525,23.074864571650252,114.0,1005.55,20.96419566785237,93.0,98.125,19.452747235287873,90.0
exercise_3_wrist_clockwise_1,13,exercise_3_wrist_clockwise,0.0,0.0,0.0,0.0,0.0,0.0,0.0,0.0,0.0,0.0,0.0,0.0,0.0,0.0,0.0,16703.40444618757,40.81552500202446,16624.733862531455,16785.83164457454,161.09778204308532,43.856625671236266,100.51210912661918,1123.5337493546124,17.644094229155943,1085.332207206623,1176.9443487268206,91.61214152019761,21.78362715863306,65.14850415822366,16228.9,40.29379604852339,164.0,1989.5,37.72200949048182,176.0,3415.3,52.534845578910776,220.0,-486.35,21.204421708690855,87.0,1008.25,18.268483790397056,93.0,91.45,19.711608255035916,92.0
exercise_3_wrist_clockwise_2,1,exercise_3_wrist_clockwise,0.0,0.0,0.0,0.0,0.0,0.0,0.0,0.0,0.0,0.0,0.0,0.0,0.0,0.0,0.0,16696.702094282056,36.1825206010594,16595.504451507342,16769.722239798724,174.21778829138202,42.0664813903024,122.84379226363308,1124.249118829424,17.227704759028708,1086.4414388267783,1159.4572005900002,73.01576176322192,21.443379645586486,52.8113674527674,16228.0,34.058772731852805,136.0,1953.6,32.147161616540906,128.0,3407.3,68.89346848577156,288.0,-498.025,21.115737614395574,114.0,1002.25,21.34215312474353,90.0,102.2,18.780575071067442,81.0
exercise_3_wrist_clockwise_2,2,exercise_3_wrist_clockwise,0.0,0.0,0.0,0.0,0.0,0.0,0.0,0.0,0.0,0.0,0.0,0.0,0.0,0.0,0.0,16696.276951660762,34.47830392598648,16624.689591087106,16769.540482672743,144.85089158563642,43.725941357771845,112.12603744745866,1125.3808090103953,16.166623367529002,1090.5787454374856,1166.116203472021,75.53745803453535,17.542049754152977,54.99403706042267,16228.4,33.55949940031882,152.0,1947.5,39.951846014921514,144.0,3406.9,58.651427945106335,308.0,-496.45,21.28491249688379,96.0,1005.0,14.41700384962146,59.0,96.375,17.512406316665906,68.0
exercise_3_wrist_clockwise_2,3,exercise_3_wrist_clockwise,0.0,0.0,0.0,0.0,0.0,0.0,0.0,0.0,0.0,0.0,0.0,0.0,0.0,0.0,0.0,16692.500565404083,34.520631284467726,16626.627800008035,16800.069999854168,173.442199846133,42.4275838459066,134.33317245886792,1128.7467082654325,14.223873591623493,1096.739257982498,1158.3117024359203,61.57244445342235,17.907329351563114,43.465548181727854,16225.6,34.77700389625304,168.0,1944.6,38.79742259480647,148.0,3403.3,63.535108404723765,236.0,-497.575,15.949745295771967,58.0,1008.15,15.090642796117066,64.0,96.825,21.60889573763546,79.0
exercise_3_wrist_clockwise_2,4,exercise_3_wrist_clockwise,0.0,0.0,0.0,0.0,0.0,0.0,0.0,0.0,0.0,0.0,0.0,0.0,0.0,0.0,0.0,16697.421812144814,32.30522110532195,16632.539192799155,16770.75311367978,138.21392088062566,36.15539407117094,78.14641335815031,1125.7629786963794,18.021953186460696,1088.519177598631,1170.7241348840469,82.20495728541596,19.42506528859252,44.778310254815324,16230.2,31.11205554122068,116.0,1936.1,39.38007110201808,168.0,3410.6,48.50195872333405,184.0,-495.85,19.582581545853444,87.0,1005.675,16.342257341016264,66.0,96.85,19.67682647176622,82.0
exercise_3_wrist_clockwise_2,5,exercise_3_wrist_clockwise,0.0,0.0,0.0,0.0,0.0,0.0,0.0,0.0,0.0,0.0,0.0,0.0,0.0,0.0,0.0,16706.459098998435,26.51741865847312,16641.3984989243,16754.464957139036,113.06645821473649,33.556001980602815,81.0821782958119,1123.0351560367458,22.504739623520944,1074.1284839347666,1167.7748070582786,93.64632312351205,29.4022080068978,93.64632312351205,16242.7,27.016846596151826,96.0,1946.3,35.51774204534967,152.0,3389.3,61.203839748826226,244.0,-491.35,23.042949030017837,114.0,1005.0,20.54507240191672,102.0,95.125,16.209854255976516,69.0
exercise_3_wrist_clockwise_2,6,exercise_3_wrist_clockwise,0.0,0.0,0.0,0.0,0.0,0.0,0.0,0.0,0.0,0.0,0.0,0.0,0.0,0.0,0.0,16702.94925492602,44.368765660436225,16611.793882660597,16787.361436509313,175.56755384871576,55.79601958194009,122.24280906444619,1125.7149487228287,20.63199510370352,1088.371719588487,1179.6838559546368,91.31213636614984,22.864660244998404,67.68450741779498,16234.5,39.30076335136507,156.0,1950.3,31.44375931723177,112.0,3409.0,63.30718758561306,272.0,-494.875,18.752583155394884,77.0,1006.15,22.084553425414782,97.0,95.1,23.180595333166057,95.0
exercise_3_wrist_clockwise_2,7,exercise_3_wrist_clockwise,0.0,0.0,0.0,0.0,0.0,0.0,0.0,0.0,0.0,0.0,0.0,0.0,0.0,0.0,0.0,16705.518892850367,33.5934609630015,16627.293706433407,16762.637501300323,135.34379486691614,41.15925602144946,130.29323202524392,1122.3895500432611,16.379803224891845,1085.453822140767,1157.0328430947843,71.57902095401732,18.615950986692386,45.39351309606582,16234.6,35.74968531330031,168.0,1953.1,35.530128060562916,156.0,3419.4,61.77734212476286,268.0,-491.85,17.180730485052145,92.0,1003.9,18.340937816807518,78.0,96.3,19.741073932286458,94.0
exercise_3_wrist_clockwise_2,8,exercise_3_wrist_clockwise,0.0,0.0,0.0,0.0,0.0,0.0,0.0,0.0,0.0,0.0,0.0,0.0,0.0,0.0,0.0,16700.996264681155,34.79895265755015,16629.526030527748,16782.071862556186,152.54583202843787,40.8497323981234,128.78822238479916,1124.6840580155608,15.45298177212546,1090.79191416145,1153.7257039695353,62.933789808085294,19.46850637976113,55.91578761006372,16230.0,34.88266044899672,148.0,1942.6,35.66006169372117,172.0,3425.2,58.386299762872454,232.0,-495.875,25.03416415620861,133.0,1004.5,17.91089054179049,71.0,94.6,18.54966306971638,91.0
exercise_3_wrist_clockwise_2,9,exercise_3_wrist_clockwise,0.0,0.0,0.0,0.0,0.0,0.0,0.0,0.0,0.0,0.0,0.0,0.0,0.0,0.0,0.0,16704.674107022525,34.936773908038,16639.80480654746,16783.940419341343,144.1356127938816,43.131912114401274,124.34976703956272,1126.5153560072226,16.839764841648055,1101.3291969252427,1183.9991554051041,82.6699584798614,17.885402750698656,67.3985105906745,16238.8,35.18181348367364,152.0,1947.0,35.94161932912873,188.0,3398.8,59.60000000000001,248.0,-487.725,18.677509871500536,75.0,1010.325,18.61368783986666,79.0,97.975,19.842489133170766,87.0
exercise_3_wrist_clockwise_2,10,exercise_3_wrist_clockwise,0.0,0.0,0.0,0.0,0.0,0.0,0.0,0.0,0.0,0.0,0.0,0.0,0.0,0.0,0.0,16696.913457202005,37.923643109416844,16614.99082154426,16777.71092849081,162.72010694655182,44.97394824388231,136.59752105776352,1121.5629308927341,14.514373817029396,1089.6494849262308,1151.5198652216122,61.87038029538144,16.923451949685003,53.16633575529977,16239.5,36.695367555047056,144.0,1935.9,32.14327301318271,148.0,3363.5,61.45038649186838,272.0,-490.625,20.310942247960828,76.0,1003.125,17.505981120748416,84.0,99.725,21.84832659495917,110.0
exercise_3_wrist_clockwise_2,11,exercise_3_wrist_clockwise,0.0,0.0,0.0,0.0,0.0,0.0,0.0,0.0,0.0,0.0,0.0,0.0,0.0,0.0,0.0,16703.952351455202,31.48079278181798,16629.807455289432,16770.042814495137,140.2353592057043,33.2349532263802,104.937239506482,1125.1309931975827,21.42774244340204,1084.7538891379925,1159.37138139597,74.61749225797757,19.842236835282257,71.25692396022419,16240.1,28.361770043493394,128.0,1946.2,39.62776804211915,196.0,3389.3,68.87314425812139,252.0,-493.375,20.947180597875217,101.0,1006.325,21.84306239976437,89.0,93.65,24.16148795086925,97.0
exercise_3_wrist_clockwise_2,12,exercise_3_wrist_clockwise,0.0,0.0,0.0,0.0,0.0,0.0,0.0,0.0,0.0,0.0,0.0,0.0,0.0,0.0,0.0,16697.221585661136,32.12661407095057,16627.7998544606,16767.125931417107,139.32607695650586,37.29439136090831,102.67706564299806,1128.7559742851304,19.264618232038217,1073.149104272095,1166.023155859265,92.87405158717002,19.284295733121123,85.9462326178434,16230.8,29.30119451489991,136.0,1952.0,37.10525569242179,152.0,3397.2,76.58302684015564,320.0,-496.175,20.321032823161325,82.0,1008.7,18.35783211602067,81.0,98.1,20.549695861496346,84.0
exercise_3_wrist_clockwise_3,1,exercise_3_wrist_clockwise,0.0,0.0,0.0,0.375,0.4841229182759271,0.375,0.0,0.0,0.0,0.0,0.0,0.0,0.0,0.0,0.0,16802.462089577293,1579.020623145182,13228.267913827569,20069.29475592005,6841.026842092482,1367.4672164275885,6195.612645937001,24599.019880498585,6981.413119407493,9652.89624931295,37789.44246744056,28136.54621812761,4406.490590789507,22881.054671344034,7116.9,4588.595644639,16544.0,-8244.9,3614.1521260179406,16048.0,4389.0,10621.053158703236,30936.0,4533.075,15068.394035841211,49305.0,-4033.0,13749.745497644675,43783.0,-9548.85,10475.949306745428,35101.0
exercise_3_wrist_clockwise_3,2,exercise_3_wrist_clockwise,0.0,0.0,0.0,0.325,0.4683748498798798,0.325,0.0,0.0,0.0,0.0,0.0,0.0,0.0,0.0,0.0,16880.288282229125,1352.879266172015,14775.177562384826,19788.155649276665,5012.978086891839,1731.2927392969902,4415.355103489772,28809.316837982333,7141.299948451109,10144.352566822587,39986.921686971604,29842.56912014902,4387.862157472066,15881.175418795778,5643.0,5986.985735743823,20048.0,-8897.3,3832.470992714753,17248.0,4354.4,10309.043944032832,32392.0,7887.45,17108.08250352739,49614.0,-6118.15,14712.057178637528,52050.0,-9437.775,13532.50030018012,40458.0
exercise_3_wrist_clockwise_3,3,exercise_3_wrist_clockwise,0.0,0.0,0.0,0.025,0.1561249499599599,0.025,0.0,0.0,0.0,0.0,0.0,0.0,0.0,0.0,0.0,17133.999550131128,1631.5417911001941,13186.578024643088,20312.689629884073,7126.111605240985,1830.1606495850444,6943.946383041459,24319.093617852166,8820.170507486911,7047.004611890076,38438.09435963235,31391.089747742273,4054.718497894891,15515.727536500111,7991.8,5798.479590375393,19392.0,-7608.2,3830.2419714686444,19144.0,5247.1,9932.62891635442,26796.0,5618.8,15782.554273944377,49181.0,-1931.925,11314.488805039979,44873.0,-8838.8,13367.101883355268,44351.0
exercise_3_wrist_clockwise_3,4,exercise_3_wrist_clockwise,0.0,0.0,0.0,0.075,0.26339134382131885,0.075,0.0,0.0,0.0,0.0,0.0,0.0,0.0,0.0,0.0,16674.26638873214,1665.3630227663616,12662.001737482111,20680.635193339687,8018.633455857576,1492.055411628421,5911.9438853520405,24050.137256388185,9245.640728142596,10458.969069655,46732.57281597066,36273.60374631566,4849.385793183236,16811.32152285611,10129.3,2956.025762742943,12432.0,-8754.5,2134.1187759822556,9792.0,3121.4,8861.428532691556,29056.0,3834.625,15978.728470512759,62057.0,4612.6,15595.636070388407,53257.0,-7642.05,8424.131450630382,36132.0
exercise_3_wrist_clockwise_3,5,exercise_3_wrist_clockwise,0.0,0.0,0.0,0.225,0.4175823272122517,0.225,0.0,0.0,0.0,0.0,0.0,0.0,0.0,0.0,0.0,16954.428689232143,1442.3661885048484,13677.320205361868,20486.568087407904,6809.2478820460365,1510.946558256571,4709.534652696548,19650.937942665485,6365.653283325271,7319.674924475813,36870.99468416875,29551.319759692935,3830.5335692599124,10712.051957926742,9160.3,3546.7170608888437,13240.0,-7725.9,3034.9388115742963,11660.0,4756.9,10075.43013424241,27696.0,-2618.85,11906.524855200194,39665.0,1656.975,14388.209552420862,51883.0,-6762.975,4749.023391643275,23751.0
exercise_3_wrist_clockwise_3,6,exercise_3_wrist_clockwise,0.0,0.0,0.0,0.0,0.0,0.0,0.0,0.0,0.0,0.0,0.0,0.0,0.0,0.0,0.0,16707.95357394001,1701.8358825295977,12229.556328828941,19849.23091709097,7619.674588262027,1967.5045690481654,7356.230354375795,19854.355650625766,6143.050878713665,10955.825893103633,39132.22117386132,28176.395280757686,3898.010831978851,10944.013934104467,9217.6,3194.710603481949,11936.0,-7464.2,4385.510319221698,17012.0,5225.7,9199.277662403716,26964.0,-3015.2,11049.336894583314,37509.0,-1510.55,15503.977812081,58477.0,-4895.6,5842.195382730708,24375.0
exercise_3_wrist_clockwise_3,7,exercise_3_wrist_clockwise,0.0,0.0,0.0,0.2,0.4000000000000001,0.2,0.0,0.0,0.0,0.0,0.0,0.0,0.0,0.0,0.0,16869.491047469863,1550.3059695860763,14547.615612188823,21666.29271472164,7118.677102532816,1488.7712541282044,4133.095952391441,17549.221766218325,5048.279783756934,7405.7333195302135,31449.30220211571,24043.568882585496,2857.04656724822,9862.543274476757,9716.8,3455.0909915659236,15508.0,-8657.9,4353.397660448675,15804.0,4316.7,8251.31009658466,29264.0,-2426.4,10410.382771060822,43136.0,-767.025,13765.4745731622,42495.0,-3839.05,3792.348150882246,22098.0
exercise_3_wrist_clockwise_3,8,exercise_3_wrist_clockwise,0.0,0.0,0.0,0.275,0.44651427748729344,0.275,0.0,0.0,0.0,0.175,0.37996710383926624,0.175,0.0,0.0,0.0,16885.40833651572,1215.6871756851617,14681.538339016113,19995.36186219194,5313.823523175828,1428.093777795306,3668.383949647674,16918.09465539033,4371.829554803473,8666.10443048086,25155.298328582787,16489.193898101927,2737.418883044785,9065.350978567714,9124.3,3941.702412663848,13156.0,-9069.2,4161.792229316595,14888.0,4175.8,8414.085378696842,25056.0,-1749.2,8839.17945060513,29059.0,1148.7,13510.758082357925,41762.0,-4612.125,4360.302026164586,18007.0
exercise_3_wrist_clockwise_3,9,exercise_3_wrist_clockwise,0.0,0.0,0.0,0.175,0.3799671038392666,0.175,0.0,0.0,0.0,0.05,0.21794494717703355,0.05,0.0,0.0,0.0,16802.406435588848,1135.5743803391326,14024.84195989388,19104.20686655167,5079.364906657791,1242.4343129694591,4078.4598967667735,18413.394597435872,4013.5240498992075,11739.06750981525,28437.301383921786,16698.233874106536,2998.0685049753924,8792.509948896493,9261.8,3943.167452695866,13088.0,-8255.3,4321.833489388503,15064.0,5167.1,8291.787333862345,24592.0,179.45,11362.12726770388,47137.0,326.75,13044.29457607808,44501.0,-6094.65,4315.807268345055,18026.0
exercise_3_wrist_clockwise_3,10,exercise_3_wrist_clockwise,0.0,0.0,0.0,0.35,0.4769696007084729,0.35,0.0,0.0,0.0,0.15,0.3570714214271425,0.15,0.0,0.0,0.0,16666.208087040537,1504.7350595585535,14388.97411214573,19574.205475574225,5185.231363428495,1695.3804340332422,3964.4521142939775,21178.84696569881,6093.821888069156,8199.233439779598,35518.51310232454,27319.27966254494,4545.2008194204345,13372.996289005589,9724.7,3267.509863795364,11164.0,-7266.0,4053.9590525805756,16168.0,4010.2,9458.819416819417,29220.0,-1752.075,10202.238970901191,36117.0,4091.35,16959.27076048673,59147.0,-6456.025,5699.693748296919,23960.0
exercise_3_wrist_clockwise_3,11,exercise_3_wrist_clockwise,0.0,0.0,0.0,0.15,0.3570714214271425,0.15,0.0,0.0,0.0,0.2,0.40000000000000013,0.2,0.0,0.0,0.0,16963.423668227264,1406.1595401045577,14378.03992204779,20120.335981290173,5742.296059242382,1445.1841644844603,3956.605223819606,21250.64281511604,5612.343752333488,11278.471172991489,33535.5923311338,22257.12115814231,3219.267079344928,10819.57610936767,8741.0,3746.595334433651,13152.0,-6825.4,4623.305012650582,15996.0,5608.8,9993.662880045535,29056.0,-4101.55,11367.20422520419,39807.0,3332.475,16000.074598244062,58789.0,-5361.475,6418.643719616707,27570.0
exercise_3_wrist_clockwise_3,12,exercise_3_wrist_clockwise,0.0,0.0,0.0,0.2,0.4000000000000001,0.2,0.0,0.0,0.0,0.25,0.4330127018922193,0.25,0.0,0.0,0.0,16826.860274131388,1535.4685652461317,10750.83178177391,19160.90603285763,8410.07425108372,1786.7132137954327,7870.237145653429,18460.032478125715,6349.0023827798095,7749.6369592388,35481.26588778929,27731.62892855049,3610.54071272616,13141.188358828025,8431.8,3788.6540037327245,12424.0,-9174.3,3851.888979448915,14420.0,4534.7,8971.254466907067,25496.0,-3114.025,10237.237025895953,38158.0,-251.125,15068.611857413243,57179.0,-4120.85,4740.983540100092,24717.0
exercise_3_wrist_clockwise_3,13,exercise_3_wrist_clockwise,0.0,0.0,0.0,0.225,0.41758232721225175,0.225,0.0,0.0,0.0,0.0,0.0,0.0,0.0,0.0,0.0,16700.29127005956,1788.630620103679,12104.169860011054,20977.176931131606,8873.007071120552,1890.3581417003682,6674.36767622962,21083.17494561657,6426.410235312237,3592.8423288532995,34804.997414164536,31212.155085311235,3293.717649846358,14749.001723853096,8054.7,3922.8708250463724,14240.0,-9958.0,4049.0188441152013,13636.0,3434.1,8630.322125506093,25580.0,-2496.575,10224.205993346133,35489.0,-2698.05,17474.39931721546,57339.0,-5959.075,5185.273302283594,23120.0
exercise_3_wrist_clockwise_3,14,exercise_3_wrist_clockwise,0.0,0.0,0.0,0.225,0.4175823272122518,0.225,0.0,0.0,0.0,0.125,0.33071891388307384,0.125,0.0,0.0,0.0,16760.02972576899,1933.1275155405353,12401.203812533684,21151.41413712095,8750.210324587268,1825.7686972470087,8560.395363101747,21453.677468295435,7135.683109300244,6426.560588681943,37232.00792329095,30805.447334609005,4182.089660571764,10135.065928323209,9866.0,3989.874985510198,15476.0,-8715.0,4427.935658972474,15268.0,3316.0,8051.3865141353135,27352.0,-65.9,11120.20696704877,37391.0,4933.75,17001.39602613562,58477.0,-6547.6,5590.570891241788,26588.0
exercise_3_wrist_clockwise_3,15,exercise_3_wrist_clockwise,0.0,0.0,0.0,0.2,0.4000000000000001,0.2,0.0,0.0,0.0,0.5,0.5,0.5,0.0,0.0,0.0,17019.299485383355,1670.9804986383997,13529.002328331531,21694.626431446104,8165.624103114573,1669.9046201812753,5740.974734446721,21583.355861321827,8199.510708788957,7653.562961131241,36915.99433849778,29262.43137736654,3702.8523085503703,13700.71110395296,7651.3,3523.2832287512742,12168.0,-8544.5,4038.8261846729674,14824.0,7589.5,8635.491123844666,28120.0,-6530.125,9237.828692900459,38370.0,-2285.6,18667.65935756275,60672.0,-2937.475,6539.035249895431,26752.0
exercise_3_wrist_clockwise_3,16,exercise_3_wrist_clockwise,0.0,0.0,0.0,0.125,0.33071891388307384,0.125,0.0,0.0,0.0,0.625,0.4841229182759271,0.625,0.0,0.0,0.0,16842.544486096456,1786.71308101269,13144.75530392255,21099.907108800267,7955.151804877718,1418.8340618745797,4949.735516443554,21191.123155984213,6020.300545895518,10978.764456895868,36801.07560928077,25822.311152384904,3612.842638066695,15646.108373063627,9117.9,3700.404084691292,12556.0,-9460.8,3794.0694985727396,13784.0,1915.0,9081.059002120843,29824.0,854.325,11533.197131297764,38326.0,1405.975,16354.786182471937,59167.0,-6391.625,6422.970113925099,25730.0
exercise_3_wrist_clockwise_3,17,exercise_3_wrist_clockwise,0.0,0.0,0.0,0.2,0.40000000000000013,0.2,0.0,0.0,0.0,0.075,0.26339134382131857,0.075,0.0,0.0,0.0,16994.338731823478,1564.682928917072,12630.843518942034,20444.07200143846,7813.228482496426,1627.3327076450164,6123.695984868769,21038.000715185983,8642.689330169997,6775.077416531858,35397.64617880686,28622.568762275005,4230.997416462452,17190.240272334784,9409.4,3142.615413950616,10988.0,-8298.6,3572.6514019702513,15232.0,4571.2,9503.497890776849,27792.0,-4153.275,10883.822345544555,40663.0,4648.025,16982.172694457415,61655.0,-6149.75,5811.068747442247,26645.0
exercise_3_wrist_clockwise_3,18,exercise_3_wrist_clockwise,0.0,0.0,0.0,0.2,0.4000000000000001,0.2,0.0,0.0,0.0,0.075,0.2633913438213187,0.075,0.0,0.0,0.0,16726.545011646303,1135.8520913262082,13520.723057588304,19278.57505107678,5757.851993488475,1125.0412932590818,3771.9831086331997,19969.734200613027,4125.865625158738,12729.060098844691,30368.917958992217,17639.857860147524,3091.341940124789,8991.661021781116,10279.7,3090.750509180578,10472.0,-8820.9,3325.0601784027913,13072.0,3528.8,8032.793148089896,25380.0,-3564.5,10982.07395941222,38937.0,-2139.425,15382.409485980244,50362.0,-4327.725,4751.481653060968,24321.0
exercise_3_wrist_clockwise_3,19,exercise_3_wrist_clockwise,0.0,0.0,0.0,0.225,0.4175823272122518,0.225,0.0,0.0,0.0,0.225,0.41758232721225175,0.225,0.0,0.0,0.0,16871.835804364757,1684.012170548471,13127.975015210837,21373.445955203388,8245.47093999255,1412.274783014652,4677.9826394619395,19276.318566398804,5947.5823703172755,8719.780387142786,35076.15369449735,26356.373307354563,3588.38255648628,10489.19076696195,9077.0,2769.3910883080416,12016.0,-10128.4,2917.3501401100275,11576.0,1266.3,9205.126306031874,27068.0,1256.025,11804.43774494893,40558.0,-486.8,14614.366787856396,59598.0,-5836.95,4259.245014964507,22775.0
exercise_4_hand_wave_1,1,exercise_4_hand_wave,0.0,0.0,0.0,0.0,0.0,0.0,0.0,0.0,0.0,0.0,0.0,0.0,0.0,0.0,0.0,16706.841047932987,37.743861774155086,16637.207938833966,16802.949264935607,165.74132610164088,44.87579611059902,111.89230424415655,1121.740983230401,13.918208982933207,1089.4333389427734,1144.9978165918046,55.56447764903123,15.547655625871567,38.14801432668855,16232.3,33.41122565845198,152.0,1970.3,35.954276518934435,164.0,3426.8,70.35453077094608,272.0,-481.775,18.811548979283973,82.0,1008.025,17.743290985609182,67.0,96.35,17.971574777965344,74.0
exercise_4_hand_wave_1,2,exercise_4_hand_wave,0.0,0.0,0.0,0.0,0.0,0.0,0.0,0.0,0.0,0.0,0.0,0.0,0.0,0.0,0.0,16708.634859433605,32.8866860611521,16639.025933028654,16778.192036092565,139.16610306391158,33.91378037358598,115.75716000077591,1120.3238542553738,19.083018272380436,1072.527855116127,1156.4367686994392,83.90891358331214,22.103287674282058,73.54107823823279,16232.2,33.63272216160922,136.0,1979.7,38.339405316201756,152.0,3430.6,66.43824199961948,276.0,-485.825,20.543718626383104,108.0,1004.4,19.720294115453758,87.0,97.675,17.119269114071432,78.0
exercise_4_hand_wave_1,3,exercise_4_hand_wave,0.0,0.0,0.0,0.0,0.0,0.0,0.0,0.0,0.0,0.0,0.0,0.0,0.0,0.0,0.0,16711.78781539602,39.31428723850702,16603.65550112384,16790.020845728573,186.36534460473194,48.288492866457,186.36534460473194,1128.4112024966314,20.08377653994263,1084.7359125612095,1180.6392336357453,95.90332107453582,22.229675143025343,81.14571387312299,16235.1,37.36830207542214,172.0,1989.2,36.94536506789451,188.0,3426.9,60.03324079208119,256.0,-488.15,20.43104255783341,93.0,1012.225,18.474966170469703,69.0,96.925,25.925265186686136,148.0
exercise_4_hand_wave_1,4,exercise_4_hand_wave,0.0,0.0,0.0,0.0,0.0,0.0,0.0,0.0,0.0,0.0,0.0,0.0,0.0,0.0,0.0,16700.148790225336,29.69822107688543,16645.071342592677,16779.980929667352,134.90958707467507,31.906919350447797,84.77137618615961,1125.0063178690573,16.828836998035566,1093.2419677271816,1166.0587463760135,72.81677864883181,20.379833985274736,49.947192811585865,16224.7,29.555202587700194,128.0,1984.2,40.28845988617584,172.0,3422.2,62.94727952818929,252.0,-491.15,19.040154936344397,69.0,1006.75,18.819869818890883,77.0,99.625,22.50965070808519,102.0
exercise_4_hand_wave_1,5,exercise_4_hand_wave,0.0,0.0,0.0,0.0,0.0,0.0,0.0,0.0,0.0,0.0,0.0,0.0,0.0,0.0,0.0,16705.816098411196,37.41772394595315,16628.958355832154,16774.411942002618,145.4535861704644,50.39239784056581,121.39288950249829,1126.1479308625676,20.829373825385154,1078.8577292673951,1178.2092343892064,99.35150512181121,22.930799518302546,79.48906983410006,16233.6,31.11012696856121,136.0,1983.3,26.45581221584399,116.0,3408.2,70.3474235491251,292.0,-491.75,17.250724622461515,89.0,1008.125,21.920524058516484,99.0,96.8,18.989734068701434,82.0
exercise_4_hand_wave_1,6,exercise_4_hand_wave,0.0,0.0,0.0,0.0,0.0,0.0,0.0,0.0,0.0,0.0,0.0,0.0,0.0,0.0,0.0,16705.90124753015,45.28915731768043,16583.77134429922,16801.686582007176,217.91523770795538,54.53705682579386,160.2950667677178,1126.8641164986268,19.052898671062888,1089.8793511210313,1163.3735427625986,73.49419164156734,26.547750703505674,62.49253793338448,16234.2,40.918944267906035,192.0,1982.8,37.20430082665174,168.0,3406.1,62.18030234728679,280.0,-487.6,18.842505141302205,77.0,1011.125,20.225216315283255,77.0,94.075,21.071767249094226,90.0
exercise_4_hand_wave_1,7,exercise_4_hand_wave,0.0,0.0,0.0,0.0,0.0,0.0,0.0,0.0,0.0,0.0,0.0,0.0,0.0,0.0,0.0,16696.956678908056,35.900733526267,16615.270085075354,16799.380464767146,184.11037969179233,38.10431504414635,115.20079891353816,1122.1602473403273,14.457845243846485,1082.9168943183035,1155.083546761878,72.16665244357455,15.462824651571188,48.57769250038723,16225.8,31.30431280191278,172.0,1984.8,34.48129927946452,156.0,3401.2,57.481823213951714,252.0,-486.525,22.190073794379323,88.0,1006.275,13.856383907787775,63.0,94.1,24.84934606785459,104.0
exercise_4_hand_wave_1,8,exercise_4_hand_wave,0.0,0.0,0.0,0.0,0.0,0.0,0.0,0.0,0.0,0.0,0.0,0.0,0.0,0.0,0.0,16696.913541105187,40.92677434589998,16581.495710580515,16819.93531497669,238.43960439617513,40.87052964201519,154.57339271409728,1122.1463143733104,17.60466240503695,1081.7592153524738,1165.6457437832473,83.88652843077352,20.82594201070375,62.23180273818684,16227.3,37.16866960223354,216.0,1979.8,33.692135580874066,120.0,3396.9,47.71991198650726,228.0,-485.375,18.227297523220496,75.0,1006.2,20.209156340629363,86.0,102.15,17.87952739867584,70.0
exercise_4_hand_wave_1,9,exercise_4_hand_wave,0.0,0.0,0.0,0.0,0.0,0.0,0.0,0.0,0.0,0.0,0.0,0.0,0.0,0.0,0.0,16684.365864725198,32.349528475042405,16621.902177548753,16767.31200878662,145.40983123786646,34.2245106457877,145.40983123786646,1118.968958272522,15.615550662938238,1078.3849034551624,1156.8461436163411,78.4612401611787,19.375436163243283,55.763235017056786,16211.7,32.12958138538377,132.0,1972.1,35.44559210959805,164.0,3413.9,60.93923202666735,216.0,-486.075,18.181566901672692,73.0,1002.475,15.394784019270942,60.0,99.775,24.243027348085057,115.0
exercise_4_hand_wave_1,10,exercise_4_hand_wave,0.0,0.0,0.0,0.0,0.0,0.0,0.0,0.0,0.0,0.0,0.0,0.0,0.0,0.0,0.0,16710.632361139506,36.266938624341044,16639.306235537588,16773.00736302229,133.70112748470274,41.261338000908815,129.5514718919876,1123.747387114486,17.00543893483781,1083.9049773850104,1156.446712996323,72.54173561131256,22.749691681466366,59.56279115723146,16237.9,34.663958227530806,148.0,1973.6,35.49422488236644,136.0,3417.2,48.35866003106373,228.0,-488.1,19.74183375474528,115.0,1007.525,21.284956542121478,79.0,92.85,16.888679640516603,88.0
exercise_4_hand_wave_1,11,exercise_4_hand_wave,0.0,0.0,0.0,0.0,0.0,0.0,0.0,0.0,0.0,0.0,0.0,0.0,0.0,0.0,0.0,16694.595965569497,33.42972316271384,16604.407125820544,16768.384537575468,163.9774117549241,35.62137186240197,115.03892775880377,1126.910213793815,19.51589216965952,1090.0100916964027,1168.6380962470803,78.62800455067759,25.954333378974432,66.53989107981874,16225.6,34.52303578771715,156.0,1968.0,29.312113536898018,156.0,3400.4,52.54940532489402,228.0,-485.6,16.943730403898662,72.0,1011.95,20.498719472201184,82.0,97.15,17.661469361296078,68.0
exercise_4_hand_wave_2,1,exercise_4_hand_wave,0.0,0.0,0.0,0.0,0.0,0.0,0.0,0.0,0.0,0.0,0.0,0.0,0.0,0.0,0.0,16703.628393575167,35.81744476691102,16626.17550731376,16785.855474178254,159.6799668644926,41.913954810092086,114.46105139525753,1126.4023034973168,20.30888170085088,1078.2286399460922,1168.096742568868,89.86810262277572,24.224815900739987,57.00988727806748,16240.6,36.03942285886388,148.0,1945.3,37.260032206105244,164.0,3386.2,46.54417256757284,212.0,-496.5,19.73575435599055,99.0,1006.35,19.10569286888073,77.0,93.85,19.485314983340658,97.0
exercise_4_hand_wave_2,2,exercise_4_hand_wave,0.0,0.0,0.0,0.0,0.0,0.0,0.0,0.0,0.0,0.0,0.0,0.0,0.0,0.0,0.0,16707.747108082836,37.94960275791139,16625.80644660583,16801.350898067692,175.54445146186117,44.5723986665053,109.37006893899525,1124.9497534204907,14.874551394150824,1095.9475352406246,1152.7636357900956,56.816100549471,18.634924577770388,53.14732594360339,16244.2,38.3557036175847,176.0,1944.8,38.03366929445541,156.0,3389.4,54.98036012977726,276.0,-494.875,15.503527824337272,73.0,1005.2,15.992498241363045,67.0,97.675,19.192951180055662,79.0
exercise_4_hand_wave_2,3,exercise_4_hand_wave,0.0,0.0,0.0,0.0,0.0,0.0,0.0,0.0,0.0,0.0,0.0,0.0,0.0,0.0,0.0,16700.02986950185,40.12926296226517,16577.44250480152,16783.23210826806,205.78960346654276,44.296684565652335,136.81107013842484,1125.4134646296948,18.479275694340703,1079.8953653016574,1159.1251010999633,79.22973579830591,20.193014794383846,56.25672044479211,16235.4,36.95997835497202,196.0,1944.2,27.84169535067863,128.0,3393.8,66.79490998571673,312.0,-494.85,19.332033002247844,74.0,1006.0,18.193405398660254,72.0,93.5,23.18296788592867,120.0
exercise_4_hand_wave_2,4,exercise_4_hand_wave,0.0,0.0,0.0,0.0,0.0,0.0,0.0,0.0,0.0,0.0,0.0,0.0,0.0,0.0,0.0,16712.163250858102,36.849378119782976,16615.176195274005,16768.92077624556,153.74458097155366,42.9875986884899,120.64932962915191,1122.466208405817,17.262994730621458,1084.9230387451453,1160.4727484951984,75.54970975005313,23.188366661557392,63.655648154450546,16246.0,34.47897910321592,144.0,1936.4,43.12586231021937,196.0,3407.4,46.62660184915902,188.0,-493.125,22.980630430865034,107.0,1003.25,18.314952907392364,68.0,96.575,18.84925396401672,81.0
exercise_4_hand_wave_2,5,exercise_4_hand_wave,0.0,0.0,0.0,0.0,0.0,0.0,0.0,0.0,0.0,0.0,0.0,0.0,0.0,0.0,0.0,16708.379976598197,41.84444542130731,16634.728491923153,16808.67680693516,173.9483150120068,39.597895050264086,133.30814534329693,1125.3398267195223,17.176274301348094,1078.7515932780818,1162.5768791783191,83.8252859002373,20.39275120720209,48.21562715992627,16246.6,39.7748664359794,172.0,1945.9,40.79203353597366,168.0,3380.4,53.13981558116287,216.0,-489.925,22.108129161012247,100.0,1008.275,13.524029540044639,46.0,94.55,20.697765579888088,92.0
exercise_4_hand_wave_2,6,exercise_4_hand_wave,0.0,0.0,0.0,0.0,0.0,0.0,0.0,0.0,0.0,0.0,0.0,0.0,0.0,0.0,0.0,16707.634356366507,35.52202079726926,16628.217463095676,16784.25643274077,156.03896964509477,44.0714872507607,121.28617134078013,1120.921352712297,17.68462704256722,1091.4641542441968,1161.919962820159,70.45580857596224,21.704725552350776,67.57035399590904,16244.2,33.20180717973045,144.0,1945.8,39.91941883344496,156.0,3388.3,53.51177440526524,232.0,-497.2,21.7499425286597,98.0,999.875,18.182666883600987,76.0,93.55,16.25722916120702,65.0
exercise_4_hand_wave_2,7,exercise_4_hand_wave,0.0,0.0,0.0,0.0,0.0,0.0,0.0,0.0,0.0,0.0,0.0,0.0,0.0,0.0,0.0,16696.36880897121,37.27458669648658,16619.278444023977,16811.101570093495,191.82312606951746,42.60549129048097,151.0024123004041,1122.4622973263026,16.973246034826648,1085.0428562964692,1158.4761542647307,73.43329796826151,18.143890891919966,53.910176153871134,16229.8,37.67174007130544,192.0,1935.7,28.360359659214478,144.0,3407.5,59.14854182479903,224.0,-490.1,16.312265323982444,57.0,1005.05,15.122747766196458,66.0,95.7,15.261389189716644,73.0
exercise_4_hand_wave_2,8,exercise_4_hand_wave,0.0,0.0,0.0,0.0,0.0,0.0,0.0,0.0,0.0,0.0,0.0,0.0,0.0,0.0,0.0,16699.567513616716,29.927548468923458,16640.40864882831,16760.819550368054,120.41090153974437,30.991218980126106,90.55092625764519,1127.7441538172775,15.476547772433571,1105.6753592262062,1162.5536546757746,56.87829544956844,18.905928201743535,52.479574459120386,16237.5,28.533313862921705,112.0,1939.8,32.47091005808122,132.0,3384.2,50.421820673196635,220.0,-498.35,22.35905856694329,107.0,1006.775,15.770997907551696,72.0,94.525,20.350660308697606,85.0
exercise_4_hand_wave_2,9,exercise_4_hand_wave,0.0,0.0,0.0,0.0,0.0,0.0,0.0,0.0,0.0,0.0,0.0,0.0,0.0,0.0,0.0,16712.22458516743,38.426747525489,16623.282948924378,16801.307568162665,178.0246192382874,44.969761415217086,146.424800637702,1129.3272194754727,16.471379778188098,1097.6857473794582,1160.4313853046203,62.7456379251621,16.53556987087182,48.33671978535267,16249.7,34.51246151754464,160.0,1938.7,29.911703395159563,120.0,3388.8,50.67701648676647,252.0,-502.375,20.35152021348774,87.0,1006.3,16.78868666691948,59.0,97.15,22.288506006459926,98.0
exercise_4_hand_wave_2,10,exercise_4_hand_wave,0.0,0.0,0.0,0.0,0.0,0.0,0.0,0.0,0.0,0.0,0.0,0.0,0.0,0.0,0.0,16695.54146515215,47.82034488947249,16598.96189525116,16784.555758196282,185.59386294512296,63.19657962766434,133.48036521996255,1129.0582982346655,25.746051880650693,1035.332313800743,1180.7188488374359,145.38653503669298,28.398240369643453,145.38653503669298,16234.9,48.16627450820751,208.0,1945.0,97.4299748537379,628.0,3372.4,59.11209690071906,260.0,-493.35,30.17660517685845,158.0,1009.325,25.729737173162107,148.0,97.125,47.94172895296956,281.0
exercise_4_hand_wave_2,11,exercise_4_hand_wave,0.0,0.0,0.0,0.0,0.0,0.0,0.0,0.0,0.0,0.0,0.0,0.0,0.0,0.0,0.0,16697.083973040448,38.256989370796646,16643.50924534847,16790.06563417785,146.55638882938,38.42028576144936,122.39201126334228,1129.3909696233782,21.464802192574258,1068.7721927520383,1185.130372575102,116.35817982306367,24.37792848157025,81.86884419663079,16233.6,36.70204353983574,152.0,1943.0,36.79945651772591,144.0,3388.6,61.217971217608955,236.0,-492.65,21.440090951299624,94.0,1010.675,22.1927775413534,117.0,100.675,27.001284691658654,115.0
exercise_4_hand_wave_2,12,exercise_4_hand_wave,0.0,0.0,0.0,0.0,0.0,0.0,0.0,0.0,0.0,0.0,0.0,0.0,0.0,0.0,0.0,16712.114464870596,40.65111392198766,16632.246270423006,16783.07433100384,150.82806058083588,51.63815130981115,123.33023413212868,1126.8051434630518,21.922446606419722,1073.814229743674,1157.6061506401907,83.79192089651656,25.850346843588532,66.5198454503593,16245.0,38.09199390948182,132.0,1949.2,39.27543761691268,164.0,3404.4,63.90492938733288,272.0,-492.65,18.561451990617545,83.0,1008.6,21.80458667345015,91.0,95.025,18.51281650640982,77.0
exercise_4_hand_wave_2,13,exercise_4_hand_wave,0.0,0.0,0.0,0.0,0.0,0.0,0.0,0.0,0.0,0.0,0.0,0.0,0.0,0.0,0.0,16695.407712463544,34.895767834935164,16617.82223999282,16768.046755660005,150.2245156671852,40.95730365011826,116.10593004543989,1126.9330649530116,14.077184221719625,1093.8962473653523,1150.1104294805782,56.21418211522587,17.051061767452627,49.61326287057045,16231.4,33.35326071016146,144.0,1946.4,30.17018395701293,112.0,3388.7,75.67767174008462,332.0,-500.525,21.289654177557694,93.0,1004.35,16.199614192936817,71.0,98.875,20.979975571959088,84.0
exercise_4_hand_wave_2,14,exercise_4_hand_wave,0.0,0.0,0.0,0.0,0.0,0.0,0.0,0.0,0.0,0.0,0.0,0.0,0.0,0.0,0.0,16698.12382098655,37.95864857154342,16621.77655968218,16793.390128261773,171.61356857959254,38.852015716722235,153.04638181230257,1125.5265599865081,17.835015136998937,1073.6447270861995,1161.8287309237967,88.18400383759717,20.49677186942756,56.05223963914841,16238.2,35.529705881135584,156.0,1936.5,31.83944094986594,176.0,3375.7,44.51864777820637,196.0,-496.25,20.318402988424065,108.0,1005.325,15.627519796819968,72.0,94.2,25.59316314956008,106.0
exercise_4_hand_wave_3,1,exercise_4_hand_wave,0.0,0.0,0.0,0.05,0.21794494717703367,0.05,0.0,0.0,0.0,0.0,0.0,0.0,0.0,0.0,0.0,18748.160222363083,2359.7939479121037,13445.361430619856,23322.897247126053,9877.535816506197,2512.1147514690488,7853.708971630096,17063.39329705168,6311.003134615893,3864.123445233084,29375.87442102788,25511.750975794796,5553.534547852207,14432.703110210894,9085.9,4736.344158736778,16316.0,-5358.9,9155.82136075186,30172.0,11642.0,1998.140735784144,8796.0,-1442.225,14716.423932952428,43512.0,2050.35,8321.783344181702,33927.0,74.45,6234.857584379936,26753.0
exercise_4_hand_wave_3,2,exercise_4_hand_wave,0.0,0.0,0.0,0.825,0.3799671038392663,0.825,0.0,0.0,0.0,0.1,0.2999999999999999,0.1,0.0,0.0,0.0,18855.409072830716,2782.429854679749,14078.29251010221,24980.74298334619,10902.45047324398,2515.7887680911826,7177.182889926673,18194.905521692846,7955.380274171136,3545.830509203732,30684.34555274073,27138.515043536998,6896.749837278993,18862.512977543105,9098.3,5217.914900609247,15576.0,-4713.0,9156.12978282855,35572.0,11256.9,4527.448419363825,20140.0,96.3,14479.73016012384,46629.0,599.825,11130.566243205014,37183.0,214.725,7770.16095710861,35934.0
exercise_4_hand_wave_3,3,exercise_4_hand_wave,0.0,0.0,0.0,0.6,0.4898979485566357,0.6,0.0,0.0,0.0,0.45,0.49749371855331015,0.45,0.0,0.0,0.0,18649.054770109768,3243.8834414087723,11652.727749329768,27428.222253729826,15775.494504400058,2834.9150346199385,10201.310748761793,16897.933107590266,9016.6871738685,1724.6999739085056,35902.08087284079,34177.38089893228,6047.0789562058235,19799.370284151923,8176.1,5662.276537754051,19044.0,-3817.5,9235.164695337058,36416.0,11834.7,4413.427184173315,20320.0,-1071.7,12590.06194424793,42875.0,1618.175,10529.381455924891,42176.0,-137.575,9678.703383944305,45541.0
exercise_4_hand_wave_3,4,exercise_4_hand_wave,0.0,0.0,0.0,0.0,0.0,0.0,0.0,0.0,0.0,0.0,0.0,0.0,0.0,0.0,0.0,18762.211173246527,3275.0064260247123,14624.63620060342,29470.381605944636,14845.745405341217,2829.337460584139,14087.756082322214,16951.711948816348,10127.34961524273,1938.3222126364853,36874.550112509845,34936.22789987336,7407.19345127383,21855.329972047384,6614.9,6362.568159949251,23260.0,-5422.4,9344.340695843663,37440.0,12585.3,1843.4095339885816,8212.0,798.625,12789.03888430929,42632.0,-211.6,7962.122018658092,31650.0,614.05,12724.355062143617,56650.0
exercise_4_hand_wave_3,5,exercise_4_hand_wave,0.0,0.0,0.0,0.0,0.0,0.0,0.0,0.0,0.0,0.0,0.0,0.0,0.0,0.0,0.0,19032.682264420306,3306.427168655144,12819.02773224241,25749.895533768675,12930.867801526265,2711.252654393313,10809.927007029448,20827.361344197267,8157.947553658182,1287.3433885331451,34785.181945765355,33497.83855723221,7071.453221621439,18783.050216493648,7706.4,6835.3653186936535,27132.0,-6163.3,10002.739780180227,33980.0,11015.4,2772.098057428705,16528.0,83.975,15905.199730728784,48898.0,-840.425,11480.670783729278,42475.0,-270.0,10712.77941292548,49425.0
exercise_4_hand_wave_3,6,exercise_4_hand_wave,0.0,0.0,0.0,0.0,0.0,0.0,0.0,0.0,0.0,0.075,0.2633913438213188,0.075,0.0,0.0,0.0,18785.52735459678,3596.4158838621497,10413.628762347926,26544.74923596002,16131.120473612093,2786.3706933432254,8201.677260260873,18159.371253921963,10976.214045026301,1813.313541558657,45543.85545822839,43730.54191666973,5399.18098657384,21474.322124051538,64.0,9665.953362188337,30148.0,-4650.3,8686.233562943149,34024.0,12079.4,5422.881783701354,21388.0,1846.375,9489.971297868871,37392.0,2249.575,9893.088976370069,42437.0,6133.65,14704.282496181171,48341.0
exercise_4_hand_wave_3,7,exercise_4_hand_wave,0.0,0.0,0.0,0.0,0.0,0.0,0.0,0.0,0.0,0.375,0.4841229182759271,0.375,0.0,0.0,0.0,18670.417122053983,3236.89488376029,11259.335682001847,26378.90672488153,15119.571042879683,2718.413225257111,6871.356558856623,15913.594918936587,9913.677412090618,1956.2755429642318,32907.40234354574,30951.12680058151,5757.836174096723,17632.59715492749,-4027.2,2979.162996547856,10828.0,-4264.0,8968.036172986815,32688.0,14918.0,3579.681438340568,13224.0,-2081.275,12668.136924953686,57989.0,-828.15,9131.32769248262,40796.0,312.1,10126.486065758447,38176.0
exercise_4_hand_wave_3,8,exercise_4_hand_wave,0.0,0.0,0.0,0.0,0.0,0.0,0.0,0.0,0.0,0.225,0.4175823272122518,0.225,0.0,0.0,0.0,17649.708783189963,2113.337897400001,14056.956711891802,24793.293932029283,10736.33722013748,1561.0344048128218,10736.33722013748,11196.377687678798,7258.780238431823,2164.6821937642485,31667.06667817529,29502.384484411043,4067.0159758336363,17050.83799222487,-5094.0,1876.86696385226,9176.0,-4051.7,5392.489398227873,23332.0,15300.6,2627.4277230782195,11620.0,611.25,8996.165137851794,46110.0,1870.55,5881.497525928239,30937.0,-788.725,7617.81415823299,37998.0
exercise_4_hand_wave_3,9,exercise_4_hand_wave,0.0,0.0,0.0,0.0,0.0,0.0,0.0,0.0,0.0,0.1,0.2999999999999997,0.1,0.0,0.0,0.0,17851.060271368453,2124.835237841035,15095.527814554878,24788.254638033715,9692.726823478837,1568.2858723504341,4942.45640689884,13369.320204365049,8667.489391291834,2732.732881201527,36504.95206132998,33772.21918012846,3981.151686893018,13714.78972210704,-5786.0,3812.443206134355,18216.0,-6494.2,6050.769997281338,20636.0,13469.8,3865.3324772909255,18664.0,-352.125,11515.358449018206,53240.0,664.675,4866.327816678096,25861.0,-1089.975,9789.057057468559,41549.0
exercise_4_hand_wave_3,10,exercise_4_hand_wave,0.0,0.0,0.0,0.375,0.4841229182759271,0.375,0.0,0.0,0.0,0.375,0.4841229182759271,0.375,0.0,0.0,0.0,18386.102514605987,3040.8169827201677,14291.986565904685,28817.057448670916,14525.070882766231,2232.0424087457473,7697.522605308481,16958.09685491615,12227.059858538472,734.6625075502357,47079.259478033426,46344.59697048319,5390.425435259759,20565.70701607259,-937.6,8894.807734852957,38160.0,-3671.4,6718.361797343158,29248.0,13433.0,5313.904684880978,20052.0,-2315.225,12102.95792872036,55518.0,-613.4,7056.9640419942625,29457.0,-5331.6,14374.742595608452,50725.0
exercise_4_hand_wave_3,11,exercise_4_hand_wave,0.0,0.0,0.0,0.35,0.47696960070847294,0.35,0.0,0.0,0.0,0.275,0.4465142774872936,0.275,0.0,0.0,0.0,18684.972078942723,3208.1872154116613,13231.024752452095,27073.3740786035,13842.349326151407,2305.534997296667,9024.637391510965,20671.849676906557,9161.865044049619,3593.389207976225,35779.10968707858,32185.72047910235,5927.287183886582,14827.051128825991,3342.7,9831.002731664761,35872.0,-9733.2,7332.430603831174,37172.0,9477.0,3644.8784616225544,13296.0,2264.775,9267.852274091068,44196.0,-116.675,10723.892325987565,42760.0,617.2,17459.852034310024,65535.0
exercise_4_hand_wave_3,12,exercise_4_hand_wave,0.0,0.0,0.0,0.4,0.48989794855663577,0.4,0.0,0.0,0.0,0.4,0.48989794855663577,0.4,0.0,0.0,0.0,18631.216556694068,4005.925263602524,11162.29438780397,30553.78627928133,19391.49189147736,3120.15917975751,14068.645427139496,20484.460678445997,10149.152294068683,3063.3788534884156,39018.95916090023,35955.580307411816,6123.230290550886,20740.97880448043,5053.9,9630.734135568277,31644.0,-7468.6,7902.555108317814,39488.0,10368.6,4374.756363501857,16760.0,-2382.35,8204.72049051642,32674.0,3495.45,13261.124586455704,44375.0,1975.525,16051.389245151804,64462.0
exercise_4_hand_wave_3,13,exercise_4_hand_wave,0.0,0.0,0.0,0.1,0.2999999999999999,0.1,0.0,0.0,0.0,0.25,0.4330127018922193,0.25,0.0,0.0,0.0,18736.435976093206,4715.050891958658,10659.941463253914,29429.595172207177,18769.653708953265,2929.082937652662,9562.502572645531,24358.793036058374,11177.251989038901,1298.2915697176809,43589.580337507265,42291.288767789585,5332.241647725108,19964.244530370048,-2300.2,11628.704414508093,44668.0,-7481.1,5562.477864225618,25156.0,11496.4,3700.3812560329507,16376.0,1542.875,8095.463721083246,36838.0,-1612.95,13329.893219658587,45290.0,-2702.425,21512.182647150777,65535.0
exercise_4_hand_wave_3,14,exercise_4_hand_wave,0.0,0.0,0.0,0.0,0.0,0.0,0.0,0.0,0.0,0.225,0.4175823272122517,0.225,0.0,0.0,0.0,19058.151815126934,5109.949333562312,10415.377093509385,35684.193923921,25268.81683041161,3948.2438924346143,17877.73711747014,22661.02185717221,10987.497544425825,3284.106727863758,39737.15785005264,36453.05112218888,6843.7789796344705,27629.514477052428,2602.3,11726.152613282839,40216.0,-6813.5,9329.77871924088,44424.0,9785.2,3978.871719470232,14348.0,121.45,10051.463930567525,37571.0,1229.35,11117.588925999198,41673.0,1507.35,20144.8789442255,65535.0
exercise_4_hand_wave_3,15,exercise_4_hand_wave,0.0,0.0,0.0,0.3,0.4582575694955839,0.3,0.0,0.0,0.0,0.275,0.4465142774872935,0.275,0.0,0.0,0.0,18744.73982521364,3664.413689125435,12380.60030854724,27394.319119116648,15013.718810569408,2630.5142044126837,8716.281963141184,17533.004375397846,11175.114695039156,755.0986690492839,39712.90059917558,38957.80193012629,6197.018479624963,25352.170524700512,-6653.3,4961.799785360147,26212.0,-9153.6,7000.16810083872,31408.0,11827.8,4818.686704902073,22360.0,-1282.95,8214.576650534094,40778.0,2113.325,10898.040714705327,41131.0,3134.85,15169.162209149848,60141.0
exercise_4_hand_wave_3,16,exercise_4_hand_wave,0.0,0.0,0.0,0.075,0.26339134382131846,0.075,0.0,0.0,0.0,0.0,0.0,0.0,0.0,0.0,0.0,18996.01165467849,3500.951758496431,12797.66353675545,27750.422843625285,14952.759306869835,3370.4997204513625,8238.10919300968,22562.328935888065,9406.996585722143,4568.312051513119,38459.2387470163,33890.926695503185,6498.010718013145,21795.87395690964,8781.6,8383.460278429187,36060.0,-7328.0,9621.206410840587,41704.0,7964.1,4001.5161614068234,18580.0,-1134.65,12231.842444108739,43176.0,3186.975,10909.97293417243,45220.0,-4036.85,17354.088699136577,57882.0
exercise_5_finger_typing_1,1,exercise_5_finger_typing,0.0,0.0,0.0,0.0,0.0,0.0,0.0,0.0,0.0,0.0,0.0,0.0,0.0,0.0,0.0,16712.108758231298,38.63745654816315,16641.500413123813,16794.363816471287,152.86340334747365,46.63714474187453,124.9122025790457,1126.849997161993,19.48740352166376,1090.9857927580908,1175.1995575220405,84.21376476394971,21.541376175526565,66.29636816896664,16240.6,36.271752094432934,140.0,1978.1,34.7561505348334,164.0,3408.7,65.91441420508872,252.0,-484.3,17.261517893858585,76.0,1012.65,20.086749363697457,97.0,94.175,24.367896400797505,104.0
exercise_5_finger_typing_1,2,exercise_5_finger_typing,0.0,0.0,0.0,0.0,0.0,0.0,0.0,0.0,0.0,0.0,0.0,0.0,0.0,0.0,0.0,16698.90541369408,26.698024246975105,16650.376572318117,16750.434979426653,100.0584071085359,31.42189912857243,92.82746814220809,1127.4149736755915,21.578974305237697,1078.0844122794838,1169.7324480410039,91.64803576152008,26.434315118919205,59.39828030505919,16226.0,25.79922479455536,116.0,1979.7,36.28098675615094,160.0,3412.8,51.7779876009101,224.0,-490.875,17.979415313074004,77.0,1009.675,19.48638948086587,89.0,99.725,21.91459274091125,88.0
exercise_5_finger_typing_1,3,exercise_5_finger_typing,0.0,0.0,0.0,0.0,0.0,0.0,0.0,0.0,0.0,0.0,0.0,0.0,0.0,0.0,0.0,16693.843171962326,42.943566769221846,16607.597779329797,16762.388373975828,154.7905946460305,54.812877979962835,135.25741325907074,1126.349008155362,21.84060043661955,1085.3764323956918,1181.0309056074698,95.65447321177794,23.200298491724343,64.6191203562696,16222.6,44.869143071826095,180.0,1972.6,35.45758028969264,176.0,3408.2,56.96279487525168,196.0,-485.825,21.9053503738242,96.0,1010.875,22.5800658767861,88.0,99.15,20.602851744358112,82.0
exercise_5_finger_typing_1,4,exercise_5_finger_typing,0.0,0.0,0.0,0.0,0.0,0.0,0.0,0.0,0.0,0.0,0.0,0.0,0.0,0.0,0.0,16704.394188181916,37.148429767802554,16618.266576270824,16779.978069115587,161.7114928447627,48.18608823014363,161.7114928447627,1123.9568263517738,19.42620645543593,1077.2678404185285,1159.331704043325,82.06386362479657,23.262381379465044,72.08023566634483,16235.2,34.781604333325404,156.0,1977.0,32.27072977172968,144.0,3397.3,63.39329617554209,248.0,-482.725,21.97383387122056,92.0,1010.1,19.285746031719903,74.0,95.0,21.239114859146085,89.0
exercise_5_finger_typing_1,5,exercise_5_finger_typing,0.0,0.0,0.0,0.0,0.0,0.0,0.0,0.0,0.0,0.0,0.0,0.0,0.0,0.0,0.0,16698.51991154605,40.19407543450057,16621.803030959065,16794.788239212783,172.98520825371816,46.547635778619174,160.27169179199336,1122.3082944552993,17.34119940596735,1089.844484318749,1164.9690983026117,75.12461398386267,22.59734644207372,58.37229029770401,16228.3,33.14679471683498,132.0,1983.9,38.74519325026009,144.0,3397.1,75.59358438386155,332.0,-483.525,23.251868204512082,90.0,1007.675,19.0950091647006,64.0,96.475,21.41493345775326,77.0
exercise_5_finger_typing_1,6,exercise_5_finger_typing,0.0,0.0,0.0,0.0,0.0,0.0,0.0,0.0,0.0,0.0,0.0,0.0,0.0,0.0,0.0,16698.707675050227,37.92074918292677,16619.96101078459,16780.89437425789,160.9333634732975,47.12465389371657,119.41657533291436,1123.5536864816145,18.909352013591043,1089.0532585691114,1168.9486729536075,79.89541438449601,20.964429774508478,64.81438488309118,16228.5,35.532379599458295,156.0,1979.4,28.32031073275857,116.0,3400.1,57.40026132344695,248.0,-488.05,20.115851958095135,72.0,1007.05,18.59428675695844,88.0,95.65,22.10492026676414,105.0
exercise_5_finger_typing_1,7,exercise_5_finger_typing,0.0,0.0,0.0,0.0,0.0,0.0,0.0,0.0,0.0,0.0,0.0,0.0,0.0,0.0,0.0,16697.113472240824,34.32339018662935,16609.561583618033,16756.811629901436,147.2500462834032,47.1650100626329,124.37806011201246,1120.5153045446652,20.21885954193007,1067.8562637359018,1161.7168329674835,93.86056923158162,20.81504252495959,71.63485075336871,16227.7,35.61334019717891,148.0,1983.3,29.78439188568402,132.0,3393.5,71.08129149079946,288.0,-488.05,20.94152573238158,94.0,1003.775,19.16309930569687,84.0,95.125,18.755249265205727,88.0
exercise_5_finger_typing_1,8,exercise_5_finger_typing,0.0,0.0,0.0,0.0,0.0,0.0,0.0,0.0,0.0,0.0,0.0,0.0,0.0,0.0,0.0,16696.334698409002,40.344004553175964,16607.869459987938,16782.038493579974,174.1690335920357,48.82581072555602,162.48278351359477,1124.5486687822972,16.352875587013223,1091.7082943717155,1161.163209889118,69.45491551740247,17.316158072222063,49.33654308156133,16224.1,39.2274138836605,172.0,1987.7,34.57614784790231,132.0,3404.4,64.6083585923679,284.0,-489.125,21.576824951785653,108.0,1007.45,20.471870945275132,87.0,97.25,18.3340530161773,85.0
exercise_5_finger_typing_1,9,exercise_5_finger_typing,0.0,0.0,0.0,0.0,0.0,0.0,0.0,0.0,0.0,0.0,0.0,0.0,0.0,0.0,0.0,16706.841903382097,28.41857484164829,16628.502758817463,16759.284471599614,130.78171278215086,31.09664916921872,96.82319184428707,1122.9266301602813,15.362560882695657,1101.3646081112286,1164.0008591062121,62.636250994983584,19.861105076870064,59.80477144786505,16239.5,27.787587156858365,140.0,1982.2,35.48464456634729,164.0,3385.8,56.77992603024418,268.0,-481.675,19.388640359757048,95.0,1009.5,16.189502771858066,79.0,94.9,21.334010405922275,111.0
exercise_5_finger_typing_1,10,exercise_5_finger_typing,0.0,0.0,0.0,0.0,0.0,0.0,0.0,0.0,0.0,0.0,0.0,0.0,0.0,0.0,0.0,16694.97963645605,47.89298818983921,16593.336976027455,16787.914224226904,194.57724819944997,61.38369463682727,176.65610004869814,1123.9131172769048,14.979312831730542,1096.818581170104,1162.7011653903164,65.8825842202125,15.914035577441096,44.071199762718834,16225.9,45.79945414521881,204.0,1977.9,35.944262407232664,160.0,3394.7,73.08837116805928,328.0,-487.525,23.492538709130606,104.0,1007.1,16.11645122227595,67.0,101.3,20.017742130420203,110.0
exercise_5_finger_typing_1,11,exercise_5_finger_typing,0.0,0.0,0.0,0.0,0.0,0.0,0.0,0.0,0.0,0.0,0.0,0.0,0.0,0.0,0.0,16695.744309251695,35.09359043836555,16631.36843437725,16768.89787672404,137.52944234678944,37.915246063676115,91.81531970339711,1125.7325074678588,18.842681075872818,1087.0147193115647,1168.9734813074247,81.95876199585996,21.754574219714776,56.9348129149987,16223.0,35.02855977627399,140.0,1977.5,37.32760372700074,164.0,3412.9,48.65788733597051,240.0,-487.05,19.951127787671552,88.0,1010.4,18.26718369097985,81.0,91.475,20.086049263107963,81.0
exercise_5_finger_typing_1,12,exercise_5_finger_typing,0.0,0.0,0.0,0.0,0.0,0.0,0.0,0.0,0.0,0.0,0.0,0.0,0.0,0.0,0.0,16713.47348213312,37.75396711594231,16634.895851793,16793.33296281593,158.43711102292946,46.81058722522441,129.7994332397684,1120.649102802588,16.96653729417783,1086.5270360188927,1155.7806885391362,69.25365252024358,19.226075321097078,56.90905173257852,16242.3,36.59385194264193,140.0,1981.2,30.986448650982894,120.0,3405.6,61.21960470306877,224.0,-484.7,18.732591918899,93.0,1005.275,17.28581427066715,73.0,98.35,17.54786311777021,90.0
exercise_5_finger_typing_1,13,exercise_5_finger_typing,0.0,0.0,0.0,0.0,0.0,0.0,0.0,0.0,0.0,0.0,0.0,0.0,0.0,0.0,0.0,16701.592830648042,38.05416200623673,16616.27009891209,16794.324755702444,178.05465679035478,40.6400659757959,116.38587675417511,1126.4697998046984,21.720730373605765,1072.973904622102,1171.0888096126612,98.11490499055913,25.86369374996516,60.8406834804166,16231.2,33.264996618066874,140.0,1971.7,41.29297761121132,164.0,3405.5,70.39140572541508,316.0,-488.15,20.985173337382758,93.0,1010.575,21.710466945692346,97.0,92.375,20.220889569947214,90.0
exercise_5_finger_typing_1,14,exercise_5_finger_typing,0.0,0.0,0.0,0.0,0.0,0.0,0.0,0.0,0.0,0.0,0.0,0.0,0.0,0.0,0.0,16705.22623701573,37.09946254615691,16626.55706994085,16793.168134690965,166.61106475011547,43.7521857186479,128.3496238280277,1126.671595280644,17.31087484124248,1083.4768110116618,1170.939366491707,87.46255548004524,19.89722406309217,86.94277187304033,16235.2,33.5761820342933,156.0,1985.5,36.92898590538332,168.0,3396.3,68.45370698508592,376.0,-488.525,17.956875424193374,79.0,1010.275,15.951469368055099,80.0,96.6,21.62960933535324,118.0
exercise_5_finger_typing_2,1,exercise_5_finger_typing,0.0,0.0,0.0,0.0,0.0,0.0,0.0,0.0,0.0,0.0,0.0,0.0,0.0,0.0,0.0,16688.156967609153,35.44325659746124,16623.224717244244,16768.607336329394,145.3826190851505,39.88324432311884,100.06778154318818,1126.6683428089086,15.323847827078096,1100.9877383513406,1157.4087437029323,56.4210053515917,18.373373570904576,49.5039644010285,16227.3,34.30320684717392,152.0,1931.1,31.5909797252317,136.0,3381.8,51.77605624224386,212.0,-494.05,18.23588495247763,78.0,1007.525,16.56500452761785,65.0,97.9,15.264009958068028,63.0
exercise_5_finger_typing_2,2,exercise_5_finger_typing,0.0,0.0,0.0,0.0,0.0,0.0,0.0,0.0,0.0,0.0,0.0,0.0,0.0,0.0,0.0,16695.823445677266,40.03337074820741,16610.66693423235,16778.6826658114,168.01573157904932,51.924150007103144,168.01573157904932,1126.5651405916992,18.521177165725902,1091.311138035345,1176.7200176762526,85.40887964090757,19.82372248881292,66.73635667288158,16236.1,33.316512422521065,136.0,1934.8,32.22669700729505,160.0,3375.1,65.42468952925951,256.0,-492.55,24.389495689743164,122.0,1008.325,17.424677184958117,74.0,94.275,19.519205286076584,87.0
exercise_5_finger_typing_2,3,exercise_5_finger_typing,0.0,0.0,0.0,0.0,0.0,0.0,0.0,0.0,0.0,0.0,0.0,0.0,0.0,0.0,0.0,16705.33488226406,35.766903859252466,16625.284358470384,16758.112065504276,132.82770703389178,45.22511588963943,116.31986573704489,1129.9284868133727,17.2065303777938,1077.4465183943007,1156.8115663322183,79.36504793791755,17.59276072076639,50.88189124537507,16241.2,34.70100863087412,136.0,1948.9,32.502153774788525,144.0,3389.5,61.10114565210705,232.0,-495.675,18.277564799502148,73.0,1010.275,19.425482619487223,89.0,97.25,22.71976012197312,103.0
exercise_5_finger_typing_2,4,exercise_5_finger_typing,0.0,0.0,0.0,0.0,0.0,0.0,0.0,0.0,0.0,0.0,0.0,0.0,0.0,0.0,0.0,16706.187855354503,38.67481875583072,16636.307763443187,16787.404802410645,151.0970389674585,47.55479042675972,146.70577863162544,1124.244757734163,17.53210504341547,1088.810819196797,1153.5167965833875,64.70597738659058,21.48908464928084,55.66373272648639,16244.7,41.02572363773732,144.0,1935.0,33.45145736735546,132.0,3384.8,63.4992913346283,264.0,-486.225,22.991832789057945,112.0,1008.575,17.466950935981924,77.0,96.45,21.42539381201662,87.0
exercise_5_finger_typing_2,5,exercise_5_finger_typing,0.0,0.0,0.0,0.0,0.0,0.0,0.0,0.0,0.0,0.0,0.0,0.0,0.0,0.0,0.0,16701.390005994,31.7343297345065,16629.851232046545,16814.942402518063,185.09117047151813,33.29644393080712,129.03409640538666,1127.2034844603838,19.385680807469935,1084.1356003747871,1171.447822141473,87.31222176668575,22.02655396105547,58.80664963190702,16239.3,30.224327949517754,156.0,1935.0,40.19701481453567,148.0,3387.1,58.05161496461576,248.0,-492.925,22.066249681357274,85.0,1008.55,19.72808911172088,82.0,97.775,19.474967907547374,75.0
exercise_5_finger_typing_2,6,exercise_5_finger_typing,0.0,0.0,0.0,0.0,0.0,0.0,0.0,0.0,0.0,0.0,0.0,0.0,0.0,0.0,0.0,16705.155698351162,37.63899368604443,16624.456682851323,16780.225981791784,155.76929894046043,49.9409976226929,127.96976826315222,1127.8774086267986,18.420806423671408,1072.2261888239814,1171.6164048015032,99.39021597752185,22.427586191878984,81.73481571646676,16243.6,35.2794557781154,152.0,1931.7,35.59086961567531,172.0,3386.8,68.64517463012238,284.0,-495.3,22.50577703613008,97.0,1008.2,19.428329830430613,70.0,96.975,19.21781400159758,89.0
exercise_5_finger_typing_2,7,exercise_5_finger_typing,0.0,0.0,0.0,0.0,0.0,0.0,0.0,0.0,0.0,0.0,0.0,0.0,0.0,0.0,0.0,16693.899544442826,23.511700312919977,16641.29273824603,16732.69087744108,91.39813919505104,28.727551978756356,68.48819790456764,1125.362792158657,14.600891235521068,1093.6987702288047,1162.8551070533251,69.1563368245204,16.47902103675293,46.02295482642876,16233.9,22.55637382204861,84.0,1938.1,32.161934021448396,148.0,3374.3,60.41779539175523,252.0,-497.375,21.068563667227057,88.0,1004.15,18.04653706393556,85.0,99.225,18.44788266983504,76.0
exercise_5_finger_typing_2,8,exercise_5_finger_typing,0.0,0.0,0.0,0.0,0.0,0.0,0.0,0.0,0.0,0.0,0.0,0.0,0.0,0.0,0.0,16701.38376813149,44.92471028332668,16587.200848847282,16815.78781978412,228.58697093683804,51.473137630446544,172.87075004512735,1122.5527351311898,18.249160240515973,1082.3516064569776,1162.254705303446,79.90309884646831,19.993544247104825,75.76908643865863,16239.7,44.76952088195716,204.0,1934.5,31.466649011294482,144.0,3385.5,59.0504022001544,244.0,-498.7,21.654329821077354,103.0,1000.725,19.749667718723774,76.0,95.0,20.530465167647808,82.0
exercise_5_finger_typing_2,9,exercise_5_finger_typing,0.0,0.0,0.0,0.0,0.0,0.0,0.0,0.0,0.0,0.0,0.0,0.0,0.0,0.0,0.0,16704.32262482798,47.358691494594154,16615.563306731434,16843.931607555285,228.3683008238513,54.02765520471738,170.22488109520782,1125.5033400805066,14.916650683836918,1094.0722096827064,1155.8187574183073,61.74654773560087,17.989633721556086,55.36964594677056,16239.9,45.8910666687973,220.0,1930.3,31.16263788577598,132.0,3401.3,65.63771781529273,272.0,-491.1,19.97097894445838,78.0,1007.625,15.232674584589537,66.0,97.75,17.52105875796323,70.0
exercise_5_finger_typing_2,10,exercise_5_finger_typing,0.0,0.0,0.0,0.0,0.0,0.0,0.0,0.0,0.0,0.0,0.0,0.0,0.0,0.0,0.0,16704.424275956502,36.425387234927925,16636.427501119342,16812.52771001434,176.1002088949972,40.958924036988606,93.38371278768682,1125.3651447367538,19.73172601737367,1070.1182177684857,1166.6966186631382,96.57840089465253,23.337783052053346,67.31485718581689,16240.4,34.232148632535456,144.0,1939.1,40.48197129587441,152.0,3394.2,70.79519757723683,312.0,-493.725,18.5026856158775,82.0,1006.4,20.15911704415647,88.0,95.675,18.11820562307427,90.0
exercise_5_finger_typing_2,11,exercise_5_finger_typing,0.0,0.0,0.0,0.0,0.0,0.0,0.0,0.0,0.0,0.0,0.0,0.0,0.0,0.0,0.0,16707.83922980275,42.093598850447954,16615.961964328155,16786.772888199805,170.81092387164972,48.280234679107174,120.79220898383574,1126.5891172467698,18.954838462644545,1079.5675059948776,1162.1170336932507,82.54952769837314,20.189654944953983,76.1078256291571,16244.1,37.88918051370339,164.0,1932.7,29.66327695990448,164.0,3396.9,79.40018891665181,332.0,-493.025,17.520684204676485,76.0,1007.225,18.408540816697016,82.0,102.725,28.074888690785578,110.0
exercise_5_finger_typing_3,1,exercise_5_finger_typing,0.0,0.0,0.0,0.0,0.0,0.0,0.0,0.0,0.0,0.0,0.0,0.0,0.0,0.0,0.0,16715.735244104893,1705.4926704591294,14104.320472819667,22599.990442475857,8495.66996965619,1862.7798199241456,7879.63772931032,6371.146253651532,4181.753898136769,639.6381789730816,15968.603476822887,15328.965297849805,4305.87182910763,11089.9827770974,16012.9,1678.2646960476764,8460.0,-3629.2,2515.503798446744,9408.0,-1126.0,1525.8581847603007,5944.0,-611.175,3738.02377525545,17424.0,791.525,3059.613627465893,15376.0,91.3,5808.2812053136695,28078.0
exercise_5_finger_typing_3,2,exercise_5_finger_typing,0.0,0.0,0.0,0.0,0.0,0.0,0.0,0.0,0.0,0.025,0.1561249499599599,0.025,0.0,0.0,0.0,16939.998211439564,1879.7533339308882,13978.811394392585,23819.40251139814,9840.591117005555,1969.6131845235,7375.9313450050795,15404.703316243249,9938.537325156256,3454.0057903831025,37225.169992895935,33771.16420251283,5702.902894865884,25815.68698393456,6232.1,10823.565419490937,30952.0,-7474.8,4789.113755174334,17708.0,4517.9,5940.429882592673,21708.0,2643.675,6537.528204097862,24501.0,667.2,6385.177699954796,33814.0,6080.55,14427.83343047389,47037.0
exercise_5_finger_typing_3,3,exercise_5_finger_typing,0.0,0.0,0.0,0.175,0.37996710383926635,0.175,0.075,0.2633913438213187,0.075,0.05,0.21794494717703364,0.05,0.2,0.40000000000000013,0.2,16932.87679520054,413.00973179717755,15770.186555649872,17801.370284334855,2031.1837286849823,462.2445205084095,1407.0501822847236,1849.3240731132912,1021.5911841845863,642.0101245307585,5871.95555160289,5229.945427072132,1089.6102594072513,4774.800594452352,-2880.3,597.645639154173,2604.0,-11063.6,756.8861473167547,4064.0,12455.5,352.1126950281685,1672.0,-543.025,689.1252965716757,3288.0,945.7,617.9332973711645,2444.0,-487.85,1476.3775186245555,8475.0
exercise_5_finger_typing_3,4,exercise_5_finger_typing,0.0,0.0,0.0,0.15,0.3570714214271425,0.15,0.175,0.37996710383926635,0.175,0.15,0.3570714214271425,0.15,0.0,0.0,0.0,16948.828845756874,280.94902961135176,16371.39407625386,17777.10212604968,1405.7080497958177,344.8185746106692,1405.7080497958177,1186.495802785971,368.14376943155656,335.8184033075019,2110.7140971718554,1774.8956938643535,356.2388384006734,1206.762855902814,-2547.8,289.6452312743989,1252.0,-11248.9,391.33564877225285,1956.0,12409.2,295.65682809635905,1520.0,-447.35,248.46142054653075,1300.0,961.45,383.9064306572632,1762.0,130.075,439.04130713977247,1651.0
exercise_5_finger_typing_3,5,exercise_5_finger_typing,0.0,0.0,0.0,0.225,0.4175823272122518,0.225,0.05,0.2179449471770336,0.05,0.2,0.4000000000000001,0.2,0.175,0.3799671038392666,0.175,16928.765757178022,232.9213141745233,16199.520980572233,17623.33180757827,1423.8108270060366,241.2614482832933,1162.8730047380523,1223.1201739803978,284.18451752718966,498.3753605466466,1834.3949956320748,1336.0196350854283,276.5388116698252,766.8658993342119,-2425.6,239.87630145556273,1040.0,-11307.0,314.3676191976521,1488.0,12357.4,209.4651283626943,1080.0,-490.525,297.433604986054,1746.0,1003.275,281.6945142792099,1684.0,-59.9,397.74582335959224,2128.0
exercise_5_finger_typing_3,6,exercise_5_finger_typing,0.0,0.0,0.0,0.175,0.3799671038392664,0.175,0.125,0.33071891388307384,0.125,0.2,0.4000000000000001,0.2,0.0,0.0,0.0,17101.31280185749,1788.3040158276003,12807.535906644962,21075.621556670634,8268.085650025672,1642.4342794848787,7853.273202463655,8277.471188676303,9883.711965685448,523.3765374947562,34220.07950019988,33696.70296270512,3250.0659242221504,15989.849366023464,3851.8,7674.705411936018,21420.0,-10707.0,2706.0811148226876,11580.0,8653.7,5006.617292144468,15136.0,-3624.25,6099.512151598683,25557.0,682.2,2024.1623106855836,13502.0,-5094.75,9238.287042926302,34683.0
exercise_5_finger_typing_3,7,exercise_5_finger_typing,0.075,0.26339134382131857,0.075,0.05,0.21794494717703364,0.05,0.075,0.2633913438213187,0.075,0.05,0.2179449471770336,0.05,0.1,0.3,0.1,16635.292722655777,1111.4255852533736,14490.261005240727,18745.91795565104,4255.656950410312,1280.1938954314846,3906.128336108448,6309.739064490863,4461.804689588953,1464.1700720886217,19180.771856210584,17716.601784121962,3316.5668587491273,16719.978894582156,15258.1,1186.6075973126076,5272.0,-5798.9,2147.8541826669702,9796.0,1859.3,1432.8511122932487,7472.0,222.9,3015.1548534030553,12452.0,763.45,2947.355814539534,15920.0,279.6,6421.193548710396,34281.0
exercise_5_finger_typing_3,8,exercise_5_finger_typing,0.0,0.0,0.0,0.0,0.0,0.0,0.025,0.15612494995995996,0.025,0.0,0.0,0.0,0.1,0.2999999999999999,0.1,16638.11780534797,1249.0879454076994,14389.232641110504,19984.878283342132,5595.645642231628,1470.6546396017611,3762.406461822453,5991.388269642721,4647.361195064099,1434.8567872787862,22536.340718936604,21101.483931657818,4146.99567391521,19864.877823817154,15127.4,1003.0084944804806,4320.0,-6364.8,2410.0924795534297,12356.0,1105.8,1000.454676634579,4584.0,47.85,2709.9708536255516,13357.0,591.75,3213.192398145495,14036.0,-369.725,6271.92138019722,37300.0
exercise_5_finger_typing_3,9,exercise_5_finger_typing,0.55,0.4974937185533101,0.55,0.05,0.2179449471770336,0.05,0.0,0.0,0.0,0.025,0.15612494995995996,0.025,0.2,0.40000000000000013,0.2,16742.099343331818,1264.8716844045612,14399.850554780074,19508.911604700043,5109.061049919968,1628.2750695823333,5109.061049919968,8217.716461871163,3840.0444303799013,2722.712250679458,17968.44083386202,15245.728583182561,3853.0818438788715,10992.036459114237,15050.8,996.4830956920442,4684.0,-6419.7,2612.64439026822,10140.0,1974.2,1562.7882646091248,7224.0,-815.675,3635.1583829834703,15497.0,903.075,3510.5106921037855,16267.0,-58.875,7433.330805189219,28271.0
exercise_5_finger_typing_3,10,exercise_5_finger_typing,0.425,0.4943429983321296,0.425,0.05,0.21794494717703364,0.05,0.075,0.2633913438213186,0.075,0.1,0.2999999999999999,0.1,0.525,0.4993746088859544,0.525,16698.04033022346,1176.7974890484843,14633.514410421032,19447.35251904485,4813.838108623817,1513.0246339037976,4113.879331117527,6949.661037429267,3530.665346622018,1734.430742347471,15565.094024772225,13830.663282424754,3398.1890423189952,11864.723637905527,15439.6,1253.8665957748456,5308.0,-5443.6,2360.0445419525454,10536.0,1817.4,1323.0418133982007,6192.0,-337.1,3072.4698843113174,11802.0,893.775,2979.001766426969,13374.0,423.35,6430.9539127177695,25128.0
exercise_5_finger_typing_3,11,exercise_5_finger_typing,0.15,0.3570714214271425,0.15,0.025,0.15612494995995996,0.025,0.2,0.4000000000000001,0.2,0.05,0.2179449471770336,0.05,0.325,0.4683748498798798,0.325,16828.23937099858,1353.2565434437413,13816.638665029928,19986.362550499278,6169.72388546935,1722.8873794434364,6169.72388546935,7025.239829466585,4291.414083781278,907.1411136091231,23203.689383371773,22296.54826976265,4010.7270683602765,17461.032855248224,15284.0,1149.720661726143,4356.0,-6134.4,2434.1246968879796,14504.0,1989.3,1607.883425500742,9820.0,-584.575,3324.8183099795087,18060.0,1228.0,3397.2548991796302,13810.0,185.925,6579.528236840009,33156.0
exercise_5_finger_typing_3,12,exercise_5_finger_typing,0.0,0.0,0.0,0.05,0.21794494717703367,0.05,0.2,0.4000000000000001,0.2,0.0,0.0,0.0,0.4,0.4898979485566357,0.4,16953.327142644303,1509.361585068302,14085.045118848573,20735.626925656237,6650.581806807664,1753.598281810006,5122.749164013447,8003.5572755520725,4602.448664782419,1278.4279408711309,22343.765774819607,21065.337833948477,4402.664447264458,16658.953200952285,15644.0,1522.1831690043089,6524.0,-5051.7,3605.1672235833944,16452.0,937.5,1801.6342997400998,8408.0,-371.95,3345.91435896079,16230.0,235.35,3813.724482379397,17577.0,-206.375,7698.278923524075,31960.0
exercise_5_finger_typing_3,13,exercise_5_finger_typing,0.0,0.0,0.0,0.2,0.4000000000000001,0.2,0.275,0.44651427748729366,0.275,0.025,0.15612494995995993,0.025,0.375,0.4841229182759271,0.375,16839.694708954547,1174.6312226431717,15052.678167023967,21031.98820844097,5979.310041417002,1230.4924968203513,4888.177505883781,7174.827742341881,4289.945351367699,1655.1948525777864,18459.625185793997,16804.43033321621,4305.333444727507,11680.456281818919,15752.2,1495.0641324036903,8460.0,-5084.3,2359.101589588715,11836.0,871.0,1553.6881926564288,7908.0,-445.05,4064.8283724531348,20232.0,1040.9,3120.231151693734,14016.0,180.6,6504.533299169126,27038.0
exercise_5_finger_typing_3,14,exercise_5_finger_typing,0.5,0.5,0.5,0.1,0.29999999999999977,0.1,0.175,0.37996710383926646,0.175,0.0,0.0,0.0,0.225,0.41758232721225164,0.225,16850.826766249673,1913.9172641061807,12691.034315610372,22099.13265266309,9408.09833705272,2380.8577551059175,7218.395225740935,9742.128334703073,5216.923790432008,1632.2101580372548,27211.261584130934,25579.05142609368,5351.641589000343,20574.49023052834,15016.6,2219.9359540311066,8292.0,-5263.5,4676.43677921556,20436.0,775.2,2648.135676282467,12228.0,684.35,4542.927148601439,18897.0,1090.475,4842.1323969275145,19933.0,1721.75,8568.49061314185,38666.0
exercise_5_finger_typing_3,15,exercise_5_finger_typing,0.675,0.4683748498798799,0.675,0.25,0.4330127018922193,0.25,0.1,0.29999999999999977,0.1,0.0,0.0,0.0,0.175,0.3799671038392666,0.175,16643.002172600518,907.8481606603134,14060.40568404767,18638.879365455425,4578.473681407755,1177.0328720019081,4578.473681407755,6963.482840412684,4139.864636226419,1124.6159344416208,17837.293684861503,16712.677750419884,3874.6060673286356,12010.560506906353,13879.4,1196.6197558121794,4992.0,-8332.3,2093.2817082275383,8588.0,2887.5,1263.866507982548,5592.0,-983.875,3481.067057580908,16098.0,666.775,3135.4258043166956,15827.0,-871.375,6442.666865078079,29866.0
exercise_5_finger_typing_3,16,exercise_5_finger_typing,0.275,0.44651427748729344,0.275,0.15,0.3570714214271425,0.15,0.125,0.33071891388307384,0.125,0.075,0.26339134382131874,0.075,0.025,0.1561249499599599,0.025,16616.985386410513,1416.1458497695003,12994.42157235173,19613.853879337432,6619.432306985702,1662.8485555463117,5918.883797149392,8117.363044197607,4533.16988526737,908.2015194878283,21230.955842825355,20322.754323337525,4145.858235199957,12172.431301595409,14844.8,1747.7837852549153,8404.0,-6802.4,2491.395079067148,10632.0,491.7,1409.0326859232189,5768.0,-707.225,3019.3248540650607,12868.0,679.05,2958.645627225403,10513.0,-180.625,8220.54766936942,33639.0
exercise_5_finger_typing_3,17,exercise_5_finger_typing,0.225,0.41758232721225164,0.225,0.275,0.44651427748729355,0.275,0.075,0.26339134382131846,0.075,0.0,0.0,0.0,0.125,0.33071891388307384,0.125,16809.72762899186,1132.4470138191145,13625.715687625367,19212.54173710496,5586.826049479592,1188.313653162069,3654.0519034043227,8514.834368182357,4972.189264541379,2787.992826389623,20775.92534641959,17987.932520029968,5264.646684306024,16108.851959381413,15220.0,1557.9894736486508,7328.0,-6058.6,2688.420287083104,11620.0,1470.4,1917.6376717200778,9212.0,-572.3,3997.3416491463427,18099.0,1217.55,3962.7024487715453,19111.0,-264.75,7978.926719020547,32958.0
exercise_5_finger_typing_3,18,exercise_5_finger_typing,0.075,0.26339134382131857,0.075,0.025,0.15612494995995996,0.025,0.25,0.4330127018922193,0.25,0.0,0.0,0.0,0.225,0.41758232721225175,0.225,17402.98005198635,3060.947191665539,13128.027422274834,32755.596529448216,19627.56910717338,2950.9123516391805,17728.842255820127,12138.690991358024,6366.783362996075,3096.8897300356048,27169.743060986057,24072.853330950453,6764.613756549843,19680.89241485884,15449.5,2995.222020151428,18420.0,-5404.8,3687.631673581298,20604.0,1544.0,4402.304033117204,26752.0,-557.55,4882.010917388448,21181.0,1211.6,8188.709995475477,41505.0,93.175,9757.419189743516,41782.0
idle_1,1,idle,0.0,0.0,0.0,0.0,0.0,0.0,0.0,0.0,0.0,0.0,0.0,0.0,0.0,0.0,0.0,16703.05645620122,39.1589192245878,16627.867692521493,16796.366273691463,168.49858116996984,47.61126899073674,135.98846682110525,1126.2326424046425,17.247758760396128,1081.5627582345835,1164.1245637817287,82.56180554714524,18.687224434688368,53.17465632439712,16219.0,37.87083310411853,148.0,2077.7,35.28044784296254,148.0,3408.0,60.722318796304215,284.0,-484.075,21.529500110313755,87.0,1011.775,20.244119516541094,92.0,97.2,18.947559209565753,97.0
idle_1,2,idle,0.0,0.0,0.0,0.0,0.0,0.0,0.0,0.0,0.0,0.0,0.0,0.0,0.0,0.0,0.0,16711.894145900285,36.46445150683528,16620.691201030117,16795.978090007142,175.28688897702523,42.08646422324856,171.4285321995667,1125.4847315225627,16.695631452096084,1080.1541556648292,1161.8218452069148,81.66768954208555,19.146637342117554,46.90307447035775,16229.8,36.23203002869147,152.0,2064.9,32.51445832241404,136.0,3407.8,55.17934396130494,224.0,-483.6,18.302732036502096,89.0,1011.375,20.870658231114803,86.0,95.6,18.33957469517764,86.0
idle_1,3,idle,0.0,0.0,0.0,0.0,0.0,0.0,0.0,0.0,0.0,0.0,0.0,0.0,0.0,0.0,0.0,16714.37056722086,26.505501715067716,16670.25566690565,16781.9193181233,111.6636512176483,31.392036561866497,63.40550857671042,1123.5043828213932,20.46342544932262,1083.565872478457,1180.8005758806185,97.23470340216136,22.044520478070236,92.43988199278783,16230.4,27.434285119171598,120.0,2086.1,25.938195773800462,104.0,3404.2,56.44076540940953,248.0,-487.85,19.871524853417764,83.0,1007.575,20.88766083121803,97.0,89.875,23.815108124885764,101.0
idle_1,4,idle,0.0,0.0,0.0,0.0,0.0,0.0,0.0,0.0,0.0,0.0,0.0,0.0,0.0,0.0,0.0,16701.59994346167,42.994517803343506,16601.257301782898,16789.048811651006,187.79150986810782,56.24552240802279,123.53566438478447,1129.149811187583,17.635302522089336,1083.5474147447355,1180.9445372243356,97.39712247960006,16.67185124554365,57.595081355859975,16216.1,40.64960024403685,176.0,2076.6,39.10549833463319,172.0,3415.4,54.62270590148385,236.0,-486.875,19.199202457393902,80.0,1013.775,19.215212072730292,95.0,96.75,20.121816518396145,99.0
idle_1,5,idle,0.0,0.0,0.0,0.0,0.0,0.0,0.0,0.0,0.0,0.0,0.0,0.0,0.0,0.0,0.0,16696.630729053508,36.02634627857898,16642.483468521157,16760.51980100856,118.03633248740152,39.917855724499155,100.02656014784588,1124.3309323493866,19.934381413997787,1080.421214156775,1164.8235917940535,84.4023776372785,22.323991400028838,63.62515372759867,16213.6,34.777003896253035,128.0,2075.7,35.45574706588481,176.0,3403.2,71.99555541837289,304.0,-490.1,22.769277546729498,99.0,1006.725,17.519970747692476,66.0,98.25,18.594017855213544,84.0
idle_1,6,idle,0.0,0.0,0.0,0.0,0.0,0.0,0.0,0.0,0.0,0.0,0.0,0.0,0.0,0.0,0.0,16712.77840643334,38.172469863562824,16608.35500583968,16775.214573888465,166.85956804878515,41.96191416682828,155.69319261167038,1123.9824201311144,21.019496573485345,1079.8805489497438,1163.1977475906665,83.3171986409227,21.021195526173543,64.20740381147584,16227.3,38.64595709773531,164.0,2079.1,39.42067985207764,180.0,3415.2,62.117308376973334,296.0,-489.275,21.928277976165848,97.0,1006.975,21.901469699542996,79.0,95.2,19.132694530567306,77.0
idle_1,7,idle,0.0,0.0,0.0,0.0,0.0,0.0,0.0,0.0,0.0,0.0,0.0,0.0,0.0,0.0,0.0,16705.488465422197,41.12823416817329,16635.25701634934,16801.979883335178,166.72286698583775,50.99639765645239,134.85366778958632,1126.462015560397,16.6756558974044,1087.9214126029508,1173.59660872039,85.6751961174391,17.60888827851233,69.66141380732392,16220.9,38.80708698163261,156.0,2083.6,39.454277334656645,156.0,3407.0,73.06846104852626,292.0,-485.675,16.65591111287521,69.0,1011.325,18.458585400837194,84.0,98.1,17.162167695253416,85.0
idle_2,1,idle,0.0,0.0,0.0,0.0,0.0,0.0,0.0,0.0,0.0,0.0,0.0,0.0,0.0,0.0,0.0,16697.468302837035,34.314366559357595,16630.031629555007,16790.33817408095,160.30654452594172,40.47637745976326,160.30654452594172,1129.6122841481238,19.020055248559263,1082.7100258148532,1175.5186089552135,92.80858314036027,21.23425152962268,73.72960919164711,16230.3,31.04690000628082,136.0,1951.8,42.92272125576383,196.0,3401.2,59.12833500108049,284.0,-491.175,16.92762165810661,70.0,1011.85,18.64074837553471,83.0,101.7,17.761193653580833,85.0
idle_2,2,idle,0.0,0.0,0.0,0.0,0.0,0.0,0.0,0.0,0.0,0.0,0.0,0.0,0.0,0.0,0.0,16706.37106603883,37.621852963375666,16613.885758605662,16772.47888655699,158.59312795132792,34.14014686886096,84.31158154713194,1128.7245284832243,17.625657443708963,1092.832558080148,1176.359213845839,83.52665576569098,22.113185989331594,73.20147353849734,16235.6,36.64751014734833,152.0,1957.9,29.28463761087031,156.0,3416.3,53.511774405265236,244.0,-495.975,19.424839124172944,81.0,1008.875,16.891103427544333,92.0,97.575,18.062236157242545,84.0
idle_2,3,idle,0.0,0.0,0.0,0.0,0.0,0.0,0.0,0.0,0.0,0.0,0.0,0.0,0.0,0.0,0.0,16699.468140327386,31.752640686454892,16637.225249421852,16776.68668122523,139.46143180337822,38.40513891325594,116.12918755173814,1124.941814518036,15.902482475016436,1087.1802978347243,1158.5775761682944,71.39727833357006,14.770904808915528,63.94350089415252,16230.5,29.92908284595437,128.0,1959.4,37.75235092017449,152.0,3405.8,55.41804760184177,224.0,-490.4,19.301295293321637,81.0,1007.7,14.905032707109367,72.0,93.925,19.465851509759343,70.0
idle_2,4,idle,0.0,0.0,0.0,0.0,0.0,0.0,0.0,0.0,0.0,0.0,0.0,0.0,0.0,0.0,0.0,16705.3981579569,41.29871826112428,16608.99274489576,16788.441738291258,179.44899339549738,47.53041559688669,152.6407607618894,1125.5730054607297,20.948374115917137,1071.7317761455056,1165.054934327133,93.32315818162738,23.699819522806504,75.40465863459508,16237.4,40.856333658320345,160.0,1959.8,37.55476001787257,172.0,3401.5,69.11258930180522,424.0,-490.475,19.581863420011892,90.0,1008.0,19.835574103110805,85.0,98.0,18.51485889765299,77.0
idle_2,5,idle,0.0,0.0,0.0,0.0,0.0,0.0,0.0,0.0,0.0,0.0,0.0,0.0,0.0,0.0,0.0,16698.529509791937,35.76325779195072,16600.885277598903,16781.22093293572,180.33565533681758,42.56117607503387,151.43753085859134,1125.6001974288554,19.065559213438522,1092.3351134152924,1159.086278065615,66.75116465032261,23.7440939224866,59.31674370125825,16231.5,33.80162717976754,172.0,1953.4,34.21753936214584,172.0,3400.0,49.89589161444056,200.0,-487.775,19.28404457057699,76.0,1009.5,20.120884672399473,76.0,95.925,18.608314673822562,65.0
idle_2,6,idle,0.0,0.0,0.0,0.0,0.0,0.0,0.0,0.0,0.0,0.0,0.0,0.0,0.0,0.0,0.0,16703.186021522804,43.967378874686126,16558.88788536235,16801.89227438386,243.00438902150927,43.943882154899676,137.7072166337457,1123.4748211438514,19.99127949361362,1071.5684765800083,1159.8594742467726,88.29099766676427,23.6849619576703,73.47716948838638,16236.3,42.73066814361786,216.0,1954.0,38.0946190425892,180.0,3399.2,70.46247228134989,316.0,-492.8,17.346757622103333,90.0,1004.875,20.267199485868787,89.0,93.55,22.504388460920243,125.0
idle_2,7,idle,0.0,0.0,0.0,0.0,0.0,0.0,0.0,0.0,0.0,0.0,0.0,0.0,0.0,0.0,0.0,16693.82088185163,42.2606750369586,16607.108357567853,16792.711276026872,185.60291845901884,52.07875461448604,142.33366298913097,1125.788104622726,20.41674533244185,1081.8969451847065,1188.5074673724184,106.61052218771192,23.42671518964338,78.70748539368378,16229.4,43.42856203007417,184.0,1956.9,27.29816843672851,128.0,3384.7,61.10900097367,244.0,-489.55,19.15717881108802,83.0,1008.85,19.9781755923808,104.0,95.75,21.071010891744137,93.0
idle_2,8,idle,0.0,0.0,0.0,0.0,0.0,0.0,0.0,0.0,0.0,0.0,0.0,0.0,0.0,0.0,0.0,16709.210358810986,36.991688304153705,16623.77863182736,16777.375241675916,153.5966098485551,42.64385035916077,135.3001018023606,1121.5183514887372,16.185248653828914,1081.5960428921696,1163.0227856753281,81.42674278315849,14.888414184954073,57.412999177397296,16239.8,36.91016120257402,140.0,1959.8,35.23577727253934,132.0,3409.0,57.22062565194477,208.0,-494.1,18.4808008484481,72.0,1002.125,18.47591337390387,87.0,92.7,19.996499693696396,77.0
idle_2,9,idle,0.0,0.0,0.0,0.0,0.0,0.0,0.0,0.0,0.0,0.0,0.0,0.0,0.0,0.0,0.0,16703.14977597779,33.80475193485605,16636.87374478751,16783.645849457145,146.77210466963516,42.143174314786734,100.94966448752166,1123.5866066027208,19.20253793075991,1076.589986949535,1165.8897889594882,89.29980200995328,23.233563592269558,64.37719257213871,16233.9,32.753473098283784,144.0,1952.5,38.00197363295754,156.0,3411.6,55.30135622206747,224.0,-486.65,18.76372830756191,72.0,1007.525,20.60823561103667,92.0,99.375,15.119007077185987,65.0
idle_2,10,idle,0.0,0.0,0.0,0.0,0.0,0.0,0.0,0.0,0.0,0.0,0.0,0.0,0.0,0.0,0.0,16701.4098145903,43.975050958106166,16622.743455879958,16779.143720702796,156.40026482283793,49.2103019441264,122.59285008893858,1130.1116896149356,24.652464292146643,1076.4032701548244,1198.93077364792,122.52750349309554,28.967689049480768,78.44313748312175,16237.5,43.08770126149688,160.0,1945.6,28.28144267890167,112.0,3389.8,62.10925856907326,252.0,-487.075,26.14802812833121,133.0,1014.75,20.870733096851197,83.0,96.2,20.659380436015017,93.0
idle_2,11,idle,0.0,0.0,0.0,0.0,0.0,0.0,0.0,0.0,0.0,0.0,0.0,0.0,0.0,0.0,0.0,16698.034865369755,43.900283555504984,16627.323536877484,16803.502968131375,176.17943125389138,53.894392911489724,158.33701014895632,1126.5241727793123,15.42686435687909,1099.5571835971061,1161.5786671594826,62.02148356237649,19.349965352802375,53.076967983161694,16230.7,43.702517089980056,168.0,1955.0,34.94853358869296,152.0,3400.0,74.27516408598503,412.0,-492.675,16.96524019871219,84.0,1008.125,17.769619438806224,73.0,96.85,16.325669970938407,72.0
idle_2,12,idle,0.0,0.0,0.0,0.0,0.0,0.0,0.0,0.0,0.0,0.0,0.0,0.0,0.0,0.0,0.0,16702.889772197403,34.46241174743928,16629.43222121549,16770.04615378264,140.6139325671502,34.28233332665817,80.27187383221462,1125.0150285511795,14.493465216713908,1101.2579171111552,1162.4650532381609,61.2071361270057,17.318583272407256,53.55524114644163,16233.8,38.914778683682634,164.0,1953.7,35.73107890898343,144.0,3410.1,54.17739380959552,232.0,-490.0,19.451221041363958,74.0,1007.3,16.431981012647256,70.0,100.525,19.02496714846047,90.0
idle_2,13,idle,0.0,0.0,0.0,0.0,0.0,0.0,0.0,0.0,0.0,0.0,0.0,0.0,0.0,0.0,0.0,16706.34955260249,34.90309812438393,16629.251336124547,16763.81674917738,134.565413052831,44.70800087275982,125.47528056484589,1125.266669657692,16.844796154480413,1099.7076884336127,1165.9849913270752,66.27730289346255,21.37448757591391,58.89827385639751,16237.4,39.41116593048219,160.0,1957.9,34.99699987141754,180.0,3407.3,65.81116926479882,304.0,-491.575,20.42656052790092,91.0,1006.825,16.78077396903969,65.0,100.975,16.476479447988883,74.0
idle_2,14,idle,0.0,0.0,0.0,0.0,0.0,0.0,0.0,0.0,0.0,0.0,0.0,0.0,0.0,0.0,0.0,16695.7919664002,41.45617790474488,16624.993714284527,16793.997499106637,169.0037848221109,43.81108452823761,164.57730476432334,1132.0159227115541,13.895169214821987,1103.3308660596783,1162.6525706332052,59.32170457352686,16.130386093151717,43.80251764075251,16233.4,36.89498610922628,164.0,1944.9,32.5759113456554,164.0,3381.9,74.8758305463118,380.0,-501.975,16.025741012508593,67.0,1009.75,16.561627335500578,63.0,95.65,19.9781755923808,100.0
idle_2,15,idle,0.0,0.0,0.0,0.0,0.0,0.0,0.0,0.0,0.0,0.0,0.0,0.0,0.0,0.0,0.0,16698.722378099224,32.88372193404213,16642.35752530272,16759.46490792591,117.10738262319137,37.8251712354295,102.74848693993408,1131.1285025022241,15.863821326362746,1099.6667677073815,1161.5403565954994,61.873588888117865,20.64747409512448,50.23624349711508,16231.6,32.702293497551494,136.0,1954.9,31.02241125380166,176.0,3399.3,68.30453864861397,292.0,-498.925,20.126335359423983,82.0,1010.6,16.653528154718447,70.0,92.075,17.45334853258824,87.0
idle_2,16,idle,0.0,0.0,0.0,0.0,0.0,0.0,0.0,0.0,0.0,0.0,0.0,0.0,0.0,0.0,0.0,16702.715264137783,36.715189482191334,16626.089377842283,16792.219626958195,166.13024911591128,47.53546947390947,130.01377058971775,1128.0343213666742,20.855930063791114,1094.8324072660619,1206.3291424814374,111.49673521537557,18.923031527814263,98.88794765437115,16239.2,37.20430082665175,176.0,1956.0,40.65464303127012,176.0,3382.1,53.433977954107064,216.0,-490.95,16.029582028237666,76.0,1010.375,21.274030530202783,115.0,98.925,22.609055154959485,118.0
idle_2,17,idle,0.0,0.0,0.0,0.0,0.0,0.0,0.0,0.0,0.0,0.0,0.0,0.0,0.0,0.0,0.0,16700.75954577232,40.26157342686996,16603.976391214244,16821.80917737447,217.83278616022653,48.19516187766259,146.5566155689994,1128.0325140639823,17.86189280259605,1091.1521433787316,1168.2435533740386,77.091409995307,18.054576226170468,63.381979444426634,16238.9,39.03831451279625,192.0,1949.1,34.698559047891315,144.0,3377.8,62.173627849756365,272.0,-497.0,19.731953780606723,106.0,1007.55,19.75341742585318,80.0,96.8,21.461826576505548,80.0
idle_2,18,idle,0.0,0.0,0.0,0.0,0.0,0.0,0.0,0.0,0.0,0.0,0.0,0.0,0.0,0.0,0.0,16703.31863144017,36.73005014552244,16603.589973255785,16781.29482489358,177.7048516377945,40.642444514871336,149.8007063881414,1127.6502000501314,15.717866486863688,1096.584698051181,1166.0300167662924,69.4453187151114,17.342929079243568,69.4453187151114,16236.0,36.823905279043935,152.0,1950.1,25.98441840796134,116.0,3403.9,55.22671455011606,252.0,-494.15,20.847721698065712,90.0,1008.65,16.75044775520941,68.0,95.725,20.112169823268697,88.0
idle_2,19,idle,0.0,0.0,0.0,0.0,0.0,0.0,0.0,0.0,0.0,0.0,0.0,0.0,0.0,0.0,0.0,16711.116000804243,29.563620625202763,16624.050529278356,16787.339038692226,163.28850941386918,33.392782707779055,110.32654308379279,1120.9603624568238,16.376532009777332,1087.133846405308,1160.8966362256374,73.76278982032932,19.11313135308041,61.101200701376,16244.1,29.223107295426328,160.0,1960.5,35.857356288493996,148.0,3397.4,58.82550467271829,284.0,-491.85,20.230607998772555,90.0,1002.05,15.677930348103983,60.0,98.775,19.700872442610248,88.0
idle_3,1,idle,0.0,0.0,0.0,0.0,0.0,0.0,0.0,0.0,0.0,0.0,0.0,0.0,0.0,0.0,0.0,16909.949334682016,478.4632676469618,15951.014513190063,18225.828705438882,2274.8141922488194,396.7515674193802,1664.4588031050698,6883.584171214253,8169.994953046701,298.21804103709087,33039.02749779418,32740.80945675709,2508.708131280984,11125.963380697274,11966.3,2563.0815652257347,12308.0,-6730.6,1820.0761632415274,9576.0,9303.9,1112.3767302492442,5556.0,-1947.275,3967.173376520744,15359.0,1379.6,1572.2398322139024,9026.0,-3444.8,8852.136621177962,47006.0
idle_3,2,idle,0.0,0.0,0.0,0.0,0.0,0.0,0.0,0.0,0.0,0.0,0.0,0.0,0.0,0.0,0.0,17188.47365177664,843.8233951368526,15184.416221903297,19573.901808275223,4389.485586371926,588.9041099748197,3124.5979805533643,18135.336436196587,12523.599239873512,1434.5574230402908,38755.21526194894,37320.65783890865,4700.4840091322885,16851.742233948233,1007.1,7573.993899522233,22808.0,-5000.6,4329.429020090294,15412.0,13516.2,3367.2558500951486,10140.0,981.575,9792.463928673671,40303.0,-419.475,3156.940773814897,13974.0,-789.325,19445.047133380132,65535.0
idle_3,3,idle,0.0,0.0,0.0,0.0,0.0,0.0,0.0,0.0,0.0,0.0,0.0,0.0,0.0,0.0,0.0,16719.250269344455,289.73924660860246,15912.489685778275,17517.932298076736,1605.4426122984605,247.0680846423448,1605.4426122984605,3308.9816097950707,3673.0104895083036,763.1552921915696,20101.486387827146,19338.331095635578,1140.2669214720145,9822.34473089048,15177.8,578.029722419185,2632.0,-4630.2,1376.2578101504091,5628.0,4654.4,1980.21974538181,5552.0,-427.375,2258.328139216044,13216.0,353.55,2471.9923943046424,11761.0,1152.175,3405.057818066384,19921.0
idle_3,4,idle,0.0,0.0,0.0,0.0,0.0,0.0,0.0,0.0,0.0,0.0,0.0,0.0,0.0,0.0,0.0,16796.731770732018,473.73940313373345,15874.10318726699,18780.835764150648,2906.732576883658,420.8568716001102,2753.626400072322,4046.314808964311,3648.504058755603,1065.3576864133472,16821.069734116198,15755.712047702851,1686.4556650503544,9873.55305547483,14242.0,936.5788808210443,3240.0,-6725.3,1206.690809611145,6556.0,5444.1,1522.7920376729055,6908.0,-532.55,2557.0080460373997,10979.0,2483.675,3429.665059357109,14959.0,-1025.325,1969.7234499733713,13526.0
idle_3,5,idle,0.0,0.0,0.0,0.0,0.0,0.0,0.0,0.0,0.0,0.0,0.0,0.0,0.0,0.0,0.0,16906.840402564823,666.491712027887,15328.673262875689,18744.781460449198,3416.1081975735087,539.2302946819943,2349.1015416413175,10471.03130539676,11981.861253636725,810.0919700873476,38929.11369399514,38119.02172390779,2861.9288665635454,18329.341489907696,12118.3,4120.57645360452,17888.0,-4211.2,3028.5470047532694,10352.0,9417.8,2617.605615825272,9492.0,2825.5,7089.575495049052,28828.0,53.925,2784.677983066444,15974.0,6715.775,11920.695932888104,38629.0
idle_3,6,idle,0.0,0.0,0.0,0.0,0.0,0.0,0.0,0.0,0.0,0.0,0.0,0.0,0.0,0.0,0.0,17155.74417199957,418.809150930262,16295.952380882805,18222.546474079852,1926.5940931970472,254.21930655453448,746.002795175591,3443.224132182068,4625.814914753837,225.23099253877118,26442.38487731392,26217.15388477515,1177.6815779710685,11817.058807903417,-4645.1,1439.4954636955267,4624.0,-1912.5,970.3381627041163,5376.0,16310.8,452.16032554836113,1940.0,358.675,2531.714561196621,13782.0,1780.95,1158.972216017278,4657.0,691.475,4660.750207785759,26713.0
idle_3,7,idle,0.0,0.0,0.0,0.0,0.0,0.0,0.0,0.0,0.0,0.0,0.0,0.0,0.0,0.0,0.0,17132.734201421365,171.97902036762804,16837.463942054932,17540.932244324988,703.4683022700556,156.53315801157666,431.446118029653,1350.4392729086035,362.65161682540776,653.8363709675381,2365.118813083182,1711.2824421156438,210.20126787029804,531.1205902762027,-5776.0,280.06570657615333,1232.0,-2738.2,419.61215425676124,2044.0,15888.1,118.36380358876612,504.0,-548.475,393.96072059914803,1726.0,1096.625,336.6730377903761,1492.0,89.975,418.4996109615873,1749.0
idle_3,8,idle,0.0,0.0,0.0,0.0,0.0,0.0,0.0,0.0,0.0,0.0,0.0,0.0,0.0,0.0,0.0,17100.51632626514,116.1334367839836,16860.79903207437,17373.95245763036,513.1534255559891,106.7040649404829,300.91546944340007,1015.6840492570427,179.4824144166138,741.4371180349686,1579.862335774861,838.4252177398924,107.78640250645753,456.49376457416565,-5473.9,300.49956738737575,1140.0,-2676.1,278.25382297463585,1204.0,15972.8,134.11994631672053,508.0,-501.2,222.02209349521948,1068.0,810.4,146.35142636817721,580.0,58.525,285.9033042393878,1409.0
idle_3,9,idle,0.0,0.0,0.0,0.0,0.0,0.0,0.0,0.0,0.0,0.0,0.0,0.0,0.0,0.0,0.0,17131.42787098016,64.88683536974654,16956.146732085093,17242.898132274633,286.7514001895397,78.43305920471455,256.6308473760437,1135.6067265728393,77.4857248951034,1012.0622510498057,1338.7613678322211,326.69911678241544,74.82008577048794,268.2498078759543,-5167.2,77.48135259531807,404.0,-2844.9,86.03016912688246,412.0,16083.5,65.13486009810723,288.0,-508.575,53.28643706422864,231.0,1001.825,70.42758248726133,288.0,84.075,135.78188161533183,686.0
idle_3,10,idle,0.0,0.0,0.0,0.0,0.0,0.0,0.0,0.0,0.0,0.0,0.0,0.0,0.0,0.0,0.0,17113.686633012276,104.76749045927662,16917.812624568225,17363.69960578678,445.88698121855487,102.28260439500791,304.4941836363723,1185.4364250615586,157.18900132411062,874.3460413360376,1608.4138149120704,734.0677735760328,125.88971675206444,395.9389660540362,-5257.9,115.51618934158103,428.0,-2572.7,346.121235985312,1264.0,16077.4,94.94229826584144,396.0,-345.025,288.30855758197674,1033.0,1052.825,146.96987573989438,684.0,46.85,309.14119346990947,1510.0
