t1_mean,t1_std,t1_min,t1_max,t1_range,t1_first,t1_last,t1_change,t1_mean_abs_change,t1_max_abs_change,t2_mean,t2_std,t2_min,t2_max,t2_range,t2_first,t2_last,t2_change,t2_mean_abs_change,t2_max_abs_change,t3_mean,t3_std,t3_min,t3_max,t3_range,t3_first,t3_last,t3_change,t3_mean_abs_change,t3_max_abs_change,t4_mean,t4_std,t4_min,t4_max,t4_range,t4_first,t4_last,t4_change,t4_mean_abs_change,t4_max_abs_change,t5_mean,t5_std,t5_min,t5_max,t5_range,t5_first,t5_last,t5_change,t5_mean_abs_change,t5_max_abs_change,ax_mean,ax_std,ax_min,ax_max,ax_range,ax_first,ax_last,ax_change,ax_mean_abs_change,ax_max_abs_change,ay_mean,ay_std,ay_min,ay_max,ay_range,ay_first,ay_last,ay_change,ay_mean_abs_change,ay_max_abs_change,az_mean,az_std,az_min,az_max,az_range,az_first,az_last,az_change,az_mean_abs_change,az_max_abs_change,gx_mean,gx_std,gx_min,gx_max,gx_range,gx_first,gx_last,gx_change,gx_mean_abs_change,gx_max_abs_change,gy_mean,gy_std,gy_min,gy_max,gy_range,gy_first,gy_last,gy_change,gy_mean_abs_change,gy_max_abs_change,gz_mean,gz_std,gz_min,gz_max,gz_range,gz_first,gz_last,gz_change,gz_mean_abs_change,gz_max_abs_change,label,recording_id
0.0,0.0,0.0,0.0,0.0,0.0,0.0,0.0,0.0,0.0,0.125,0.33071891388307384,0.0,1.0,1.0,0.0,1.0,1.0,0.02564102564102564,1.0,0.0,0.0,0.0,0.0,0.0,0.0,0.0,0.0,0.0,0.0,0.0,0.0,0.0,0.0,0.0,0.0,0.0,0.0,0.0,0.0,0.0,0.0,0.0,0.0,0.0,0.0,0.0,0.0,0.0,0.0,680.5,900.7380029731175,-1140.0,1772.0,2912.0,-1140.0,1772.0,2912.0,173.94871794871796,568.0,-10960.6,635.1167136833985,-11992.0,-9836.0,2156.0,-9896.0,-11892.0,-1996.0,168.10256410256412,508.0,12904.8,566.632296996915,11896.0,13876.0,1980.0,13808.0,12224.0,-1584.0,149.94871794871796,664.0,-1091.4,360.90745351128453,-2367.0,-637.0,1730.0,-816.0,-835.0,-19.0,210.07692307692307,716.0,621.475,594.1203576507038,-1142.0,1590.0,2732.0,644.0,226.0,-418.0,271.2307692307692,773.0,-318.975,604.6600899472365,-2488.0,437.0,2925.0,-283.0,-374.0,-91.0,317.0,1284.0,exercise_1_loose_fist,exercise_1_loose_fist_4
0.4,0.4898979485566357,0.0,1.0,1.0,0.0,1.0,1.0,0.02564102564102564,1.0,0.625,0.4841229182759271,0.0,1.0,1.0,0.0,1.0,1.0,0.02564102564102564,1.0,0.0,0.0,0.0,0.0,0.0,0.0,0.0,0.0,0.0,0.0,0.0,0.0,0.0,0.0,0.0,0.0,0.0,0.0,0.0,0.0,0.0,0.0,0.0,0.0,0.0,0.0,0.0,0.0,0.0,0.0,1446.2,234.21520018991086,932.0,1832.0,900.0,1240.0,940.0,-300.0,196.0,568.0,-11709.6,348.6164654745957,-12228.0,-10992.0,1236.0,-11116.0,-11920.0,-804.0,176.51282051282053,556.0,12205.7,304.8709727081278,11700.0,12772.0,1072.0,12756.0,11800.0,-956.0,159.07692307692307,560.0,-743.75,342.8433862567572,-1274.0,-2.0,1272.0,-1230.0,-613.0,617.0,198.23076923076923,555.0,1035.15,390.5405580730381,226.0,1982.0,1756.0,728.0,1706.0,978.0,244.76923076923077,773.0,39.175,307.627687919992,-492.0,826.0,1318.0,-492.0,293.0,785.0,209.15384615384616,714.0,exercise_1_loose_fist,exercise_1_loose_fist_4
0.425,0.49434299833212947,0.0,1.0,1.0,0.0,0.0,0.0,0.05128205128205128,1.0,0.675,0.4683748498798799,0.0,1.0,1.0,1.0,0.0,-1.0,0.02564102564102564,1.0,0.0,0.0,0.0,0.0,0.0,0.0,0.0,0.0,0.0,0.0,0.0,0.0,0.0,0.0,0.0,0.0,0.0,0.0,0.0,0.0,0.0,0.0,0.0,0.0,0.0,0.0,0.0,0.0,0.0,0.0,695.2,1105.749049287405,-1948.0,1832.0,3780.0,1376.0,-1708.0,-3084.0,249.53846153846155,672.0,-11891.0,289.05328228546375,-12528.0,-11156.0,1372.0,-11840.0,-12528.0,-688.0,342.56410256410254,1148.0,12011.0,172.84848856729988,11700.0,12412.0,712.0,12108.0,11772.0,-336.0,170.25641025641025,560.0,-593.025,344.30585875787824,-1872.0,-2.0,1870.0,-747.0,-953.0,-206.0,270.20512820512823,1322.0,1759.9,821.4995374313976,406.0,3320.0,2914.0,835.0,1722.0,887.0,390.79487179487177,1507.0,443.625,504.4546901110148,-447.0,2003.0,2450.0,45.0,1209.0,1164.0,344.46153846153845,1691.0,exercise_1_loose_fist,exercise_1_loose_fist_4
0.025,0.1561249499599599,0.0,1.0,1.0,1.0,0.0,-1.0,0.02564102564102564,1.0,0.175,0.37996710383926624,0.0,1.0,1.0,1.0,0.0,-1.0,0.02564102564102564,1.0,0.0,0.0,0.0,0.0,0.0,0.0,0.0,0.0,0.0,0.0,0.0,0.0,0.0,0.0,0.0,0.0,0.0,0.0,0.0,0.0,0.0,0.0,0.0,0.0,0.0,0.0,0.0,0.0,0.0,0.0,-1677.5,1741.072471208479,-4008.0,1612.0,5620.0,1612.0,-3280.0,-4892.0,276.4102564102564,700.0,-11813.3,315.94352343417324,-12528.0,-11156.0,1372.0,-11156.0,-11720.0,-564.0,368.9230769230769,1148.0,11841.0,261.93548824090254,11316.0,12340.0,1024.0,12164.0,11472.0,-692.0,159.69230769230768,560.0,-529.1,437.15745447149817,-1872.0,596.0,2468.0,-315.0,-813.0,-498.0,285.4871794871795,1322.0,2164.275,1114.983116183828,-467.0,4578.0,5045.0,2675.0,-467.0,-3142.0,589.8974358974359,2147.0,517.175,503.51096748233806,-405.0,2003.0,2408.0,841.0,-226.0,-1067.0,540.4871794871794,1691.0,exercise_1_loose_fist,exercise_1_loose_fist_4
0.0,0.0,0.0,0.0,0.0,0.0,0.0,0.0,0.0,0.0,0.0,0.0,0.0,0.0,0.0,0.0,0.0,0.0,0.0,0.0,0.0,0.0,0.0,0.0,0.0,0.0,0.0,0.0,0.0,0.0,0.0,0.0,0.0,0.0,0.0,0.0,0.0,0.0,0.0,0.0,0.0,0.0,0.0,0.0,0.0,0.0,0.0,0.0,0.0,0.0,-2576.8,1202.0782670026108,-4008.0,272.0,4280.0,-1820.0,272.0,2092.0,315.5897435897436,968.0,-12006.5,394.0057740693656,-12872.0,-11484.0,1388.0,-12304.0,-12816.0,-512.0,228.71794871794873,656.0,11546.1,237.6434093342376,10824.0,11944.0,1120.0,11876.0,10824.0,-1052.0,167.89743589743588,560.0,-755.55,553.1431076132106,-1664.0,596.0,2260.0,-673.0,-1164.0,-491.0,272.94871794871796,917.0,542.6,1808.5672478511822,-2196.0,4578.0,6774.0,2095.0,-642.0,-2737.0,743.5641025641025,2147.0,-261.9,731.5817384270879,-1990.0,1344.0,3334.0,418.0,-1990.0,-2408.0,508.6666666666667,1268.0,exercise_1_loose_fist,exercise_1_loose_fist_4
0.05,0.21794494717703367,0.0,1.0,1.0,0.0,1.0,1.0,0.02564102564102564,1.0,0.325,0.46837484987987993,0.0,1.0,1.0,0.0,1.0,1.0,0.02564102564102564,1.0,0.0,0.0,0.0,0.0,0.0,0.0,0.0,0.0,0.0,0.0,0.05,0.21794494717703367,0.0,1.0,1.0,0.0,1.0,1.0,0.02564102564102564,1.0,0.0,0.0,0.0,0.0,0.0,0.0,0.0,0.0,0.0,0.0,25.8,2204.1558837795474,-3792.0,2640.0,6432.0,-3216.0,2420.0,5636.0,277.02564102564105,968.0,-12774.2,703.8249498277253,-14036.0,-11636.0,2400.0,-11764.0,-13952.0,-2188.0,194.56410256410257,792.0,10728.4,840.7819217847158,9064.0,11836.0,2772.0,11560.0,9064.0,-2496.0,198.35897435897436,560.0,-1220.55,330.24096883942184,-1778.0,-220.0,1558.0,-220.0,-672.0,-452.0,287.1794871794872,917.0,-443.15,911.5588173562911,-2196.0,1393.0,3589.0,1366.0,432.0,-934.0,623.8974358974359,1621.0,-573.55,633.1513622349714,-1990.0,532.0,2522.0,213.0,-119.0,-332.0,350.46153846153845,872.0,exercise_1_loose_fist,exercise_1_loose_fist_4
0.55,0.4974937185533101,0.0,1.0,1.0,0.0,1.0,1.0,0.02564102564102564,1.0,0.825,0.37996710383926624,0.0,1.0,1.0,0.0,1.0,1.0,0.02564102564102564,1.0,0.0,0.0,0.0,0.0,0.0,0.0,0.0,0.0,0.0,0.0,0.55,0.4974937185533101,0.0,1.0,1.0,0.0,1.0,1.0,0.02564102564102564,1.0,0.225,0.41758232721225164,0.0,1.0,1.0,0.0,1.0,1.0,0.02564102564102564,1.0,2472.9,605.4575047020229,852.0,3300.0,2448.0,852.0,3300.0,2448.0,127.38461538461539,500.0,-13631.8,452.61900092682805,-14180.0,-12548.0,1632.0,-12592.0,-13820.0,-1228.0,178.15384615384616,792.0,9506.4,631.5541465306044,8712.0,11004.0,2292.0,11004.0,8892.0,-2112.0,157.94871794871796,560.0,-898.2,504.35886033656635,-1778.0,145.0,1923.0,-1356.0,145.0,1501.0,255.10256410256412,675.0,200.325,626.054126553767,-1697.0,1393.0,3090.0,-1697.0,379.0,2076.0,305.28205128205127,1464.0,-202.025,474.98044630805595,-1588.0,532.0,2120.0,-1588.0,-391.0,1197.0,196.17948717948718,861.0,exercise_1_loose_fist,exercise_1_loose_fist_4
0.775,0.41758232721225164,0.0,1.0,1.0,1.0,0.0,-1.0,0.02564102564102564,1.0,0.95,0.21794494717703367,0.0,1.0,1.0,1.0,0.0,-1.0,0.02564102564102564,1.0,0.0,0.0,0.0,0.0,0.0,0.0,0.0,0.0,0.0,0.0,0.85,0.3570714214271425,0.0,1.0,1.0,1.0,0.0,-1.0,0.02564102564102564,1.0,0.625,0.4841229182759271,0.0,1.0,1.0,0.0,0.0,0.0,0.05128205128205128,1.0,2929.1,376.3158115200583,2000.0,3528.0,1528.0,2600.0,2392.0,-208.0,162.46153846153845,1060.0,-13760.6,385.6159229077554,-14180.0,-11888.0,2292.0,-13880.0,-13512.0,368.0,257.2307692307692,2092.0,9159.2,302.48067706880056,8340.0,9768.0,1428.0,9132.0,9708.0,576.0,180.30769230769232,1092.0,-331.275,427.228099936088,-1541.0,483.0,2024.0,-1227.0,313.0,1540.0,286.97435897435895,1910.0,1113.325,1020.7071663190184,9.0,5293.0,5284.0,454.0,2898.0,2444.0,557.2820512820513,3814.0,83.175,300.2778619462314,-391.0,1091.0,1482.0,-77.0,-47.0,30.0,224.0,1365.0,exercise_1_loose_fist,exercise_1_loose_fist_4
0.275,0.44651427748729344,0.0,1.0,1.0,1.0,0.0,-1.0,0.02564102564102564,1.0,0.45,0.4974937185533101,0.0,1.0,1.0,1.0,0.0,-1.0,0.02564102564102564,1.0,0.0,0.0,0.0,0.0,0.0,0.0,0.0,0.0,0.0,0.0,0.35,0.4769696007084728,0.0,1.0,1.0,1.0,0.0,-1.0,0.02564102564102564,1.0,0.4,0.4898979485566357,0.0,1.0,1.0,1.0,0.0,-1.0,0.02564102564102564,1.0,2528.9,538.0843707077915,1856.0,3528.0,1672.0,3384.0,1868.0,-1516.0,196.4102564102564,1060.0,-13044.7,939.4265857426008,-14036.0,-10372.0,3664.0,-13556.0,-10372.0,3184.0,270.56410256410254,2092.0,10195.1,1117.7854847867725,8340.0,12792.0,4452.0,9012.0,12792.0,3780.0,258.35897435897436,1092.0,647.175,1172.8071641898337,-1541.0,3351.0,4892.0,-170.0,2245.0,2415.0,312.3333333333333,1910.0,1717.325,1059.6926060773474,-18.0,5293.0,5311.0,432.0,2888.0,2456.0,785.5897435897435,3814.0,41.275,344.54404562406813,-786.0,1091.0,1877.0,-252.0,-233.0,19.0,304.4871794871795,1365.0,exercise_1_loose_fist,exercise_1_loose_fist_4
0.0,0.0,0.0,0.0,0.0,0.0,0.0,0.0,0.0,0.0,0.0,0.0,0.0,0.0,0.0,0.0,0.0,0.0,0.0,0.0,0.0,0.0,0.0,0.0,0.0,0.0,0.0,0.0,0.0,0.0,0.0,0.0,0.0,0.0,0.0,0.0,0.0,0.0,0.0,0.0,0.0,0.0,0.0,0.0,0.0,0.0,0.0,0.0,0.0,0.0,1485.2,784.4596611681189,-356.0,2572.0,2928.0,2572.0,-356.0,-2928.0,241.23076923076923,1072.0,-10609.9,2252.15150245271,-13504.0,-5532.0,7972.0,-13384.0,-5532.0,7852.0,303.6923076923077,1024.0,12843.4,2005.1714240932117,9756.0,16612.0,6856.0,10012.0,13252.0,3240.0,335.5897435897436,1716.0,1705.15,1165.2217718099846,60.0,4303.0,4243.0,190.0,259.0,69.0,456.2307692307692,3267.0,1831.625,1032.6256506474165,-18.0,3510.0,3528.0,1420.0,1584.0,164.0,610.3589743589744,1502.0,-420.975,689.4324654199279,-2359.0,528.0,2887.0,156.0,-2220.0,-2376.0,371.94871794871796,1223.0,exercise_1_loose_fist,exercise_1_loose_fist_4
0.0,0.0,0.0,0.0,0.0,0.0,0.0,0.0,0.0,0.0,0.0,0.0,0.0,0.0,0.0,0.0,0.0,0.0,0.0,0.0,0.0,0.0,0.0,0.0,0.0,0.0,0.0,0.0,0.0,0.0,0.0,0.0,0.0,0.0,0.0,0.0,0.0,0.0,0.0,0.0,0.0,0.0,0.0,0.0,0.0,0.0,0.0,0.0,0.0,0.0,1061.9,707.8683422784211,-356.0,2472.0,2828.0,1916.0,2148.0,232.0,405.12820512820514,1252.0,-7553.2,1662.5470098616765,-10460.0,-4412.0,6048.0,-10316.0,-6056.0,4260.0,449.94871794871796,1960.0,15171.9,1209.0808037513457,11876.0,17472.0,5596.0,13172.0,15696.0,2524.0,494.87179487179486,1952.0,628.2,1768.6537563921324,-3582.0,4303.0,7885.0,1669.0,-881.0,-2550.0,703.2820512820513,3267.0,1096.5,1455.8963046865665,-2813.0,3469.0,6282.0,2723.0,-519.0,-3242.0,751.8461538461538,2160.0,-520.65,980.5844825918874,-3699.0,2060.0,5759.0,155.0,-800.0,-955.0,688.7435897435897,4406.0,exercise_1_loose_fist,exercise_1_loose_fist_4
0.0,0.0,0.0,0.0,0.0,0.0,0.0,0.0,0.0,0.0,0.0,0.0,0.0,0.0,0.0,0.0,0.0,0.0,0.0,0.0,0.0,0.0,0.0,0.0,0.0,0.0,0.0,0.0,0.0,0.0,0.0,0.0,0.0,0.0,0.0,0.0,0.0,0.0,0.0,0.0,0.0,0.0,0.0,0.0,0.0,0.0,0.0,0.0,0.0,0.0,2611.0,1547.0994150344702,-24.0,5580.0,5604.0,-24.0,5492.0,5516.0,338.97435897435895,1252.0,-6524.9,655.4372510011923,-8336.0,-4412.0,3924.0,-4792.0,-6952.0,-2160.0,324.71794871794873,1960.0,15496.9,883.2428827904586,11876.0,17472.0,5596.0,11876.0,14220.0,2344.0,370.46153846153845,1952.0,-1066.875,1049.079720219107,-3582.0,989.0,4571.0,719.0,-1799.0,-2518.0,533.8461538461538,2828.0,96.925,942.2215075952151,-2813.0,2737.0,5550.0,1163.0,-776.0,-1939.0,594.3846153846154,2160.0,-602.45,966.5964243157534,-3699.0,2060.0,5759.0,-1619.0,350.0,1969.0,685.5641025641025,4406.0,exercise_1_loose_fist,exercise_1_loose_fist_4
0.0,0.0,0.0,0.0,0.0,0.0,0.0,0.0,0.0,0.0,0.4,0.4898979485566357,0.0,1.0,1.0,0.0,1.0,1.0,0.02564102564102564,1.0,0.0,0.0,0.0,0.0,0.0,0.0,0.0,0.0,0.0,0.0,0.0,0.0,0.0,0.0,0.0,0.0,0.0,0.0,0.0,0.0,0.25,0.4330127018922193,0.0,1.0,1.0,0.0,1.0,1.0,0.02564102564102564,1.0,5172.6,1409.1028493335753,2680.0,6776.0,4096.0,2680.0,6504.0,3824.0,150.15384615384616,516.0,-7501.4,877.152005070957,-8772.0,-6152.0,2620.0,-6152.0,-8408.0,-2256.0,249.02564102564102,928.0,14382.2,952.5939113809198,13008.0,16016.0,3008.0,15840.0,13312.0,-2528.0,261.53846153846155,604.0,-1124.525,731.2700933136812,-3228.0,-190.0,3038.0,-1150.0,-328.0,822.0,365.4871794871795,1266.0,84.525,768.8774930865125,-1913.0,1174.0,3087.0,-103.0,646.0,749.0,475.2564102564103,1909.0,-261.0,852.4511716221639,-2461.0,852.0,3313.0,-576.0,852.0,1428.0,360.35897435897436,938.0,exercise_1_loose_fist,exercise_1_loose_fist_4
0.0,0.0,0.0,0.0,0.0,0.0,0.0,0.0,0.0,0.0,0.45,0.4974937185533101,0.0,1.0,1.0,0.0,0.0,0.0,0.05128205128205128,1.0,0.0,0.0,0.0,0.0,0.0,0.0,0.0,0.0,0.0,0.0,0.0,0.0,0.0,0.0,0.0,0.0,0.0,0.0,0.0,0.0,0.3,0.45825756949558394,0.0,1.0,1.0,0.0,0.0,0.0,0.05128205128205128,1.0,5817.1,845.2393684631592,3960.0,6804.0,2844.0,5544.0,3960.0,-1584.0,185.23076923076923,632.0,-8679.9,519.2482932085575,-9904.0,-7568.0,2336.0,-7880.0,-9716.0,-1836.0,229.84615384615384,808.0,13472.5,254.86810314356717,13008.0,14268.0,1260.0,13844.0,13516.0,-328.0,246.56410256410257,532.0,-819.35,509.73593899194515,-2242.0,133.0,2375.0,-1894.0,133.0,2027.0,399.2564102564103,1266.0,1144.65,1294.5702868133503,-1913.0,3222.0,5135.0,73.0,2179.0,2106.0,594.1538461538462,1909.0,572.45,442.3028911277881,-124.0,2022.0,2146.0,839.0,742.0,-97.0,375.6666666666667,1737.0,exercise_1_loose_fist,exercise_1_loose_fist_4
0.0,0.0,0.0,0.0,0.0,0.0,0.0,0.0,0.0,0.0,0.05,0.21794494717703355,0.0,1.0,1.0,1.0,0.0,-1.0,0.02564102564102564,1.0,0.0,0.0,0.0,0.0,0.0,0.0,0.0,0.0,0.0,0.0,0.0,0.0,0.0,0.0,0.0,0.0,0.0,0.0,0.0,0.0,0.05,0.21794494717703355,0.0,1.0,1.0,1.0,0.0,-1.0,0.02564102564102564,1.0,4008.0,1393.7354124797146,1924.0,6804.0,4880.0,6804.0,1924.0,-4880.0,233.23076923076923,760.0,-9212.8,401.13658521755406,-9904.0,-8336.0,1568.0,-8384.0,-9452.0,-1068.0,196.82051282051282,508.0,13706.0,352.3339325128932,13036.0,14784.0,1748.0,13680.0,14116.0,436.0,205.84615384615384,804.0,-647.1,452.5913609427383,-1727.0,269.0,1996.0,-536.0,-234.0,302.0,377.0769230769231,1044.0,2203.225,627.0590278235376,876.0,3281.0,2405.0,1595.0,2285.0,690.0,594.4102564102565,1701.0,378.275,584.1087222213001,-950.0,2022.0,2972.0,554.0,-250.0,-804.0,388.1025641025641,1737.0,exercise_1_loose_fist,exercise_1_loose_fist_4
0.0,0.0,0.0,0.0,0.0,0.0,0.0,0.0,0.0,0.0,0.0,0.0,0.0,0.0,0.0,0.0,0.0,0.0,0.0,0.0,0.0,0.0,0.0,0.0,0.0,0.0,0.0,0.0,0.0,0.0,0.0,0.0,0.0,0.0,0.0,0.0,0.0,0.0,0.0,0.0,0.0,0.0,0.0,0.0,0.0,0.0,0.0,0.0,0.0,0.0,2439.5,620.9200834245902,1588.0,3764.0,2176.0,3764.0,3016.0,-748.0,199.89743589743588,760.0,-9438.5,128.86485168578747,-9668.0,-9160.0,508.0,-9384.0,-9560.0,-176.0,146.05128205128204,496.0,14033.7,234.68939047174672,13584.0,14784.0,1200.0,13632.0,13844.0,212.0,229.84615384615384,804.0,-561.025,354.9467204736507,-1479.0,269.0,1748.0,-125.0,-676.0,-551.0,306.4871794871795,907.0,1369.8,1138.225948570845,-1689.0,3281.0,4970.0,2750.0,116.0,-2634.0,507.64102564102564,1701.0,-68.95,346.9652684347528,-950.0,641.0,1591.0,538.0,-209.0,-747.0,238.23076923076923,853.0,exercise_1_loose_fist,exercise_1_loose_fist_4
0.0,0.0,0.0,0.0,0.0,0.0,0.0,0.0,0.0,0.0,0.0,0.0,0.0,0.0,0.0,0.0,0.0,0.0,0.0,0.0,0.0,0.0,0.0,0.0,0.0,0.0,0.0,0.0,0.0,0.0,0.0,0.0,0.0,0.0,0.0,0.0,0.0,0.0,0.0,0.0,0.0,0.0,0.0,0.0,0.0,0.0,0.0,0.0,0.0,0.0,3220.1,1324.2058714565496,1588.0,5772.0,4184.0,1956.0,5772.0,3816.0,166.15384615384616,460.0,-9625.3,210.77075224043776,-10104.0,-9236.0,868.0,-9360.0,-9984.0,-624.0,119.58974358974359,308.0,13648.3,545.3449458828787,12520.0,14488.0,1968.0,14488.0,12520.0,-1968.0,178.66666666666666,712.0,-644.4,235.326347866107,-1339.0,-329.0,1010.0,-524.0,-509.0,15.0,172.23076923076923,815.0,-296.725,993.4128544442134,-1915.0,1541.0,3456.0,1429.0,-1304.0,-2733.0,415.71794871794873,1194.0,170.325,388.61982627627225,-933.0,958.0,1891.0,-135.0,614.0,749.0,217.30769230769232,577.0,exercise_1_loose_fist,exercise_1_loose_fist_4
0.0,0.0,0.0,0.0,0.0,0.0,0.0,0.0,0.0,0.0,0.0,0.0,0.0,0.0,0.0,0.0,0.0,0.0,0.0,0.0,0.0,0.0,0.0,0.0,0.0,0.0,0.0,0.0,0.0,0.0,0.0,0.0,0.0,0.0,0.0,0.0,0.0,0.0,0.0,0.0,0.0,0.0,0.0,0.0,0.0,0.0,0.0,0.0,0.0,0.0,5969.5,1862.112496601642,3084.0,8992.0,5908.0,3084.0,8968.0,5884.0,168.51282051282053,428.0,-10000.1,283.732955435212,-10596.0,-9396.0,1200.0,-9480.0,-10440.0,-960.0,131.07692307692307,308.0,12151.4,1274.7613266804105,9196.0,13828.0,4632.0,13796.0,9196.0,-4600.0,164.92307692307693,596.0,-770.65,300.7069628392399,-1691.0,-358.0,1333.0,-542.0,-1691.0,-1149.0,144.64102564102564,528.0,-1418.4,608.7692419956842,-2778.0,-12.0,2766.0,-213.0,-2778.0,-2565.0,397.87179487179486,1015.0,391.2,244.81474628788192,-60.0,958.0,1018.0,332.0,633.0,301.0,187.76923076923077,577.0,exercise_1_loose_fist,exercise_1_loose_fist_4
0.0,0.0,0.0,0.0,0.0,0.0,0.0,0.0,0.0,0.0,0.0,0.0,0.0,0.0,0.0,0.0,0.0,0.0,0.0,0.0,0.0,0.0,0.0,0.0,0.0,0.0,0.0,0.0,0.0,0.0,0.0,0.0,0.0,0.0,0.0,0.0,0.0,0.0,0.0,0.0,0.0,0.0,0.0,0.0,0.0,0.0,0.0,0.0,0.0,0.0,8845.7,1482.6041649745896,5908.0,10576.0,4668.0,5908.0,10476.0,4568.0,158.97435897435898,428.0,-10806.0,635.4280447068732,-11916.0,-9912.0,2004.0,-9940.0,-11032.0,-1092.0,197.84615384615384,696.0,8948.6,2367.147236654281,5764.0,12604.0,6840.0,12604.0,5948.0,-6656.0,238.15384615384616,860.0,-1028.2,585.8338587005704,-2361.0,-92.0,2269.0,-560.0,-591.0,-31.0,233.97435897435898,966.0,-1225.175,1095.5589187145529,-2778.0,1118.0,3896.0,-1636.0,1118.0,2754.0,450.8205128205128,1099.0,210.425,302.0498210146796,-450.0,689.0,1139.0,511.0,-325.0,-836.0,157.02564102564102,361.0,exercise_1_loose_fist,exercise_1_loose_fist_4
0.0,0.0,0.0,0.0,0.0,0.0,0.0,0.0,0.0,0.0,0.0,0.0,0.0,0.0,0.0,0.0,0.0,0.0,0.0,0.0,0.0,0.0,0.0,0.0,0.0,0.0,0.0,0.0,0.0,0.0,0.0,0.0,0.0,0.0,0.0,0.0,0.0,0.0,0.0,0.0,0.4,0.4898979485566357,0.0,1.0,1.0,0.0,1.0,1.0,0.02564102564102564,1.0,1819.9,809.0792235621922,-192.0,3092.0,3284.0,-192.0,1728.0,1920.0,176.6153846153846,528.0,-11808.2,892.1569144494706,-13188.0,-10204.0,2984.0,-10392.0,-12380.0,-1988.0,198.87179487179486,784.0,11885.7,952.8101122469261,9908.0,13568.0,3660.0,13568.0,9908.0,-3660.0,213.02564102564102,1176.0,-1375.0,662.0074772991617,-3198.0,598.0,3796.0,-2014.0,598.0,2612.0,376.35897435897436,1906.0,469.125,874.5614383077955,-1401.0,2425.0,3826.0,-191.0,2425.0,2616.0,549.3846153846154,2085.0,-107.225,581.1607130346993,-1679.0,824.0,2503.0,-1262.0,457.0,1719.0,262.2307692307692,944.0,exercise_1_loose_fist,exercise_1_loose_fist_5
0.0,0.0,0.0,0.0,0.0,0.0,0.0,0.0,0.0,0.0,0.0,0.0,0.0,0.0,0.0,0.0,0.0,0.0,0.0,0.0,0.0,0.0,0.0,0.0,0.0,0.0,0.0,0.0,0.0,0.0,0.0,0.0,0.0,0.0,0.0,0.0,0.0,0.0,0.0,0.0,0.45,0.4974937185533101,0.0,1.0,1.0,0.0,0.0,0.0,0.05128205128205128,1.0,1037.7,1730.53353333589,-3140.0,3092.0,6232.0,2504.0,-3140.0,-5644.0,238.66666666666666,776.0,-12591.6,360.57709300508816,-13188.0,-11596.0,1592.0,-11844.0,-12504.0,-660.0,268.61538461538464,784.0,11040.3,378.14006664197854,9908.0,11840.0,1932.0,11812.0,10748.0,-1064.0,277.94871794871796,1176.0,-758.375,884.2674846306405,-3198.0,1425.0,4623.0,-1420.0,-18.0,1402.0,461.53846153846155,1906.0,2516.725,1979.3861420589465,-856.0,9398.0,10254.0,-856.0,4915.0,5771.0,887.5128205128206,6973.0,575.4,526.8209278303207,-384.0,2224.0,2608.0,79.0,430.0,351.0,501.61538461538464,1750.0,exercise_1_loose_fist,exercise_1_loose_fist_5
0.0,0.0,0.0,0.0,0.0,0.0,0.0,0.0,0.0,0.0,0.0,0.0,0.0,0.0,0.0,0.0,0.0,0.0,0.0,0.0,0.0,0.0,0.0,0.0,0.0,0.0,0.0,0.0,0.0,0.0,0.0,0.0,0.0,0.0,0.0,0.0,0.0,0.0,0.0,0.0,0.05,0.21794494717703355,0.0,1.0,1.0,1.0,0.0,-1.0,0.02564102564102564,1.0,-1997.1,1959.6575185475654,-3928.0,1916.0,5844.0,1916.0,-3384.0,-5300.0,210.97435897435898,776.0,-12539.5,188.00678179257258,-13044.0,-12160.0,884.0,-13044.0,-12544.0,500.0,192.51282051282053,568.0,10856.7,270.6257748256806,10448.0,11588.0,1140.0,10448.0,10556.0,108.0,192.92307692307693,1140.0,-388.575,426.4100073579419,-922.0,1425.0,2347.0,1425.0,-905.0,-2330.0,299.6923076923077,1095.0,2557.075,1953.497176700033,225.0,9398.0,9173.0,9398.0,225.0,-9173.0,573.8205128205128,5156.0,501.95,571.4503018636003,-415.0,2224.0,2639.0,881.0,-345.0,-1226.0,496.0,1750.0,exercise_1_loose_fist,exercise_1_loose_fist_5
0.0,0.0,0.0,0.0,0.0,0.0,0.0,0.0,0.0,0.0,0.0,0.0,0.0,0.0,0.0,0.0,0.0,0.0,0.0,0.0,0.0,0.0,0.0,0.0,0.0,0.0,0.0,0.0,0.0,0.0,0.0,0.0,0.0,0.0,0.0,0.0,0.0,0.0,0.0,0.0,0.0,0.0,0.0,0.0,0.0,0.0,0.0,0.0,0.0,0.0,-2810.1,1107.2481158258975,-3928.0,-652.0,3276.0,-3052.0,-652.0,2400.0,211.69230769230768,936.0,-12624.4,261.5642177362951,-13436.0,-12160.0,1276.0,-12668.0,-12472.0,196.0,220.6153846153846,880.0,10682.4,227.7029644075808,10044.0,11252.0,1208.0,10572.0,11240.0,668.0,180.2051282051282,860.0,-542.575,503.78610974797635,-2350.0,644.0,2994.0,-419.0,-279.0,140.0,315.84615384615387,1431.0,128.2,1355.2894008292103,-3036.0,3177.0,6213.0,3177.0,260.0,-2917.0,539.2564102564103,3694.0,-23.325,379.5694526368,-1086.0,813.0,1899.0,813.0,-370.0,-1183.0,329.8205128205128,1499.0,exercise_1_loose_fist,exercise_1_loose_fist_5
0.0,0.0,0.0,0.0,0.0,0.0,0.0,0.0,0.0,0.0,0.0,0.0,0.0,0.0,0.0,0.0,0.0,0.0,0.0,0.0,0.0,0.0,0.0,0.0,0.0,0.0,0.0,0.0,0.0,0.0,0.0,0.0,0.0,0.0,0.0,0.0,0.0,0.0,0.0,0.0,0.0,0.0,0.0,0.0,0.0,0.0,0.0,0.0,0.0,0.0,-726.8,1482.3776037164082,-3424.0,1460.0,4884.0,-3232.0,1460.0,4692.0,204.82051282051282,936.0,-12786.8,236.4439891390771,-13436.0,-12380.0,1056.0,-12380.0,-13096.0,-716.0,249.12820512820514,880.0,10816.8,299.27806468232853,10044.0,11380.0,1336.0,10788.0,10560.0,-228.0,198.87179487179486,860.0,-639.525,573.8665780257638,-2350.0,644.0,2994.0,-1165.0,-433.0,732.0,419.0769230769231,1431.0,-480.95,911.0616595489023,-3036.0,1107.0,4143.0,-611.0,-300.0,311.0,626.7435897435897,3694.0,-244.625,395.2171357304741,-1474.0,668.0,2142.0,-350.0,-574.0,-224.0,387.64102564102564,1499.0,exercise_1_loose_fist,exercise_1_loose_fist_5
0.3,0.45825756949558405,0.0,1.0,1.0,0.0,0.0,0.0,0.05128205128205128,1.0,0.275,0.4465142774872937,0.0,1.0,1.0,0.0,0.0,0.0,0.05128205128205128,1.0,0.0,0.0,0.0,0.0,0.0,0.0,0.0,0.0,0.0,0.0,0.0,0.0,0.0,0.0,0.0,0.0,0.0,0.0,0.0,0.0,0.325,0.46837484987987993,0.0,1.0,1.0,0.0,0.0,0.0,0.05128205128205128,1.0,1298.3,926.9325272100444,-760.0,2540.0,3300.0,-760.0,1568.0,2328.0,131.69230769230768,400.0,-12808.7,214.05585719620007,-13208.0,-12264.0,944.0,-12504.0,-12900.0,-396.0,189.64102564102564,900.0,10809.0,242.27216100906023,10412.0,11380.0,968.0,11380.0,10412.0,-968.0,169.02564102564102,396.0,-566.325,379.96430013226245,-1653.0,121.0,1774.0,121.0,-379.0,-500.0,319.8974358974359,1189.0,448.525,1293.9677737003344,-912.0,6431.0,7343.0,-269.0,944.0,1213.0,785.5641025641025,5150.0,-99.6,458.0540797766132,-1474.0,1130.0,2604.0,386.0,182.0,-204.0,288.87179487179486,1207.0,exercise_1_loose_fist,exercise_1_loose_fist_5
0.3,0.4582575694955839,0.0,1.0,1.0,0.0,0.0,0.0,0.05128205128205128,1.0,0.275,0.4465142774872935,0.0,1.0,1.0,0.0,0.0,0.0,0.05128205128205128,1.0,0.0,0.0,0.0,0.0,0.0,0.0,0.0,0.0,0.0,0.0,0.0,0.0,0.0,0.0,0.0,0.0,0.0,0.0,0.0,0.0,0.325,0.4683748498798798,0.0,1.0,1.0,0.0,0.0,0.0,0.05128205128205128,1.0,878.2,1451.961969198918,-1596.0,2540.0,4136.0,1636.0,-1596.0,-3232.0,196.30769230769232,1000.0,-12749.0,252.60997605003647,-13532.0,-12264.0,1268.0,-12800.0,-12308.0,492.0,231.28205128205127,1148.0,10891.7,314.4091442690559,10412.0,11708.0,1296.0,10708.0,11004.0,296.0,234.46153846153845,1108.0,-300.575,305.27085411974724,-1125.0,639.0,1764.0,-686.0,-532.0,154.0,257.28205128205127,746.0,2041.825,1686.0819358426804,-912.0,6431.0,7343.0,-182.0,2489.0,2671.0,1016.4871794871794,5150.0,186.725,391.4231078704986,-613.0,1199.0,1812.0,-307.0,-202.0,105.0,246.33333333333334,875.0,exercise_1_loose_fist,exercise_1_loose_fist_5
0.0,0.0,0.0,0.0,0.0,0.0,0.0,0.0,0.0,0.0,0.0,0.0,0.0,0.0,0.0,0.0,0.0,0.0,0.0,0.0,0.0,0.0,0.0,0.0,0.0,0.0,0.0,0.0,0.0,0.0,0.0,0.0,0.0,0.0,0.0,0.0,0.0,0.0,0.0,0.0,0.0,0.0,0.0,0.0,0.0,0.0,0.0,0.0,0.0,0.0,-1262.6,1218.111505569174,-2652.0,1596.0,4248.0,1596.0,-1992.0,-3588.0,203.5897435897436,1000.0,-12651.9,258.83197252271594,-13532.0,-11996.0,1536.0,-12768.0,-12992.0,-224.0,275.6923076923077,1148.0,10990.0,284.07886229003384,10476.0,11708.0,1232.0,11160.0,10704.0,-456.0,253.12820512820514,1108.0,-414.625,428.6336832016355,-1751.0,639.0,2390.0,-361.0,-664.0,-303.0,331.71794871794873,1392.0,2585.575,904.1383712546437,655.0,4894.0,4239.0,1973.0,2672.0,699.0,574.8974358974359,1914.0,-100.5,681.12245595047,-2851.0,1199.0,4050.0,248.0,-314.0,-562.0,423.38461538461536,2056.0,exercise_1_loose_fist,exercise_1_loose_fist_5
0.0,0.0,0.0,0.0,0.0,0.0,0.0,0.0,0.0,0.0,0.0,0.0,0.0,0.0,0.0,0.0,0.0,0.0,0.0,0.0,0.0,0.0,0.0,0.0,0.0,0.0,0.0,0.0,0.0,0.0,0.0,0.0,0.0,0.0,0.0,0.0,0.0,0.0,0.0,0.0,0.0,0.0,0.0,0.0,0.0,0.0,0.0,0.0,0.0,0.0,-2080.4,357.52348174630436,-2652.0,-856.0,1796.0,-1848.0,-856.0,992.0,158.76923076923077,620.0,-12830.0,313.0201271483992,-13496.0,-11996.0,1500.0,-12728.0,-13496.0,-768.0,244.71794871794873,1020.0,10621.2,352.33075369601215,9632.0,11292.0,1660.0,11116.0,10228.0,-888.0,267.6923076923077,736.0,-777.85,444.95721985377423,-1766.0,17.0,1783.0,-863.0,-887.0,-24.0,335.43589743589746,1392.0,1090.95,1323.8543528273797,-2796.0,2672.0,5468.0,1693.0,-1490.0,-3183.0,441.97435897435895,2497.0,-200.05,609.378574861309,-2851.0,532.0,3383.0,-171.0,503.0,674.0,448.1025641025641,2056.0,exercise_1_loose_fist,exercise_1_loose_fist_5
0.0,0.0,0.0,0.0,0.0,0.0,0.0,0.0,0.0,0.0,0.0,0.0,0.0,0.0,0.0,0.0,0.0,0.0,0.0,0.0,0.0,0.0,0.0,0.0,0.0,0.0,0.0,0.0,0.0,0.0,0.0,0.0,0.0,0.0,0.0,0.0,0.0,0.0,0.0,0.0,0.0,0.0,0.0,0.0,0.0,0.0,0.0,0.0,0.0,0.0,-1058.2,1065.3678988969023,-2508.0,752.0,3260.0,-2320.0,752.0,3072.0,201.84615384615384,728.0,-13156.3,301.70500493031267,-13784.0,-12524.0,1260.0,-12524.0,-13120.0,-596.0,278.2564102564103,896.0,10353.2,296.4188927851934,9412.0,10768.0,1356.0,10704.0,10428.0,-276.0,316.20512820512823,1344.0,-606.35,503.42579145292115,-1766.0,689.0,2455.0,-680.0,80.0,760.0,345.8974358974359,1006.0,-421.725,1139.9636614274157,-3304.0,2002.0,5306.0,2002.0,-1860.0,-3862.0,650.0512820512821,2497.0,241.8,355.8403574638493,-289.0,1706.0,1995.0,-11.0,708.0,719.0,377.6666666666667,1505.0,exercise_1_loose_fist,exercise_1_loose_fist_5
0.075,0.26339134382131846,0.0,1.0,1.0,0.0,1.0,1.0,0.02564102564102564,1.0,0.05,0.21794494717703367,0.0,1.0,1.0,0.0,1.0,1.0,0.02564102564102564,1.0,0.0,0.0,0.0,0.0,0.0,0.0,0.0,0.0,0.0,0.0,0.0,0.0,0.0,0.0,0.0,0.0,0.0,0.0,0.0,0.0,0.0,0.0,0.0,0.0,0.0,0.0,0.0,0.0,0.0,0.0,842.4,1126.4673275332934,-1480.0,2376.0,3856.0,-1480.0,2224.0,3704.0,184.6153846153846,728.0,-13116.2,282.76767849243305,-13784.0,-12760.0,1024.0,-13384.0,-13084.0,300.0,238.66666666666666,896.0,10470.9,306.93971720844473,9412.0,11024.0,1612.0,9676.0,10436.0,760.0,293.3333333333333,1344.0,-284.55,272.19817688588586,-771.0,689.0,1460.0,-62.0,-515.0,-453.0,286.2307692307692,770.0,-675.275,827.0501492503341,-3304.0,875.0,4179.0,-1474.0,875.0,2349.0,697.8205128205128,2337.0,403.8,313.1324160798432,-226.0,1706.0,1932.0,267.0,209.0,-58.0,323.43589743589746,1505.0,exercise_1_loose_fist,exercise_1_loose_fist_5
0.4,0.48989794855663577,0.0,1.0,1.0,0.0,0.0,0.0,0.05128205128205128,1.0,0.35,0.476969600708473,0.0,1.0,1.0,0.0,0.0,0.0,0.05128205128205128,1.0,0.0,0.0,0.0,0.0,0.0,0.0,0.0,0.0,0.0,0.0,0.0,0.0,0.0,0.0,0.0,0.0,0.0,0.0,0.0,0.0,0.0,0.0,0.0,0.0,0.0,0.0,0.0,0.0,0.0,0.0,1788.3,528.4478309161652,320.0,2376.0,2056.0,892.0,396.0,-496.0,163.89743589743588,476.0,-12892.1,165.15807579407067,-13200.0,-12476.0,724.0,-12908.0,-12916.0,-8.0,202.05128205128204,656.0,10648.4,251.45305724926072,10268.0,11244.0,976.0,10272.0,10708.0,436.0,257.7435897435897,756.0,-399.55,220.36389790526033,-917.0,70.0,987.0,-316.0,-917.0,-601.0,197.0,571.0,1079.1,1928.9321631410473,-2145.0,5125.0,7270.0,-598.0,4781.0,5379.0,661.4615384615385,1738.0,303.55,270.25506008213796,-354.0,1047.0,1401.0,-226.0,250.0,476.0,197.07692307692307,737.0,exercise_1_loose_fist,exercise_1_loose_fist_5
0.325,0.4683748498798798,0.0,1.0,1.0,1.0,0.0,-1.0,0.02564102564102564,1.0,0.3,0.4582575694955839,0.0,1.0,1.0,1.0,0.0,-1.0,0.02564102564102564,1.0,0.0,0.0,0.0,0.0,0.0,0.0,0.0,0.0,0.0,0.0,0.0,0.0,0.0,0.0,0.0,0.0,0.0,0.0,0.0,0.0,0.0,0.0,0.0,0.0,0.0,0.0,0.0,0.0,0.0,0.0,233.1,1667.173653222723,-2452.0,2276.0,4728.0,2056.0,-2452.0,-4508.0,198.25641025641025,712.0,-12945.6,249.13739181423568,-13588.0,-12476.0,1112.0,-12572.0,-13352.0,-780.0,261.02564102564105,656.0,10583.7,348.95316304627477,9716.0,11244.0,1528.0,10392.0,9884.0,-508.0,227.3846153846154,756.0,-613.4,376.35201607006167,-1862.0,-61.0,1801.0,-401.0,-416.0,-15.0,189.4102564102564,802.0,3158.775,1561.2699876622876,502.0,6547.0,6045.0,1693.0,1634.0,-59.0,785.3589743589744,2424.0,-117.5,833.7251945335465,-3367.0,1090.0,4457.0,51.0,1090.0,1039.0,435.97435897435895,1897.0,exercise_1_loose_fist,exercise_1_loose_fist_5
0.0,0.0,0.0,0.0,0.0,0.0,0.0,0.0,0.0,0.0,0.0,0.0,0.0,0.0,0.0,0.0,0.0,0.0,0.0,0.0,0.0,0.0,0.0,0.0,0.0,0.0,0.0,0.0,0.0,0.0,0.0,0.0,0.0,0.0,0.0,0.0,0.0,0.0,0.0,0.0,0.0,0.0,0.0,0.0,0.0,0.0,0.0,0.0,0.0,0.0,-1540.2,790.5870983010032,-2816.0,136.0,2952.0,136.0,-868.0,-1004.0,228.82051282051282,848.0,-13167.7,273.1642546161558,-13768.0,-12672.0,1096.0,-13156.0,-12996.0,160.0,259.0769230769231,624.0,10263.1,436.2279106155405,9236.0,10920.0,1684.0,10920.0,10600.0,-320.0,222.76923076923077,968.0,-548.9,405.31942958609824,-1862.0,-25.0,1837.0,-722.0,-532.0,190.0,170.0,802.0,1518.3,2705.23509329596,-4610.0,6547.0,11157.0,4049.0,-626.0,-4675.0,952.7435897435897,2424.0,-37.175,882.0816823713097,-3367.0,1271.0,4638.0,55.0,465.0,410.0,556.6666666666666,1897.0,exercise_1_loose_fist,exercise_1_loose_fist_5
0.0,0.0,0.0,0.0,0.0,0.0,0.0,0.0,0.0,0.0,0.0,0.0,0.0,0.0,0.0,0.0,0.0,0.0,0.0,0.0,0.0,0.0,0.0,0.0,0.0,0.0,0.0,0.0,0.0,0.0,0.0,0.0,0.0,0.0,0.0,0.0,0.0,0.0,0.0,0.0,0.0,0.0,0.0,0.0,0.0,0.0,0.0,0.0,0.0,0.0,-601.7,1518.3577674579863,-2816.0,2844.0,5660.0,-2816.0,2844.0,5660.0,205.64102564102564,848.0,-13254.7,197.05509381896218,-13768.0,-12776.0,992.0,-13768.0,-13412.0,356.0,209.53846153846155,540.0,10167.0,366.2247943545057,9236.0,10676.0,1440.0,9724.0,9772.0,48.0,204.92307692307693,968.0,-548.8,320.1982354729645,-1590.0,-25.0,1565.0,-537.0,-770.0,-233.0,171.46153846153845,990.0,-1311.8,1501.206484798144,-4610.0,2398.0,7008.0,2398.0,-1173.0,-3571.0,900.1282051282051,2338.0,257.1,475.8960390673576,-1326.0,1271.0,2597.0,283.0,-246.0,-529.0,357.0,1241.0,exercise_1_loose_fist,exercise_1_loose_fist_5
0.225,0.41758232721225164,0.0,1.0,1.0,0.0,1.0,1.0,0.02564102564102564,1.0,0.25,0.4330127018922193,0.0,1.0,1.0,0.0,1.0,1.0,0.02564102564102564,1.0,0.125,0.33071891388307384,0.0,1.0,1.0,0.0,1.0,1.0,0.02564102564102564,1.0,0.0,0.0,0.0,0.0,0.0,0.0,0.0,0.0,0.0,0.0,0.0,0.0,0.0,0.0,0.0,0.0,0.0,0.0,0.0,0.0,2036.4,1647.0824630236336,-892.0,3952.0,4844.0,-892.0,3552.0,4444.0,157.23076923076923,516.0,-13263.1,141.90274838776028,-13568.0,-12928.0,640.0,-13248.0,-13244.0,4.0,152.30769230769232,440.0,9960.6,420.0928944888261,9388.0,10636.0,1248.0,10384.0,9388.0,-996.0,165.64102564102564,612.0,-611.225,276.88232947409256,-1590.0,51.0,1641.0,-411.0,51.0,462.0,176.4102564102564,990.0,-611.625,1536.286865912418,-3700.0,2416.0,6116.0,-379.0,2416.0,2795.0,583.4102564102565,1898.0,58.425,450.4776291615379,-1326.0,1145.0,2471.0,502.0,898.0,396.0,243.64102564102564,983.0,exercise_1_loose_fist,exercise_1_loose_fist_5
0.25,0.4330127018922193,0.0,1.0,1.0,0.0,0.0,0.0,0.05128205128205128,1.0,0.3,0.45825756949558394,0.0,1.0,1.0,0.0,0.0,0.0,0.05128205128205128,1.0,0.125,0.33071891388307384,0.0,1.0,1.0,0.0,0.0,0.0,0.05128205128205128,1.0,0.0,0.0,0.0,0.0,0.0,0.0,0.0,0.0,0.0,0.0,0.0,0.0,0.0,0.0,0.0,0.0,0.0,0.0,0.0,0.0,2214.4,1581.8226955003522,-896.0,3952.0,4848.0,2812.0,-896.0,-3708.0,190.05128205128204,660.0,-13383.6,179.2914944998786,-13800.0,-13060.0,740.0,-13464.0,-13556.0,-92.0,178.15384615384616,556.0,9791.0,309.1443028748872,9260.0,10572.0,1312.0,9724.0,9588.0,-136.0,248.82051282051282,1012.0,-575.425,244.86474710541734,-1120.0,67.0,1187.0,-649.0,-785.0,-136.0,220.92307692307693,613.0,2774.275,2266.90554487279,-219.0,6708.0,6927.0,293.0,4054.0,3761.0,691.5128205128206,3522.0,-58.8,485.06964448417096,-1049.0,1070.0,2119.0,-311.0,-1020.0,-709.0,264.94871794871796,1109.0,exercise_1_loose_fist,exercise_1_loose_fist_5
0.025,0.1561249499599599,0.0,1.0,1.0,1.0,0.0,-1.0,0.02564102564102564,1.0,0.05,0.21794494717703355,0.0,1.0,1.0,1.0,0.0,-1.0,0.02564102564102564,1.0,0.0,0.0,0.0,0.0,0.0,0.0,0.0,0.0,0.0,0.0,0.0,0.0,0.0,0.0,0.0,0.0,0.0,0.0,0.0,0.0,0.0,0.0,0.0,0.0,0.0,0.0,0.0,0.0,0.0,0.0,-282.0,1577.8747732313866,-2304.0,3540.0,5844.0,3540.0,-876.0,-4416.0,284.71794871794873,824.0,-13674.6,287.48224292988954,-14248.0,-13148.0,1100.0,-13248.0,-13696.0,-448.0,207.17948717948718,556.0,9570.2,500.09035183654566,8792.0,10572.0,1780.0,10072.0,8792.0,-1280.0,292.1025641025641,1012.0,-677.975,442.9604659278297,-1860.0,712.0,2572.0,-510.0,-198.0,312.0,439.2307692307692,1436.0,3222.925,2494.499212141587,-5089.0,6708.0,11797.0,4925.0,-689.0,-5614.0,1146.6153846153845,5118.0,-145.3,530.3353278822748,-1203.0,1070.0,2273.0,447.0,-451.0,-898.0,336.46153846153845,1109.0,exercise_1_loose_fist,exercise_1_loose_fist_5
0.0,0.0,0.0,0.0,0.0,0.0,0.0,0.0,0.0,0.0,0.0,0.0,0.0,0.0,0.0,0.0,0.0,0.0,0.0,0.0,0.0,0.0,0.0,0.0,0.0,0.0,0.0,0.0,0.0,0.0,0.0,0.0,0.0,0.0,0.0,0.0,0.0,0.0,0.0,0.0,0.0,0.0,0.0,0.0,0.0,0.0,0.0,0.0,0.0,0.0,-445.2,1289.2565919940064,-2304.0,2124.0,4428.0,-688.0,2124.0,2812.0,304.3076923076923,1140.0,-13850.0,206.46936818811648,-14248.0,-13424.0,824.0,-13800.0,-13856.0,-56.0,228.92307692307693,728.0,9334.2,333.1209389996372,8788.0,9916.0,1128.0,9680.0,9268.0,-412.0,337.53846153846155,1084.0,-539.175,512.9763097600122,-1860.0,712.0,2572.0,-984.0,-527.0,457.0,461.97435897435895,1436.0,-401.375,2725.5190944799856,-5089.0,5041.0,10130.0,3879.0,-2106.0,-5985.0,1169.1538461538462,5118.0,145.1,537.5437563584941,-1203.0,1179.0,2382.0,-1203.0,167.0,1370.0,364.05128205128204,1048.0,exercise_1_loose_fist,exercise_1_loose_fist_5
0.0,0.0,0.0,0.0,0.0,0.0,0.0,0.0,0.0,0.0,0.0,0.0,0.0,0.0,0.0,0.0,0.0,0.0,0.0,0.0,0.0,0.0,0.0,0.0,0.0,0.0,0.0,0.0,0.0,0.0,0.0,0.0,0.0,0.0,0.0,0.0,0.0,0.0,0.0,0.0,0.0,0.0,0.0,0.0,0.0,0.0,0.0,0.0,0.0,0.0,1408.4,160.97900484224644,972.0,1648.0,676.0,972.0,1648.0,676.0,66.35897435897436,248.0,-13054.5,171.89924374470064,-13428.0,-12716.0,712.0,-12880.0,-13216.0,-336.0,95.7948717948718,248.0,10628.7,236.987573513887,10208.0,11116.0,908.0,11088.0,10296.0,-792.0,121.64102564102564,504.0,-751.175,204.45731675584514,-1365.0,-444.0,921.0,-765.0,-693.0,72.0,146.0,555.0,1143.75,161.0001164595852,799.0,1451.0,652.0,1074.0,1170.0,96.0,105.07692307692308,317.0,-96.775,171.31921776321533,-598.0,241.0,839.0,59.0,-100.0,-159.0,149.56410256410257,507.0,exercise_1_loose_fist,exercise_1_loose_fist_6
0.0,0.0,0.0,0.0,0.0,0.0,0.0,0.0,0.0,0.0,0.0,0.0,0.0,0.0,0.0,0.0,0.0,0.0,0.0,0.0,0.0,0.0,0.0,0.0,0.0,0.0,0.0,0.0,0.0,0.0,0.0,0.0,0.0,0.0,0.0,0.0,0.0,0.0,0.0,0.0,0.0,0.0,0.0,0.0,0.0,0.0,0.0,0.0,0.0,0.0,2493.2,1581.2891449700148,1336.0,6876.0,5540.0,1464.0,6876.0,5412.0,201.12820512820514,944.0,-13293.7,209.31676951453267,-13920.0,-13036.0,884.0,-13116.0,-13120.0,-4.0,127.48717948717949,440.0,9964.2,689.2418733652216,8180.0,10664.0,2484.0,10616.0,8180.0,-2436.0,164.82051282051282,784.0,-1219.275,933.546088511435,-4212.0,-444.0,3768.0,-800.0,-3798.0,-2998.0,312.0,3094.0,645.85,956.1149394816505,-2958.0,1422.0,4380.0,1092.0,518.0,-574.0,398.1025641025641,2597.0,-1234.825,1530.8147648801275,-4488.0,139.0,4627.0,-46.0,-3622.0,-3576.0,364.6666666666667,2567.0,exercise_1_loose_fist,exercise_1_loose_fist_6
0.35,0.4769696007084729,0.0,1.0,1.0,0.0,1.0,1.0,0.02564102564102564,1.0,0.1,0.30000000000000004,0.0,1.0,1.0,0.0,1.0,1.0,0.02564102564102564,1.0,0.0,0.0,0.0,0.0,0.0,0.0,0.0,0.0,0.0,0.0,0.25,0.4330127018922193,0.0,1.0,1.0,0.0,1.0,1.0,0.02564102564102564,1.0,0.0,0.0,0.0,0.0,0.0,0.0,0.0,0.0,0.0,0.0,5955.5,2797.353776339346,1604.0,9112.0,7508.0,1604.0,8912.0,7308.0,292.8205128205128,944.0,-13233.5,266.373703657099,-13920.0,-12552.0,1368.0,-13280.0,-12988.0,292.0,162.97435897435898,568.0,7776.9,1817.5923607894042,5456.0,10340.0,4884.0,10100.0,5608.0,-4492.0,253.84615384615384,792.0,-1235.45,1084.260530269363,-4212.0,-19.0,4193.0,-787.0,-104.0,683.0,425.15384615384613,3094.0,-209.925,1119.6102086775556,-2958.0,1418.0,4376.0,1195.0,1226.0,31.0,629.1025641025641,2597.0,-1348.9,1518.0640269764644,-4488.0,81.0,4569.0,-217.0,27.0,244.0,425.5897435897436,2567.0,exercise_1_loose_fist,exercise_1_loose_fist_6
0.85,0.3570714214271425,0.0,1.0,1.0,0.0,1.0,1.0,0.02564102564102564,1.0,0.6,0.4898979485566357,0.0,1.0,1.0,0.0,1.0,1.0,0.02564102564102564,1.0,0.0,0.0,0.0,0.0,0.0,0.0,0.0,0.0,0.0,0.0,0.75,0.4330127018922193,0.0,1.0,1.0,0.0,1.0,1.0,0.02564102564102564,1.0,0.0,0.0,0.0,0.0,0.0,0.0,0.0,0.0,0.0,0.0,8546.6,385.49142662321304,7340.0,9112.0,1772.0,7340.0,8084.0,744.0,151.17948717948718,512.0,-13070.3,182.5461859366007,-13388.0,-12552.0,836.0,-12552.0,-13240.0,-688.0,128.2051282051282,484.0,5869.6,457.65471700835775,5404.0,7552.0,2148.0,7552.0,5404.0,-2148.0,216.92307692307693,792.0,-674.65,604.9591535798098,-3380.0,-19.0,3361.0,-3380.0,-650.0,2730.0,250.4102564102564,1680.0,306.725,1151.0513235190688,-2322.0,2632.0,4954.0,-581.0,1270.0,1851.0,378.79487179487177,1362.0,-22.55,625.7690049051646,-2913.0,1284.0,4197.0,-2913.0,-136.0,2777.0,230.84615384615384,1678.0,exercise_1_loose_fist,exercise_1_loose_fist_6
0.625,0.4841229182759271,0.0,1.0,1.0,1.0,0.0,-1.0,0.02564102564102564,1.0,0.525,0.49937460888595436,0.0,1.0,1.0,1.0,0.0,-1.0,0.02564102564102564,1.0,0.0,0.0,0.0,0.0,0.0,0.0,0.0,0.0,0.0,0.0,0.575,0.4943429983321296,0.0,1.0,1.0,1.0,0.0,-1.0,0.02564102564102564,1.0,0.0,0.0,0.0,0.0,0.0,0.0,0.0,0.0,0.0,0.0,8312.9,438.7969803907041,7296.0,9028.0,1732.0,9028.0,7724.0,-1304.0,143.5897435897436,452.0,-13157.8,194.45709038242853,-13524.0,-12780.0,744.0,-12920.0,-13260.0,-340.0,150.66666666666666,480.0,5995.4,485.30200906239816,5404.0,7364.0,1960.0,5648.0,7364.0,1716.0,221.23076923076923,628.0,-621.15,267.06193570031655,-1223.0,-113.0,1110.0,-398.0,-200.0,198.0,167.43589743589743,540.0,2013.65,1200.953216199532,655.0,4991.0,4336.0,1157.0,4991.0,3834.0,637.1282051282051,3514.0,123.375,365.3990754982831,-574.0,1284.0,1858.0,127.0,-73.0,-200.0,228.66666666666666,741.0,exercise_1_loose_fist,exercise_1_loose_fist_6
0.125,0.33071891388307384,0.0,1.0,1.0,1.0,0.0,-1.0,0.02564102564102564,1.0,0.025,0.1561249499599599,0.0,1.0,1.0,1.0,0.0,-1.0,0.02564102564102564,1.0,0.0,0.0,0.0,0.0,0.0,0.0,0.0,0.0,0.0,0.0,0.075,0.2633913438213189,0.0,1.0,1.0,1.0,0.0,-1.0,0.02564102564102564,1.0,0.0,0.0,0.0,0.0,0.0,0.0,0.0,0.0,0.0,0.0,7230.5,857.5904325492443,5416.0,8604.0,3188.0,8484.0,5588.0,-2896.0,224.2051282051282,744.0,-13072.7,239.4057434565846,-13524.0,-12640.0,884.0,-13268.0,-12740.0,528.0,202.87179487179486,408.0,7425.3,1252.4700036328215,5668.0,9736.0,4068.0,5852.0,9736.0,3884.0,236.0,628.0,-592.95,364.66559681439657,-1223.0,392.0,1615.0,-782.0,392.0,1174.0,241.53846153846155,649.0,3223.95,971.9941087784432,707.0,4991.0,4284.0,2473.0,1805.0,-668.0,810.2051282051282,3514.0,-226.775,417.57457342970486,-1164.0,1007.0,2171.0,-156.0,1007.0,1163.0,349.3076923076923,1231.0,exercise_1_loose_fist,exercise_1_loose_fist_6
0.0,0.0,0.0,0.0,0.0,0.0,0.0,0.0,0.0,0.0,0.0,0.0,0.0,0.0,0.0,0.0,0.0,0.0,0.0,0.0,0.0,0.0,0.0,0.0,0.0,0.0,0.0,0.0,0.0,0.0,0.0,0.0,0.0,0.0,0.0,0.0,0.0,0.0,0.0,0.0,0.0,0.0,0.0,0.0,0.0,0.0,0.0,0.0,0.0,0.0,5758.7,851.7672862936215,4596.0,7172.0,2576.0,7172.0,5384.0,-1788.0,254.05128205128204,948.0,-12785.0,206.573473611691,-13180.0,-12352.0,828.0,-13076.0,-12416.0,660.0,206.46153846153845,512.0,9314.7,951.184687639577,7564.0,10628.0,3064.0,7624.0,9840.0,2216.0,304.61538461538464,972.0,-425.2,441.9033378466381,-1324.0,392.0,1716.0,-840.0,-1083.0,-243.0,266.38461538461536,679.0,2022.75,1891.5255978971047,-1738.0,4660.0,6398.0,3315.0,-1639.0,-4954.0,427.02564102564105,1608.0,-15.6,613.1017370714261,-1164.0,1051.0,2215.0,-568.0,-833.0,-265.0,374.94871794871796,1231.0,exercise_1_loose_fist,exercise_1_loose_fist_6
0.0,0.0,0.0,0.0,0.0,0.0,0.0,0.0,0.0,0.0,0.0,0.0,0.0,0.0,0.0,0.0,0.0,0.0,0.0,0.0,0.0,0.0,0.0,0.0,0.0,0.0,0.0,0.0,0.0,0.0,0.0,0.0,0.0,0.0,0.0,0.0,0.0,0.0,0.0,0.0,0.0,0.0,0.0,0.0,0.0,0.0,0.0,0.0,0.0,0.0,6454.5,1651.0054360903844,4596.0,9280.0,4684.0,5336.0,9220.0,3884.0,256.71794871794873,948.0,-12555.1,299.2891411327849,-13420.0,-11996.0,1424.0,-12788.0,-12188.0,600.0,286.15384615384613,1292.0,8972.1,1437.435908136429,5616.0,10628.0,5012.0,9480.0,5616.0,-3864.0,412.5128205128205,972.0,-425.575,433.7889975264473,-1324.0,406.0,1730.0,14.0,-870.0,-884.0,318.97435897435895,1474.0,-1143.325,2016.3761601881229,-4128.0,2199.0,6327.0,1876.0,-1868.0,-3744.0,598.0512820512821,2175.0,199.3,670.2958376716956,-2053.0,1128.0,3181.0,924.0,13.0,-911.0,449.46153846153845,2221.0,exercise_1_loose_fist,exercise_1_loose_fist_6
0.3,0.45825756949558405,0.0,1.0,1.0,0.0,1.0,1.0,0.02564102564102564,1.0,0.4,0.4898979485566357,0.0,1.0,1.0,0.0,1.0,1.0,0.02564102564102564,1.0,0.125,0.33071891388307384,0.0,1.0,1.0,0.0,1.0,1.0,0.02564102564102564,1.0,0.4,0.4898979485566357,0.0,1.0,1.0,0.0,1.0,1.0,0.02564102564102564,1.0,0.0,0.0,0.0,0.0,0.0,0.0,0.0,0.0,0.0,0.0,8678.9,1141.411052163067,5768.0,9832.0,4064.0,5948.0,9052.0,3104.0,189.12820512820514,796.0,-12643.8,402.5875805337269,-13664.0,-11996.0,1668.0,-12128.0,-13184.0,-1056.0,303.38461538461536,1292.0,6337.3,1755.7902807567882,4332.0,9596.0,5264.0,9596.0,4372.0,-5224.0,332.71794871794873,976.0,-651.925,339.32494658512803,-1323.0,406.0,1729.0,-533.0,-774.0,-241.0,326.02564102564105,1474.0,-1258.825,1742.3912718947488,-4128.0,2053.0,6181.0,-3543.0,498.0,4041.0,693.0,2175.0,313.325,670.1660759655027,-2053.0,1592.0,3645.0,416.0,125.0,-291.0,411.97435897435895,2221.0,exercise_1_loose_fist,exercise_1_loose_fist_6
0.7,0.4582575694955839,0.0,1.0,1.0,0.0,0.0,0.0,0.05128205128205128,1.0,0.85,0.3570714214271425,0.0,1.0,1.0,0.0,0.0,0.0,0.05128205128205128,1.0,0.475,0.49937460888595453,0.0,1.0,1.0,0.0,0.0,0.0,0.05128205128205128,1.0,0.875,0.33071891388307384,0.0,1.0,1.0,0.0,0.0,0.0,0.05128205128205128,1.0,0.0,0.0,0.0,0.0,0.0,0.0,0.0,0.0,0.0,0.0,9087.6,518.9472420198415,7948.0,9832.0,1884.0,9584.0,7948.0,-1636.0,146.76923076923077,608.0,-13116.1,413.3429447807232,-13880.0,-12252.0,1628.0,-12892.0,-13832.0,-940.0,222.87179487179486,520.0,4731.8,405.0194563227797,4068.0,5712.0,1644.0,5712.0,4956.0,-756.0,249.53846153846155,976.0,-561.125,380.5557244018279,-1323.0,504.0,1827.0,-1014.0,-926.0,88.0,291.6923076923077,692.0,932.825,1065.9487062588894,-1187.0,3787.0,4974.0,-1187.0,3069.0,4256.0,672.0,2581.0,529.05,484.4621218423583,-449.0,1705.0,2154.0,168.0,-449.0,-617.0,311.97435897435895,1214.0,exercise_1_loose_fist,exercise_1_loose_fist_6
0.4,0.4898979485566357,0.0,1.0,1.0,1.0,0.0,-1.0,0.02564102564102564,1.0,0.45,0.4974937185533101,0.0,1.0,1.0,1.0,0.0,-1.0,0.02564102564102564,1.0,0.35,0.4769696007084728,0.0,1.0,1.0,1.0,0.0,-1.0,0.02564102564102564,1.0,0.475,0.4993746088859546,0.0,1.0,1.0,1.0,0.0,-1.0,0.02564102564102564,1.0,0.0,0.0,0.0,0.0,0.0,0.0,0.0,0.0,0.0,0.0,7992.2,902.7526571547712,5908.0,9220.0,3312.0,9036.0,5908.0,-3128.0,194.25641025641025,608.0,-13458.0,245.2150076973267,-13880.0,-12860.0,1020.0,-13240.0,-13620.0,-380.0,225.33333333333334,548.0,5606.9,1198.8988239213515,4068.0,7936.0,3868.0,4188.0,7808.0,3620.0,275.5897435897436,888.0,-501.225,453.9711713038615,-1368.0,861.0,2229.0,-672.0,-1368.0,-696.0,307.0769230769231,1146.0,2800.4,1803.4043750640067,488.0,7562.0,7074.0,610.0,2140.0,1530.0,894.8205128205128,2581.0,239.65,511.0194981602953,-548.0,1705.0,2253.0,273.0,470.0,197.0,271.61538461538464,1214.0,exercise_1_loose_fist,exercise_1_loose_fist_6
0.0,0.0,0.0,0.0,0.0,0.0,0.0,0.0,0.0,0.0,0.0,0.0,0.0,0.0,0.0,0.0,0.0,0.0,0.0,0.0,0.0,0.0,0.0,0.0,0.0,0.0,0.0,0.0,0.0,0.0,0.0,0.0,0.0,0.0,0.0,0.0,0.0,0.0,0.0,0.0,0.0,0.0,0.0,0.0,0.0,0.0,0.0,0.0,0.0,0.0,6425.1,1006.0246468153748,5140.0,8220.0,3080.0,8220.0,5240.0,-2980.0,198.25641025641025,476.0,-13499.8,214.00551394765503,-14036.0,-13144.0,892.0,-13796.0,-13444.0,352.0,243.69230769230768,548.0,7568.0,1203.3855575001721,5368.0,8972.0,3604.0,5844.0,8960.0,3116.0,238.87179487179486,836.0,-637.475,412.2503479379975,-1368.0,861.0,2229.0,-659.0,-645.0,14.0,294.15384615384613,1146.0,3300.825,1502.7579460362203,856.0,7562.0,6706.0,3789.0,1086.0,-2703.0,737.0512820512821,2205.0,-148.625,530.4890520783629,-1306.0,1089.0,2395.0,-483.0,101.0,584.0,356.7692307692308,1535.0,exercise_1_loose_fist,exercise_1_loose_fist_6
0.0,0.0,0.0,0.0,0.0,0.0,0.0,0.0,0.0,0.0,0.0,0.0,0.0,0.0,0.0,0.0,0.0,0.0,0.0,0.0,0.0,0.0,0.0,0.0,0.0,0.0,0.0,0.0,0.0,0.0,0.0,0.0,0.0,0.0,0.0,0.0,0.0,0.0,0.0,0.0,0.0,0.0,0.0,0.0,0.0,0.0,0.0,0.0,0.0,0.0,5783.1,784.5633116581479,4788.0,7964.0,3176.0,5644.0,7680.0,2036.0,320.71794871794873,1396.0,-13448.8,312.43456915008625,-14044.0,-12624.0,1420.0,-14036.0,-13024.0,1012.0,331.5897435897436,1124.0,8281.1,889.6336268374752,5740.0,9328.0,3588.0,8036.0,5740.0,-2296.0,415.5897435897436,1636.0,-549.825,431.57113477965595,-1804.0,320.0,2124.0,-834.0,-553.0,281.0,363.20512820512823,1673.0,111.95,3133.13444452995,-6001.0,3954.0,9955.0,2800.0,-4266.0,-7066.0,653.9487179487179,2795.0,-117.175,704.2620921042109,-1306.0,1676.0,2982.0,21.0,578.0,557.0,619.2051282051282,2659.0,exercise_1_loose_fist,exercise_1_loose_fist_6
0.0,0.0,0.0,0.0,0.0,0.0,0.0,0.0,0.0,0.0,0.0,0.0,0.0,0.0,0.0,0.0,0.0,0.0,0.0,0.0,0.0,0.0,0.0,0.0,0.0,0.0,0.0,0.0,0.0,0.0,0.0,0.0,0.0,0.0,0.0,0.0,0.0,0.0,0.0,0.0,0.0,0.0,0.0,0.0,0.0,0.0,0.0,0.0,0.0,0.0,7295.9,1494.2772132372224,4788.0,8964.0,4176.0,4968.0,8932.0,3964.0,298.56410256410254,1396.0,-13505.6,339.5924616360028,-14056.0,-12624.0,1432.0,-13512.0,-13600.0,-88.0,412.3076923076923,1124.0,5986.3,2252.1228896310254,2772.0,9328.0,6556.0,8556.0,2772.0,-5784.0,480.8205128205128,1636.0,-619.075,488.3637162760968,-1804.0,320.0,2124.0,-686.0,-739.0,-53.0,533.3076923076923,1919.0,-1853.7,2129.5324745117177,-6001.0,1188.0,7189.0,1188.0,-227.0,-1415.0,827.5128205128206,3009.0,201.25,616.0987644038901,-1085.0,1676.0,2761.0,-25.0,167.0,192.0,649.5897435897435,2659.0,exercise_1_loose_fist,exercise_1_loose_fist_6
0.2,0.40000000000000013,0.0,1.0,1.0,0.0,1.0,1.0,0.02564102564102564,1.0,0.425,0.4943429983321295,0.0,1.0,1.0,0.0,1.0,1.0,0.02564102564102564,1.0,0.125,0.33071891388307384,0.0,1.0,1.0,0.0,1.0,1.0,0.02564102564102564,1.0,0.5,0.5,0.0,1.0,1.0,0.0,1.0,1.0,0.02564102564102564,1.0,0.0,0.0,0.0,0.0,0.0,0.0,0.0,0.0,0.0,0.0,8548.5,391.9583523794333,7864.0,9916.0,2052.0,8160.0,8092.0,-68.0,269.84615384615387,2052.0,-13809.4,607.876007093552,-16996.0,-13140.0,3856.0,-13160.0,-14220.0,-1060.0,456.1025641025641,2956.0,3493.3,859.3585456606573,1812.0,5880.0,4068.0,5880.0,3108.0,-2772.0,410.56410256410254,2280.0,-457.1,678.6401034421705,-1695.0,2323.0,4018.0,-1189.0,-618.0,571.0,576.1794871794872,2987.0,-434.025,1396.6692967109284,-4577.0,1385.0,5962.0,-4401.0,765.0,5166.0,641.5384615384615,3009.0,591.2,799.0516003362986,-417.0,3925.0,4342.0,643.0,481.0,-162.0,585.0769230769231,3064.0,exercise_1_loose_fist,exercise_1_loose_fist_6
0.575,0.49434299833212964,0.0,1.0,1.0,0.0,0.0,0.0,0.05128205128205128,1.0,0.875,0.33071891388307384,0.0,1.0,1.0,0.0,0.0,0.0,0.05128205128205128,1.0,0.475,0.49937460888595453,0.0,1.0,1.0,0.0,0.0,0.0,0.05128205128205128,1.0,1.0,0.0,1.0,1.0,0.0,1.0,1.0,0.0,0.0,0.0,0.0,0.0,0.0,0.0,0.0,0.0,0.0,0.0,0.0,0.0,8171.8,492.9729810040303,7460.0,9916.0,2456.0,8864.0,7460.0,-1404.0,300.4102564102564,2052.0,-14091.7,560.9523241773761,-16996.0,-13140.0,3856.0,-13608.0,-14612.0,-1004.0,366.46153846153845,2956.0,3123.0,614.3879881638312,1812.0,4616.0,2804.0,2828.0,4152.0,1324.0,455.6923076923077,2280.0,-258.3,591.3048790598637,-814.0,2323.0,3137.0,-669.0,328.0,997.0,442.43589743589746,2987.0,1279.825,1239.303209216776,-1092.0,5299.0,6391.0,116.0,2247.0,2131.0,512.7948717948718,3006.0,445.4,822.7482543281391,-661.0,3925.0,4586.0,270.0,287.0,17.0,420.79487179487177,3064.0,exercise_1_loose_fist,exercise_1_loose_fist_6
0.375,0.4841229182759271,0.0,1.0,1.0,1.0,0.0,-1.0,0.02564102564102564,1.0,0.45,0.4974937185533101,0.0,1.0,1.0,1.0,0.0,-1.0,0.02564102564102564,1.0,0.35,0.4769696007084728,0.0,1.0,1.0,1.0,0.0,-1.0,0.02564102564102564,1.0,0.5,0.5,0.0,1.0,1.0,1.0,0.0,-1.0,0.02564102564102564,1.0,0.0,0.0,0.0,0.0,0.0,0.0,0.0,0.0,0.0,0.0,7345.2,727.3360708778301,5620.0,8048.0,2428.0,8048.0,5836.0,-2212.0,207.07692307692307,1044.0,-13972.9,310.8755217124693,-14612.0,-13260.0,1352.0,-13960.0,-13472.0,488.0,233.84615384615384,640.0,4803.8,1964.289581502687,2520.0,8892.0,6372.0,2960.0,8892.0,5932.0,380.61538461538464,1240.0,-179.375,479.18663835190563,-814.0,1303.0,2117.0,-768.0,-338.0,430.0,303.8974358974359,1028.0,3558.5,1977.0379485482822,704.0,7773.0,7069.0,807.0,3926.0,3119.0,696.8461538461538,3006.0,-297.375,655.6276644369119,-2652.0,682.0,3334.0,512.0,-1367.0,-1879.0,334.1794871794872,1285.0,exercise_1_loose_fist,exercise_1_loose_fist_6
0.0,0.0,0.0,0.0,0.0,0.0,0.0,0.0,0.0,0.0,0.0,0.0,0.0,0.0,0.0,0.0,0.0,0.0,0.0,0.0,0.0,0.0,0.0,0.0,0.0,0.0,0.0,0.0,0.0,0.0,0.0,0.0,0.0,0.0,0.0,0.0,0.0,0.0,0.0,0.0,0.0,0.0,0.0,0.0,0.0,0.0,0.0,0.0,0.0,0.0,6062.2,980.5851110434015,4812.0,7736.0,2924.0,7736.0,4832.0,-2904.0,232.6153846153846,1044.0,-13323.2,568.7109634955176,-14428.0,-12392.0,2036.0,-14428.0,-13744.0,684.0,318.87179487179486,1172.0,8083.7,2049.238958735657,4272.0,10412.0,6140.0,4356.0,9088.0,4732.0,314.15384615384613,1104.0,-344.625,570.6245125956298,-1686.0,1303.0,2989.0,-518.0,-1686.0,-1168.0,314.4102564102564,1033.0,3614.25,2512.9676753790527,-2836.0,7773.0,10609.0,2509.0,-1372.0,-3881.0,775.2564102564103,2117.0,-577.375,878.4802697699021,-2983.0,1147.0,4130.0,-478.0,309.0,787.0,462.43589743589746,2050.0,exercise_1_loose_fist,exercise_1_loose_fist_6
0.0,0.0,0.0,0.0,0.0,0.0,0.0,0.0,0.0,0.0,0.0,0.0,0.0,0.0,0.0,0.0,0.0,0.0,0.0,0.0,0.0,0.0,0.0,0.0,0.0,0.0,0.0,0.0,0.0,0.0,0.0,0.0,0.0,0.0,0.0,0.0,0.0,0.0,0.0,0.0,0.0,0.0,0.0,0.0,0.0,0.0,0.0,0.0,0.0,0.0,6244.7,1216.8572266293197,4812.0,8748.0,3936.0,5544.0,8576.0,3032.0,309.7435897435897,804.0,-12796.1,313.5723042617125,-13744.0,-12392.0,1352.0,-13124.0,-12984.0,140.0,335.4871794871795,1188.0,8894.0,1179.933896453526,6208.0,10412.0,4204.0,8996.0,6208.0,-2788.0,330.56410256410254,1104.0,-557.675,374.8529970201653,-1686.0,278.0,1964.0,-565.0,-607.0,-42.0,324.5128205128205,1033.0,-80.775,3014.4269893920145,-5772.0,6145.0,11917.0,4090.0,-1857.0,-5947.0,861.7179487179487,2608.0,-209.95,879.2383621635261,-2983.0,1531.0,4514.0,-1783.0,196.0,1979.0,437.1025641025641,2050.0,exercise_1_loose_fist,exercise_1_loose_fist_6
0.4,0.4898979485566357,0.0,1.0,1.0,0.0,1.0,1.0,0.02564102564102564,1.0,0.45,0.4974937185533101,0.0,1.0,1.0,0.0,1.0,1.0,0.02564102564102564,1.0,0.5,0.5,0.0,1.0,1.0,0.0,1.0,1.0,0.02564102564102564,1.0,0.5,0.5,0.0,1.0,1.0,0.0,1.0,1.0,0.02564102564102564,1.0,0.0,0.0,0.0,0.0,0.0,0.0,0.0,0.0,0.0,0.0,13658.5,1039.948724697521,10612.0,14828.0,4216.0,10612.0,13896.0,3284.0,219.7948717948718,720.0,-5119.1,742.6673481445107,-6968.0,-3532.0,3436.0,-3532.0,-4940.0,-1408.0,355.4871794871795,1168.0,8403.6,1490.713332602885,6568.0,12144.0,5576.0,12144.0,8092.0,-4052.0,347.1794871794872,1232.0,-1238.75,835.1276174932786,-3184.0,-73.0,3111.0,-3184.0,-1035.0,2149.0,360.12820512820514,1365.0,-224.275,2145.4901652944022,-5509.0,3174.0,8683.0,-5509.0,-1303.0,4206.0,852.0512820512821,3225.0,163.1,1414.4295281137197,-2145.0,5804.0,7949.0,384.0,5804.0,5420.0,560.7179487179487,3395.0,exercise_1_loose_fist,exercise_1_loose_fist_7
0.5,0.5,0.0,1.0,1.0,0.0,0.0,0.0,0.05128205128205128,1.0,0.55,0.49749371855331004,0.0,1.0,1.0,0.0,0.0,0.0,0.05128205128205128,1.0,0.6,0.4898979485566357,0.0,1.0,1.0,1.0,0.0,-1.0,0.02564102564102564,1.0,0.525,0.49937460888595436,0.0,1.0,1.0,1.0,0.0,-1.0,0.02564102564102564,1.0,0.0,0.0,0.0,0.0,0.0,0.0,0.0,0.0,0.0,0.0,13301.1,1275.7187738682849,9988.0,15060.0,5072.0,14268.0,9988.0,-4280.0,331.6923076923077,2160.0,-5249.2,566.6965325463003,-7100.0,-4344.0,2756.0,-5312.0,-4728.0,584.0,444.9230769230769,1712.0,8922.6,1800.9172218622377,5816.0,13292.0,7476.0,6600.0,13292.0,6692.0,593.9487179487179,4000.0,-658.65,436.75373782029624,-1536.0,428.0,1964.0,-1073.0,-500.0,573.0,372.94871794871796,1159.0,3065.5,2144.8359610935286,-1303.0,8060.0,9363.0,1665.0,7085.0,5420.0,1101.2307692307693,6873.0,-181.55,1359.685753216529,-2471.0,5804.0,8275.0,-658.0,-2471.0,-1813.0,732.3333333333334,4982.0,exercise_1_loose_fist,exercise_1_loose_fist_7
0.1,0.2999999999999997,0.0,1.0,1.0,1.0,0.0,-1.0,0.02564102564102564,1.0,0.1,0.2999999999999997,0.0,1.0,1.0,1.0,0.0,-1.0,0.02564102564102564,1.0,0.1,0.2999999999999997,0.0,1.0,1.0,1.0,0.0,-1.0,0.02564102564102564,1.0,0.025,0.1561249499599599,0.0,1.0,1.0,1.0,0.0,-1.0,0.02564102564102564,1.0,0.0,0.0,0.0,0.0,0.0,0.0,0.0,0.0,0.0,0.0,9744.4,2869.103107244492,5324.0,15060.0,9736.0,13168.0,6112.0,-7056.0,393.43589743589746,2160.0,-5253.0,581.9283461045698,-7100.0,-4128.0,2972.0,-6652.0,-5244.0,1408.0,394.46153846153845,1456.0,12578.4,2708.5273932526507,5816.0,15816.0,10000.0,5816.0,15480.0,9664.0,525.7435897435897,4000.0,-1044.65,883.8386320477285,-4051.0,428.0,4479.0,20.0,-420.0,-440.0,516.4102564102565,1449.0,4142.875,2077.9685294476913,-800.0,8060.0,8860.0,5570.0,382.0,-5188.0,1023.5897435897435,3604.0,-835.375,1235.4061414672506,-3748.0,841.0,4589.0,822.0,772.0,-50.0,756.7692307692307,2486.0,exercise_1_loose_fist,exercise_1_loose_fist_7
0.0,0.0,0.0,0.0,0.0,0.0,0.0,0.0,0.0,0.0,0.0,0.0,0.0,0.0,0.0,0.0,0.0,0.0,0.0,0.0,0.0,0.0,0.0,0.0,0.0,0.0,0.0,0.0,0.0,0.0,0.0,0.0,0.0,0.0,0.0,0.0,0.0,0.0,0.0,0.0,0.0,0.0,0.0,0.0,0.0,0.0,0.0,0.0,0.0,0.0,7402.2,1525.7160810583337,5324.0,10588.0,5264.0,9732.0,10588.0,856.0,428.5128205128205,2024.0,-4822.0,650.6292338959263,-6176.0,-3200.0,2976.0,-5120.0,-3584.0,1536.0,472.20512820512823,1612.0,14790.9,950.6254730439322,12916.0,16996.0,4080.0,13340.0,13240.0,-100.0,623.4871794871794,3008.0,-742.05,1193.525239573927,-4051.0,2245.0,6296.0,-544.0,1045.0,1589.0,660.2820512820513,2797.0,822.875,3632.096744220203,-6902.0,6641.0,13543.0,5119.0,-6902.0,-12021.0,1203.3076923076924,4346.0,-727.5,1398.0576168384478,-3748.0,2421.0,6169.0,-419.0,1355.0,1774.0,1140.0,3053.0,exercise_1_loose_fist,exercise_1_loose_fist_7
0.175,0.3799671038392666,0.0,1.0,1.0,0.0,1.0,1.0,0.02564102564102564,1.0,0.125,0.33071891388307384,0.0,1.0,1.0,0.0,1.0,1.0,0.02564102564102564,1.0,0.075,0.26339134382131846,0.0,1.0,1.0,0.0,1.0,1.0,0.02564102564102564,1.0,0.075,0.26339134382131846,0.0,1.0,1.0,0.0,1.0,1.0,0.02564102564102564,1.0,0.0,0.0,0.0,0.0,0.0,0.0,0.0,0.0,0.0,0.0,10616.4,3270.94210281992,5780.0,15028.0,9248.0,6076.0,15028.0,8952.0,436.3076923076923,2024.0,-4879.5,638.9692872118346,-6176.0,-3200.0,2976.0,-5144.0,-5076.0,68.0,491.5897435897436,1612.0,11680.2,3246.2996719341854,6396.0,16996.0,10600.0,15456.0,8336.0,-7120.0,742.5641025641025,3008.0,-415.6,857.566463896531,-1380.0,2245.0,3625.0,-1240.0,467.0,1707.0,560.3333333333334,2797.0,-1801.625,2474.3349377913655,-6902.0,3151.0,10053.0,895.0,2765.0,1870.0,1258.051282051282,4346.0,-99.4,1307.0014881399331,-3162.0,2898.0,6060.0,-251.0,-2441.0,-2190.0,934.4615384615385,3053.0,exercise_1_loose_fist,exercise_1_loose_fist_7
0.675,0.4683748498798798,0.0,1.0,1.0,0.0,1.0,1.0,0.02564102564102564,1.0,0.625,0.4841229182759271,0.0,1.0,1.0,0.0,1.0,1.0,0.02564102564102564,1.0,0.575,0.4943429983321295,0.0,1.0,1.0,0.0,1.0,1.0,0.02564102564102564,1.0,0.575,0.4943429983321295,0.0,1.0,1.0,0.0,1.0,1.0,0.02564102564102564,1.0,0.0,0.0,0.0,0.0,0.0,0.0,0.0,0.0,0.0,0.0,14068.4,895.0896267972274,11332.0,15772.0,4440.0,11332.0,14608.0,3276.0,368.3076923076923,2416.0,-4027.0,1115.697001878198,-5472.0,-2336.0,3136.0,-4160.0,-2336.0,1824.0,312.8205128205128,944.0,8476.0,1274.052432202066,6396.0,12328.0,5932.0,12328.0,8448.0,-3880.0,650.2564102564103,4680.0,-532.325,745.9643217842257,-1380.0,2667.0,4047.0,-416.0,-589.0,-173.0,415.46153846153845,2432.0,-88.775,2401.546475580892,-6258.0,4168.0,10426.0,-5480.0,1234.0,6714.0,885.1794871794872,3714.0,-258.525,1223.5030647182703,-3167.0,2898.0,6065.0,2898.0,585.0,-2313.0,469.56410256410254,1609.0,exercise_1_loose_fist,exercise_1_loose_fist_7
0.8,0.4000000000000001,0.0,1.0,1.0,1.0,0.0,-1.0,0.02564102564102564,1.0,0.8,0.4000000000000001,0.0,1.0,1.0,1.0,0.0,-1.0,0.02564102564102564,1.0,0.75,0.4330127018922193,0.0,1.0,1.0,1.0,0.0,-1.0,0.02564102564102564,1.0,0.6,0.4898979485566357,0.0,1.0,1.0,1.0,0.0,-1.0,0.02564102564102564,1.0,0.0,0.0,0.0,0.0,0.0,0.0,0.0,0.0,0.0,0.0,14171.8,587.0038841438785,12868.0,15772.0,2904.0,14364.0,12868.0,-1496.0,362.46153846153845,2416.0,-3118.5,554.8835463410318,-4520.0,-2336.0,2184.0,-4520.0,-3504.0,1016.0,314.2564102564103,1512.0,8767.5,1014.9877585468704,6672.0,11352.0,4680.0,7404.0,11056.0,3652.0,647.2820512820513,4680.0,-556.25,693.0877559876527,-1723.0,2667.0,4390.0,482.0,-1723.0,-2205.0,399.9230769230769,2432.0,1942.25,1015.4515682690139,301.0,4168.0,3867.0,1985.0,3604.0,1619.0,920.025641025641,3714.0,-129.075,985.6770106759112,-3167.0,1834.0,5001.0,-2099.0,234.0,2333.0,542.9487179487179,2601.0,exercise_1_loose_fist,exercise_1_loose_fist_7
0.3,0.4582575694955839,0.0,1.0,1.0,1.0,0.0,-1.0,0.02564102564102564,1.0,0.3,0.4582575694955839,0.0,1.0,1.0,1.0,0.0,-1.0,0.02564102564102564,1.0,0.25,0.4330127018922193,0.0,1.0,1.0,1.0,0.0,-1.0,0.02564102564102564,1.0,0.1,0.2999999999999997,0.0,1.0,1.0,1.0,0.0,-1.0,0.02564102564102564,1.0,0.0,0.0,0.0,0.0,0.0,0.0,0.0,0.0,0.0,0.0,12227.2,1842.9255438025705,8944.0,15000.0,6056.0,14024.0,8944.0,-5080.0,275.4871794871795,976.0,-3627.1,559.017343201443,-4588.0,-2364.0,2224.0,-2840.0,-4320.0,-1480.0,337.02564102564105,1512.0,11020.6,2007.9658463230892,7224.0,14136.0,6912.0,7224.0,14136.0,6912.0,447.38461538461536,1528.0,-748.0,484.60385883729816,-1723.0,567.0,2290.0,-357.0,-1454.0,-1097.0,397.61538461538464,1460.0,3022.35,1244.8441579169657,301.0,6313.0,6012.0,301.0,3267.0,2966.0,873.025641025641,3465.0,287.875,576.2030539445274,-1066.0,1834.0,2900.0,1834.0,-537.0,-2371.0,510.38461538461536,2601.0,exercise_1_loose_fist,exercise_1_loose_fist_7
0.0,0.0,0.0,0.0,0.0,0.0,0.0,0.0,0.0,0.0,0.0,0.0,0.0,0.0,0.0,0.0,0.0,0.0,0.0,0.0,0.0,0.0,0.0,0.0,0.0,0.0,0.0,0.0,0.0,0.0,0.0,0.0,0.0,0.0,0.0,0.0,0.0,0.0,0.0,0.0,0.0,0.0,0.0,0.0,0.0,0.0,0.0,0.0,0.0,0.0,9177.3,1724.00705044962,7184.0,12752.0,5568.0,12600.0,8168.0,-4432.0,232.2051282051282,752.0,-4390.6,417.05016484830696,-5108.0,-3704.0,1404.0,-3864.0,-4740.0,-876.0,238.66666666666666,884.0,13710.8,1289.1092118203173,10564.0,15152.0,4588.0,10668.0,14552.0,3884.0,303.0769230769231,1260.0,-785.8,542.0987087237895,-1999.0,567.0,2566.0,-1496.0,-653.0,843.0,360.2307692307692,1460.0,2536.875,1761.3868000456346,-2431.0,6313.0,8744.0,3006.0,-2431.0,-5437.0,614.9487179487179,1649.0,158.075,428.2021361168111,-1066.0,1294.0,2360.0,393.0,1294.0,901.0,417.15384615384613,1046.0,exercise_1_loose_fist,exercise_1_loose_fist_7
0.0,0.0,0.0,0.0,0.0,0.0,0.0,0.0,0.0,0.0,0.0,0.0,0.0,0.0,0.0,0.0,0.0,0.0,0.0,0.0,0.0,0.0,0.0,0.0,0.0,0.0,0.0,0.0,0.0,0.0,0.0,0.0,0.0,0.0,0.0,0.0,0.0,0.0,0.0,0.0,0.0,0.0,0.0,0.0,0.0,0.0,0.0,0.0,0.0,0.0,9109.3,1772.1549339716323,7184.0,12792.0,5608.0,8912.0,12792.0,3880.0,263.1794871794872,1004.0,-5205.1,652.4446260028509,-7204.0,-4148.0,3056.0,-4148.0,-6744.0,-2596.0,347.5897435897436,2096.0,13413.2,1788.2382838984295,8468.0,15152.0,6684.0,14124.0,8468.0,-5656.0,422.56410256410254,1096.0,-627.475,651.0114049500207,-1999.0,1326.0,3325.0,-1526.0,-594.0,932.0,507.38461538461536,1905.0,-920.1,2804.4230672279105,-6406.0,3648.0,10054.0,3648.0,-4184.0,-7832.0,920.2051282051282,4272.0,818.2,975.5926711491842,-513.0,3964.0,4477.0,-136.0,823.0,959.0,728.4358974358975,2511.0,exercise_1_loose_fist,exercise_1_loose_fist_7
0.0,0.0,0.0,0.0,0.0,0.0,0.0,0.0,0.0,0.0,0.225,0.41758232721225164,0.0,1.0,1.0,0.0,1.0,1.0,0.02564102564102564,1.0,0.325,0.46837484987987993,0.0,1.0,1.0,0.0,1.0,1.0,0.02564102564102564,1.0,0.325,0.46837484987987993,0.0,1.0,1.0,0.0,1.0,1.0,0.02564102564102564,1.0,0.0,0.0,0.0,0.0,0.0,0.0,0.0,0.0,0.0,0.0,12451.3,2232.660634758449,8460.0,14952.0,6492.0,8460.0,14636.0,6176.0,283.8974358974359,1004.0,-5546.1,663.3743965514496,-7204.0,-4532.0,2672.0,-5312.0,-5452.0,-140.0,489.94871794871796,2096.0,9442.8,3005.068544975306,5888.0,14604.0,8716.0,13568.0,6428.0,-7140.0,530.7692307692307,1704.0,-320.575,704.9438944873557,-1556.0,1940.0,3496.0,303.0,-707.0,-1010.0,651.4358974358975,2333.0,-1719.4,2557.514553233276,-8589.0,2028.0,10617.0,-1834.0,1229.0,3063.0,1200.7435897435898,7784.0,509.225,1381.7293057523964,-2682.0,3964.0,6646.0,3556.0,-54.0,-3610.0,834.0,2846.0,exercise_1_loose_fist,exercise_1_loose_fist_7
0.0,0.0,0.0,0.0,0.0,0.0,0.0,0.0,0.0,0.0,0.7,0.4582575694955839,0.0,1.0,1.0,0.0,0.0,0.0,0.05128205128205128,1.0,0.825,0.37996710383926624,0.0,1.0,1.0,0.0,1.0,1.0,0.02564102564102564,1.0,0.825,0.37996710383926624,0.0,1.0,1.0,0.0,1.0,1.0,0.02564102564102564,1.0,0.425,0.4943429983321295,0.0,1.0,1.0,0.0,0.0,0.0,0.05128205128205128,1.0,14519.7,334.8496826935931,13428.0,14960.0,1532.0,13428.0,14104.0,676.0,197.23076923076923,956.0,-5238.9,551.1275623664633,-7120.0,-4532.0,2588.0,-6200.0,-5844.0,356.0,332.8205128205128,1520.0,6724.2,441.35785933865503,5888.0,8076.0,2188.0,8076.0,6632.0,-1444.0,367.4871794871795,1704.0,-395.65,549.2471916177633,-1556.0,1940.0,3496.0,145.0,-400.0,-545.0,356.02564102564105,2333.0,607.05,1952.1005731006787,-8589.0,2839.0,11428.0,-5580.0,2839.0,8419.0,665.8717948717949,7784.0,-85.1,872.9240459513072,-2682.0,1534.0,4216.0,459.0,1178.0,719.0,471.8205128205128,2846.0,exercise_1_loose_fist,exercise_1_loose_fist_7
0.0,0.0,0.0,0.0,0.0,0.0,0.0,0.0,0.0,0.0,0.475,0.4993746088859546,0.0,1.0,1.0,1.0,0.0,-1.0,0.02564102564102564,1.0,0.525,0.49937460888595436,0.0,1.0,1.0,1.0,0.0,-1.0,0.02564102564102564,1.0,0.55,0.4974937185533101,0.0,1.0,1.0,1.0,0.0,-1.0,0.02564102564102564,1.0,0.425,0.49434299833212947,0.0,1.0,1.0,0.0,0.0,0.0,0.05128205128205128,1.0,13994.5,799.2449874725521,12092.0,14960.0,2868.0,14548.0,12092.0,-2456.0,185.43589743589743,768.0,-5189.2,292.81830543871405,-5956.0,-4716.0,1240.0,-5196.0,-4980.0,216.0,258.05128205128204,1028.0,7814.7,1351.2404338236774,6268.0,10656.0,4388.0,6404.0,10544.0,4140.0,290.7692307692308,1188.0,-591.45,340.71483310827546,-1585.0,-56.0,1529.0,-371.0,-1465.0,-1094.0,186.71794871794873,642.0,2346.75,1259.1050541952407,367.0,4832.0,4465.0,1023.0,4192.0,3169.0,501.3076923076923,2001.0,-46.025,559.6141745658342,-1063.0,1178.0,2241.0,-196.0,-1063.0,-867.0,332.4871794871795,1056.0,exercise_1_loose_fist,exercise_1_loose_fist_7
0.0,0.0,0.0,0.0,0.0,0.0,0.0,0.0,0.0,0.0,0.0,0.0,0.0,0.0,0.0,0.0,0.0,0.0,0.0,0.0,0.025,0.1561249499599599,0.0,1.0,1.0,1.0,0.0,-1.0,0.02564102564102564,1.0,0.05,0.21794494717703355,0.0,1.0,1.0,1.0,0.0,-1.0,0.02564102564102564,1.0,0.0,0.0,0.0,0.0,0.0,0.0,0.0,0.0,0.0,0.0,11486.3,2155.6290752353475,7816.0,14420.0,6604.0,14420.0,7848.0,-6572.0,259.38461538461536,920.0,-5130.6,312.02249918876043,-5956.0,-4652.0,1304.0,-5456.0,-4652.0,804.0,256.71794871794873,1028.0,11101.6,2459.2579043280516,7208.0,14920.0,7712.0,7500.0,14920.0,7420.0,364.8205128205128,1392.0,-839.75,363.335984317546,-1636.0,-56.0,1580.0,-1042.0,-1131.0,-89.0,229.15384615384616,893.0,3676.15,1183.211679075219,1525.0,7209.0,5684.0,3330.0,1725.0,-1605.0,776.6410256410256,2990.0,-395.65,533.4654885744719,-1224.0,526.0,1750.0,196.0,-972.0,-1168.0,351.3333333333333,1056.0,exercise_1_loose_fist,exercise_1_loose_fist_7
0.0,0.0,0.0,0.0,0.0,0.0,0.0,0.0,0.0,0.0,0.0,0.0,0.0,0.0,0.0,0.0,0.0,0.0,0.0,0.0,0.0,0.0,0.0,0.0,0.0,0.0,0.0,0.0,0.0,0.0,0.0,0.0,0.0,0.0,0.0,0.0,0.0,0.0,0.0,0.0,0.0,0.0,0.0,0.0,0.0,0.0,0.0,0.0,0.0,0.0,9115.1,1254.6417775604316,7472.0,11892.0,4420.0,11892.0,10060.0,-1832.0,390.56410256410254,1976.0,-5149.4,307.51721903008945,-5940.0,-4652.0,1288.0,-5056.0,-5756.0,-700.0,187.5897435897436,772.0,13580.3,1074.2083177857078,11312.0,14920.0,3608.0,11352.0,12272.0,920.0,504.8205128205128,2364.0,-768.925,434.91058779362913,-1636.0,546.0,2182.0,-1353.0,123.0,1476.0,283.8974358974359,901.0,1661.625,2712.002191071202,-3610.0,7209.0,10819.0,4905.0,-1691.0,-6596.0,841.6923076923077,2990.0,58.975,886.2993424204941,-1224.0,2645.0,3869.0,-1133.0,1750.0,2883.0,484.2307692307692,2771.0,exercise_1_loose_fist,exercise_1_loose_fist_7
0.0,0.0,0.0,0.0,0.0,0.0,0.0,0.0,0.0,0.0,0.0,0.0,0.0,0.0,0.0,0.0,0.0,0.0,0.0,0.0,0.0,0.0,0.0,0.0,0.0,0.0,0.0,0.0,0.0,0.0,0.0,0.0,0.0,0.0,0.0,0.0,0.0,0.0,0.0,0.0,0.0,0.0,0.0,0.0,0.0,0.0,0.0,0.0,0.0,0.0,10339.5,2051.162633727516,7472.0,14344.0,6872.0,7472.0,14344.0,6872.0,380.3076923076923,1976.0,-5950.1,734.5970255861373,-7524.0,-5008.0,2516.0,-5008.0,-6928.0,-1920.0,268.5128205128205,824.0,11781.8,2726.917813209632,5552.0,14720.0,9168.0,14448.0,5836.0,-8612.0,509.43589743589746,2364.0,-481.55,420.9874671531208,-1432.0,546.0,1978.0,-1432.0,-336.0,1096.0,338.15384615384613,901.0,-2020.5,2047.0043111825632,-6515.0,1419.0,7934.0,1419.0,-1727.0,-3146.0,896.8205128205128,2623.0,936.8,837.884007485523,-622.0,2700.0,3322.0,-622.0,1101.0,1723.0,661.6666666666666,2771.0,exercise_1_loose_fist,exercise_1_loose_fist_7
0.2,0.40000000000000013,0.0,1.0,1.0,0.0,1.0,1.0,0.02564102564102564,1.0,0.275,0.4465142774872938,0.0,1.0,1.0,0.0,1.0,1.0,0.02564102564102564,1.0,0.375,0.4841229182759271,0.0,1.0,1.0,0.0,1.0,1.0,0.02564102564102564,1.0,0.275,0.4465142774872938,0.0,1.0,1.0,0.0,1.0,1.0,0.02564102564102564,1.0,0.025,0.15612494995995996,0.0,1.0,1.0,0.0,1.0,1.0,0.02564102564102564,1.0,13243.9,1503.440717155153,10244.0,14796.0,4552.0,10244.0,14664.0,4420.0,238.25641025641025,676.0,-6977.7,651.2129528810065,-8404.0,-5280.0,3124.0,-6104.0,-6956.0,-852.0,340.0,1352.0,6736.4,3401.39510201329,2996.0,12652.0,9656.0,12444.0,3452.0,-8992.0,337.02564102564105,1484.0,-481.275,358.19156798422824,-1171.0,673.0,1844.0,-461.0,-928.0,-467.0,327.97435897435895,1782.0,-1603.55,2345.704275372324,-6515.0,1855.0,8370.0,346.0,1457.0,1111.0,743.0,2096.0,572.45,991.7773931180323,-1180.0,2700.0,3880.0,113.0,-572.0,-685.0,531.4102564102565,1764.0,exercise_1_loose_fist,exercise_1_loose_fist_7
0.5,0.5,0.0,1.0,1.0,0.0,0.0,0.0,0.05128205128205128,1.0,0.625,0.4841229182759271,0.0,1.0,1.0,0.0,0.0,0.0,0.05128205128205128,1.0,0.45,0.4974937185533101,0.0,1.0,1.0,0.0,0.0,0.0,0.05128205128205128,1.0,0.65,0.47696960070847255,0.0,1.0,1.0,0.0,0.0,0.0,0.05128205128205128,1.0,0.275,0.44651427748729366,0.0,1.0,1.0,0.0,0.0,0.0,0.05128205128205128,1.0,14521.9,282.26227165528167,13808.0,15048.0,1240.0,14084.0,14284.0,200.0,211.07692307692307,716.0,-7082.6,463.5718283071136,-8404.0,-6276.0,2128.0,-7052.0,-7228.0,-176.0,283.6923076923077,1352.0,4124.8,758.6415227233479,2996.0,5872.0,2876.0,5580.0,5536.0,-44.0,355.38461538461536,1828.0,-648.9,368.07063180862446,-1242.0,673.0,1915.0,673.0,-1046.0,-1719.0,281.97435897435895,1782.0,1190.7,1703.2145226013079,-3383.0,5268.0,8651.0,-3383.0,1817.0,5200.0,689.0769230769231,2882.0,-20.75,631.5361331705416,-1180.0,2206.0,3386.0,2206.0,528.0,-1678.0,423.64102564102564,1773.0,exercise_1_loose_fist,exercise_1_loose_fist_7
0.3,0.4582575694955839,0.0,1.0,1.0,1.0,0.0,-1.0,0.02564102564102564,1.0,0.35,0.4769696007084728,0.0,1.0,1.0,1.0,0.0,-1.0,0.02564102564102564,1.0,0.075,0.2633913438213189,0.0,1.0,1.0,1.0,0.0,-1.0,0.02564102564102564,1.0,0.375,0.4841229182759271,0.0,1.0,1.0,1.0,0.0,-1.0,0.02564102564102564,1.0,0.25,0.4330127018922193,0.0,1.0,1.0,1.0,0.0,-1.0,0.02564102564102564,1.0,13442.6,1573.060850698408,9592.0,15048.0,5456.0,14816.0,9592.0,-5224.0,289.2307692307692,716.0,-6686.7,443.7669546056804,-7376.0,-5556.0,1820.0,-6776.0,-6008.0,768.0,243.07692307692307,1068.0,6830.7,2992.68593574401,3408.0,13220.0,9812.0,3576.0,12872.0,9296.0,451.4871794871795,1828.0,-577.45,566.3632204689849,-1756.0,661.0,2417.0,-685.0,-1636.0,-951.0,360.28205128205127,1008.0,3914.65,2252.8536742318615,808.0,9697.0,8889.0,1797.0,4602.0,2805.0,920.1794871794872,2882.0,-384.0,998.0089428457042,-3222.0,1502.0,4724.0,-344.0,-857.0,-513.0,483.46153846153845,1773.0,exercise_1_loose_fist,exercise_1_loose_fist_7
0.0,0.0,0.0,0.0,0.0,0.0,0.0,0.0,0.0,0.0,0.0,0.0,0.0,0.0,0.0,0.0,0.0,0.0,0.0,0.0,0.0,0.0,0.0,0.0,0.0,0.0,0.0,0.0,0.0,0.0,0.0,0.0,0.0,0.0,0.0,0.0,0.0,0.0,0.0,0.0,0.0,0.0,0.0,0.0,0.0,0.0,0.0,0.0,0.0,0.0,9374.1,1047.9026624644105,8148.0,12184.0,4036.0,8624.0,12184.0,3560.0,195.07692307692307,616.0,-5367.8,596.9495456066617,-6432.0,-4228.0,2204.0,-4372.0,-5664.0,-1292.0,304.1025641025641,768.0,13304.7,1036.108059036315,10468.0,14480.0,4012.0,14228.0,10528.0,-3700.0,256.71794871794873,948.0,-1035.35,595.3581086203495,-2042.0,357.0,2399.0,-707.0,-495.0,212.0,322.46153846153845,1092.0,-192.525,1563.8698792978269,-4226.0,1556.0,5782.0,850.0,-4226.0,-5076.0,473.6923076923077,1582.0,-15.6,571.9781814020531,-1756.0,1134.0,2890.0,-174.0,733.0,907.0,406.1794871794872,1790.0,exercise_1_loose_fist,exercise_1_loose_fist_8
0.15,0.3570714214271425,0.0,1.0,1.0,0.0,1.0,1.0,0.02564102564102564,1.0,0.0,0.0,0.0,0.0,0.0,0.0,0.0,0.0,0.0,0.0,0.05,0.21794494717703367,0.0,1.0,1.0,0.0,1.0,1.0,0.02564102564102564,1.0,0.125,0.33071891388307384,0.0,1.0,1.0,0.0,1.0,1.0,0.02564102564102564,1.0,0.0,0.0,0.0,0.0,0.0,0.0,0.0,0.0,0.0,0.0,11910.8,1995.85734961194,8720.0,14588.0,5868.0,8720.0,14588.0,5868.0,249.12820512820514,660.0,-6331.7,657.4766231585728,-7692.0,-5112.0,2580.0,-5928.0,-6584.0,-656.0,408.4102564102564,1088.0,9623.0,3201.526479665599,4784.0,13704.0,8920.0,13704.0,5300.0,-8404.0,359.6923076923077,948.0,-748.6,505.9238480245817,-2002.0,357.0,2359.0,-1934.0,-312.0,1622.0,317.02564102564105,1092.0,-1562.35,1568.484245218931,-4546.0,1429.0,5975.0,-125.0,1429.0,1554.0,732.5128205128206,2130.0,159.75,732.2777393175352,-1756.0,2082.0,3838.0,1017.0,-395.0,-1412.0,472.61538461538464,1790.0,exercise_1_loose_fist,exercise_1_loose_fist_8
0.65,0.4769696007084728,0.0,1.0,1.0,0.0,1.0,1.0,0.02564102564102564,1.0,0.425,0.4943429983321295,0.0,1.0,1.0,0.0,1.0,1.0,0.02564102564102564,1.0,0.55,0.4974937185533101,0.0,1.0,1.0,0.0,1.0,1.0,0.02564102564102564,1.0,0.625,0.4841229182759271,0.0,1.0,1.0,0.0,1.0,1.0,0.02564102564102564,1.0,0.0,0.0,0.0,0.0,0.0,0.0,0.0,0.0,0.0,0.0,14126.9,679.9576383863924,11992.0,14692.0,2700.0,12252.0,14580.0,2328.0,162.66666666666666,660.0,-6563.8,462.0016883086035,-7692.0,-5764.0,1928.0,-6112.0,-6184.0,-72.0,306.6666666666667,1088.0,6075.7,1328.25701955608,4784.0,10352.0,5568.0,10352.0,5648.0,-4704.0,277.12820512820514,840.0,-623.525,327.2339367715396,-1481.0,-184.0,1297.0,-469.0,-422.0,47.0,248.84615384615384,925.0,-205.225,1946.9772018118242,-4546.0,1560.0,6106.0,-3654.0,1443.0,5097.0,488.38461538461536,2130.0,77.875,616.976992581571,-1129.0,2082.0,3211.0,1171.0,-148.0,-1319.0,310.2307692307692,1671.0,exercise_1_loose_fist,exercise_1_loose_fist_8
0.625,0.4841229182759271,0.0,1.0,1.0,1.0,0.0,-1.0,0.02564102564102564,1.0,0.5,0.5,0.0,1.0,1.0,0.0,0.0,0.0,0.05128205128205128,1.0,0.6,0.4898979485566357,0.0,1.0,1.0,1.0,0.0,-1.0,0.02564102564102564,1.0,0.65,0.4769696007084729,0.0,1.0,1.0,1.0,0.0,-1.0,0.02564102564102564,1.0,0.0,0.0,0.0,0.0,0.0,0.0,0.0,0.0,0.0,0.0,13853.5,1099.833328282063,10796.0,14692.0,3896.0,14456.0,10796.0,-3660.0,170.15384615384616,536.0,-5985.7,464.87666106183474,-6592.0,-5092.0,1500.0,-6456.0,-5280.0,1176.0,177.02564102564102,712.0,7008.5,2245.4975729223133,4928.0,12396.0,7468.0,4928.0,12396.0,7468.0,315.38461538461536,1276.0,-150.075,518.8918667458569,-990.0,1182.0,2172.0,-673.0,-11.0,662.0,301.2307692307692,1121.0,2989.575,2047.8859817809682,890.0,6843.0,5953.0,1515.0,6160.0,4645.0,391.87179487179486,1804.0,-152.45,437.53393868361803,-1129.0,648.0,1777.0,-1129.0,-845.0,284.0,227.53846153846155,826.0,exercise_1_loose_fist,exercise_1_loose_fist_8
0.125,0.33071891388307384,0.0,1.0,1.0,1.0,0.0,-1.0,0.02564102564102564,1.0,0.075,0.2633913438213189,0.0,1.0,1.0,1.0,0.0,-1.0,0.02564102564102564,1.0,0.1,0.2999999999999997,0.0,1.0,1.0,1.0,0.0,-1.0,0.02564102564102564,1.0,0.15,0.3570714214271425,0.0,1.0,1.0,1.0,0.0,-1.0,0.02564102564102564,1.0,0.0,0.0,0.0,0.0,0.0,0.0,0.0,0.0,0.0,0.0,10756.6,2662.6045218920513,6772.0,14656.0,7884.0,14500.0,6772.0,-7728.0,268.1025641025641,664.0,-5229.7,620.93084155967,-6432.0,-3956.0,2476.0,-6144.0,-4932.0,1212.0,335.6923076923077,1176.0,11398.0,3287.8620409013515,5364.0,15608.0,10244.0,5876.0,14936.0,9060.0,480.1025641025641,1276.0,-391.475,1107.944944198492,-3056.0,2237.0,5293.0,58.0,-2679.0,-2737.0,591.2051282051282,2982.0,4222.375,1367.8761582742056,1146.0,6843.0,5697.0,1747.0,4032.0,2285.0,808.1282051282051,2886.0,-689.45,1196.5611549352589,-3261.0,4342.0,7603.0,97.0,-3261.0,-3358.0,825.3333333333334,6549.0,exercise_1_loose_fist,exercise_1_loose_fist_8
0.0,0.0,0.0,0.0,0.0,0.0,0.0,0.0,0.0,0.0,0.0,0.0,0.0,0.0,0.0,0.0,0.0,0.0,0.0,0.0,0.0,0.0,0.0,0.0,0.0,0.0,0.0,0.0,0.0,0.0,0.0,0.0,0.0,0.0,0.0,0.0,0.0,0.0,0.0,0.0,0.0,0.0,0.0,0.0,0.0,0.0,0.0,0.0,0.0,0.0,7915.1,1057.9033935100124,6628.0,10532.0,3904.0,10532.0,9080.0,-1452.0,307.38461538461536,1144.0,-4992.7,426.7082258405619,-5936.0,-3956.0,1980.0,-4824.0,-5936.0,-1112.0,376.0,1372.0,14461.0,667.9812871630462,12720.0,15608.0,2888.0,13024.0,14448.0,1424.0,383.5897435897436,1208.0,-725.65,1051.0131909257848,-3056.0,2237.0,5293.0,-358.0,1031.0,1389.0,647.1025641025641,2982.0,1813.975,2241.302472754402,-4885.0,5448.0,10333.0,4561.0,-4885.0,-9446.0,942.7179487179487,3128.0,-424.75,1414.1985141768464,-3261.0,4342.0,7603.0,-1534.0,2222.0,3756.0,1037.2307692307693,6549.0,exercise_1_loose_fist,exercise_1_loose_fist_8
0.0,0.0,0.0,0.0,0.0,0.0,0.0,0.0,0.0,0.0,0.0,0.0,0.0,0.0,0.0,0.0,0.0,0.0,0.0,0.0,0.0,0.0,0.0,0.0,0.0,0.0,0.0,0.0,0.0,0.0,0.0,0.0,0.0,0.0,0.0,0.0,0.0,0.0,0.0,0.0,0.0,0.0,0.0,0.0,0.0,0.0,0.0,0.0,0.0,0.0,8954.2,1785.597255822264,6628.0,11996.0,5368.0,6784.0,11852.0,5068.0,358.87179487179486,1220.0,-4839.6,610.2719393844027,-5972.0,-3184.0,2788.0,-4728.0,-4072.0,656.0,490.6666666666667,2476.0,13684.4,1215.4037353900144,11328.0,15360.0,4032.0,15360.0,11328.0,-4032.0,321.43589743589746,1060.0,-108.45,759.9763137756335,-1813.0,1552.0,3365.0,-1387.0,-874.0,513.0,542.3846153846154,1520.0,-618.95,1352.9435677440506,-4885.0,1848.0,6733.0,1001.0,131.0,-870.0,1033.128205128205,4922.0,253.55,813.5217867396053,-1317.0,2222.0,3539.0,-979.0,-54.0,925.0,843.1025641025641,3265.0,exercise_1_loose_fist,exercise_1_loose_fist_8
0.35,0.4769696007084729,0.0,1.0,1.0,0.0,1.0,1.0,0.02564102564102564,1.0,0.25,0.4330127018922193,0.0,1.0,1.0,0.0,1.0,1.0,0.02564102564102564,1.0,0.075,0.26339134382131846,0.0,1.0,1.0,0.0,1.0,1.0,0.02564102564102564,1.0,0.1,0.30000000000000004,0.0,1.0,1.0,0.0,1.0,1.0,0.02564102564102564,1.0,0.0,0.0,0.0,0.0,0.0,0.0,0.0,0.0,0.0,0.0,11915.9,1775.4270444036836,7860.0,14520.0,6660.0,7860.0,14264.0,6404.0,332.20512820512823,1104.0,-4332.5,567.4266031831783,-5972.0,-3068.0,2904.0,-5972.0,-3068.0,2904.0,558.5641025641025,2476.0,11061.5,1870.9340314399115,7416.0,14036.0,6620.0,13388.0,8924.0,-4464.0,428.1025641025641,2436.0,110.075,716.3082572293858,-1048.0,1943.0,2991.0,301.0,448.0,147.0,680.3846153846154,2096.0,-869.2,1381.3934124643856,-3624.0,2455.0,6079.0,37.0,2455.0,2418.0,868.2051282051282,2697.0,129.975,866.3898512650065,-2229.0,2194.0,4423.0,-1043.0,-1713.0,-670.0,698.2051282051282,2375.0,exercise_1_loose_fist,exercise_1_loose_fist_8
0.825,0.37996710383926624,0.0,1.0,1.0,0.0,0.0,0.0,0.05128205128205128,1.0,0.7,0.4582575694955839,0.0,1.0,1.0,0.0,0.0,0.0,0.05128205128205128,1.0,0.5,0.5,0.0,1.0,1.0,0.0,0.0,0.0,0.05128205128205128,1.0,0.575,0.4943429983321296,0.0,1.0,1.0,0.0,0.0,0.0,0.05128205128205128,1.0,0.275,0.4465142774872937,0.0,1.0,1.0,0.0,0.0,0.0,0.05128205128205128,1.0,13648.6,619.2941465894862,12000.0,14520.0,2520.0,12000.0,13436.0,1436.0,293.43589743589746,1104.0,-3673.0,683.9144683365018,-5316.0,-2052.0,3264.0,-4204.0,-3544.0,660.0,375.0769230769231,1868.0,9339.1,837.1773945825341,7416.0,11780.0,4364.0,11780.0,10552.0,-1228.0,481.12820512820514,2436.0,-388.675,860.5217425347251,-2348.0,1943.0,4291.0,-526.0,-2020.0,-1494.0,554.1538461538462,2096.0,562.975,1678.2589413958142,-2997.0,3487.0,6484.0,-926.0,2760.0,3686.0,580.0,2697.0,180.475,857.1348198358296,-2229.0,2194.0,4423.0,401.0,1063.0,662.0,430.15384615384613,1411.0,exercise_1_loose_fist,exercise_1_loose_fist_8
0.475,0.4993746088859546,0.0,1.0,1.0,1.0,0.0,-1.0,0.02564102564102564,1.0,0.45,0.4974937185533101,0.0,1.0,1.0,1.0,0.0,-1.0,0.02564102564102564,1.0,0.425,0.49434299833212947,0.0,1.0,1.0,1.0,0.0,-1.0,0.02564102564102564,1.0,0.475,0.4993746088859546,0.0,1.0,1.0,1.0,0.0,-1.0,0.02564102564102564,1.0,0.275,0.44651427748729344,0.0,1.0,1.0,0.0,0.0,0.0,0.05128205128205128,1.0,12634.8,1573.1927281804988,9416.0,14300.0,4884.0,14092.0,9448.0,-4644.0,228.6153846153846,884.0,-3950.5,873.4825413252403,-5220.0,-2052.0,3168.0,-3236.0,-4216.0,-980.0,315.38461538461536,1120.0,10463.2,1647.1228733764826,8556.0,14404.0,5848.0,8980.0,14404.0,5424.0,388.5128205128205,1312.0,-737.8,643.8675018977118,-2348.0,412.0,2760.0,332.0,-426.0,-758.0,324.4102564102564,1470.0,2834.3,1496.0579567650445,838.0,5750.0,4912.0,1145.0,3939.0,2794.0,475.28205128205127,2822.0,130.25,835.8700781221924,-1804.0,1983.0,3787.0,-626.0,-1804.0,-1178.0,368.87179487179486,1301.0,exercise_1_loose_fist,exercise_1_loose_fist_8
0.0,0.0,0.0,0.0,0.0,0.0,0.0,0.0,0.0,0.0,0.0,0.0,0.0,0.0,0.0,0.0,0.0,0.0,0.0,0.0,0.0,0.0,0.0,0.0,0.0,0.0,0.0,0.0,0.0,0.0,0.0,0.0,0.0,0.0,0.0,0.0,0.0,0.0,0.0,0.0,0.0,0.0,0.0,0.0,0.0,0.0,0.0,0.0,0.0,0.0,9091.7,2546.5844399901607,5500.0,13124.0,7624.0,13124.0,6056.0,-7068.0,283.1794871794872,804.0,-4371.8,452.1671814716322,-5220.0,-3520.0,1700.0,-4344.0,-4156.0,188.0,246.05128205128204,768.0,13539.0,2143.473955988269,9668.0,16300.0,6632.0,9992.0,15588.0,5596.0,430.6666666666667,1360.0,-641.95,452.04203067856423,-1602.0,412.0,2014.0,-1602.0,-525.0,1077.0,254.33333333333334,1205.0,3302.475,1640.9817943459948,144.0,5954.0,5810.0,2045.0,468.0,-1577.0,604.4358974358975,2822.0,-194.25,787.5005634918618,-1804.0,1582.0,3386.0,1488.0,112.0,-1376.0,395.12820512820514,1301.0,exercise_1_loose_fist,exercise_1_loose_fist_8
0.0,0.0,0.0,0.0,0.0,0.0,0.0,0.0,0.0,0.0,0.0,0.0,0.0,0.0,0.0,0.0,0.0,0.0,0.0,0.0,0.0,0.0,0.0,0.0,0.0,0.0,0.0,0.0,0.0,0.0,0.0,0.0,0.0,0.0,0.0,0.0,0.0,0.0,0.0,0.0,0.0,0.0,0.0,0.0,0.0,0.0,0.0,0.0,0.0,0.0,6974.9,992.2277913866352,5500.0,9212.0,3712.0,8644.0,9212.0,568.0,410.87179487179486,1620.0,-3855.1,541.4007665306727,-5056.0,-2248.0,2808.0,-4284.0,-3392.0,892.0,411.5897435897436,2100.0,15305.2,568.9788748275282,13992.0,16300.0,2308.0,14020.0,14292.0,272.0,443.8974358974359,1360.0,-271.275,771.6364748863289,-1603.0,1622.0,3225.0,-600.0,484.0,1084.0,398.05128205128204,2614.0,1011.2,2339.311278987899,-3816.0,5954.0,9770.0,3668.0,-2217.0,-5885.0,683.0512820512821,2890.0,-118.1,934.6725576371654,-2598.0,1683.0,4281.0,-1296.0,1221.0,2517.0,799.8717948717949,2331.0,exercise_1_loose_fist,exercise_1_loose_fist_8
0.0,0.0,0.0,0.0,0.0,0.0,0.0,0.0,0.0,0.0,0.0,0.0,0.0,0.0,0.0,0.0,0.0,0.0,0.0,0.0,0.0,0.0,0.0,0.0,0.0,0.0,0.0,0.0,0.0,0.0,0.025,0.15612494995995996,0.0,1.0,1.0,0.0,1.0,1.0,0.02564102564102564,1.0,0.0,0.0,0.0,0.0,0.0,0.0,0.0,0.0,0.0,0.0,9473.7,2575.392612787417,5692.0,13648.0,7956.0,6352.0,13260.0,6908.0,423.28205128205127,1620.0,-3740.1,656.0356621404053,-5056.0,-2248.0,2808.0,-3912.0,-4392.0,-480.0,525.9487179487179,2100.0,13421.2,2117.853857092127,9596.0,15920.0,6324.0,15392.0,9960.0,-5432.0,358.35897435897436,1276.0,-652.1,1034.4818461432758,-2615.0,1622.0,4237.0,-288.0,-1759.0,-1471.0,435.46153846153845,2614.0,-1198.65,1605.7075628831049,-5807.0,1407.0,7214.0,256.0,-702.0,-958.0,841.5384615384615,4214.0,246.35,978.4672848388952,-2598.0,2115.0,4713.0,1208.0,817.0,-391.0,866.5897435897435,2331.0,exercise_1_loose_fist,exercise_1_loose_fist_8
0.475,0.49937460888595436,0.0,1.0,1.0,0.0,1.0,1.0,0.02564102564102564,1.0,0.3,0.45825756949558405,0.0,1.0,1.0,0.0,1.0,1.0,0.02564102564102564,1.0,0.125,0.33071891388307384,0.0,1.0,1.0,0.0,0.0,0.0,0.05128205128205128,1.0,0.525,0.4993746088859546,0.0,1.0,1.0,0.0,1.0,1.0,0.02564102564102564,1.0,0.0,0.0,0.0,0.0,0.0,0.0,0.0,0.0,0.0,0.0,12742.5,1251.8957424642037,9732.0,14008.0,4276.0,9732.0,13560.0,3828.0,295.28205128205127,960.0,-4600.4,954.7065727227398,-5908.0,-2436.0,3472.0,-2816.0,-5680.0,-2864.0,308.71794871794873,1688.0,10050.4,1881.096658866843,7756.0,14268.0,6512.0,14268.0,8444.0,-5824.0,352.20512820512823,1276.0,-1088.675,513.5941679721451,-2615.0,-204.0,2411.0,-1002.0,-204.0,798.0,219.02564102564102,1156.0,-627.275,1637.0226172460168,-5807.0,1484.0,7291.0,-2511.0,1031.0,3542.0,667.7948717948718,4214.0,475.275,628.0537790468265,-410.0,2115.0,2525.0,459.0,39.0,-420.0,410.46153846153845,1699.0,exercise_1_loose_fist,exercise_1_loose_fist_8
0.75,0.4330127018922193,0.0,1.0,1.0,0.0,0.0,0.0,0.05128205128205128,1.0,0.5,0.5,0.0,1.0,1.0,0.0,0.0,0.0,0.05128205128205128,1.0,0.125,0.33071891388307384,0.0,1.0,1.0,0.0,0.0,0.0,0.05128205128205128,1.0,0.8,0.4000000000000001,0.0,1.0,1.0,1.0,0.0,-1.0,0.02564102564102564,1.0,0.0,0.0,0.0,0.0,0.0,0.0,0.0,0.0,0.0,0.0,13449.8,406.6378732976062,12344.0,14008.0,1664.0,13684.0,12344.0,-1340.0,223.69230769230768,952.0,-5657.7,419.91416980140116,-6604.0,-4836.0,1768.0,-4888.0,-6596.0,-1708.0,202.76923076923077,460.0,8651.2,462.04432687784407,7756.0,9948.0,2192.0,9604.0,9144.0,-460.0,386.56410256410254,1472.0,-718.575,414.6337472698044,-1618.0,479.0,2097.0,-1423.0,-963.0,460.0,228.2051282051282,682.0,1197.275,1057.419973035785,-1839.0,3294.0,5133.0,-1839.0,2162.0,4001.0,457.46153846153845,1355.0,518.35,479.33691439320637,-215.0,1430.0,1645.0,1404.0,1100.0,-304.0,322.71794871794873,1348.0,exercise_1_loose_fist,exercise_1_loose_fist_8
0.275,0.44651427748729344,0.0,1.0,1.0,1.0,0.0,-1.0,0.02564102564102564,1.0,0.2,0.4000000000000001,0.0,1.0,1.0,1.0,0.0,-1.0,0.02564102564102564,1.0,0.0,0.0,0.0,0.0,0.0,0.0,0.0,0.0,0.0,0.0,0.3,0.4582575694955839,0.0,1.0,1.0,1.0,0.0,-1.0,0.02564102564102564,1.0,0.0,0.0,0.0,0.0,0.0,0.0,0.0,0.0,0.0,0.0,11874.9,1574.4667637012858,8932.0,13960.0,5028.0,13764.0,8932.0,-4832.0,232.2051282051282,964.0,-6235.5,483.10925265409685,-7080.0,-5352.0,1728.0,-5556.0,-6752.0,-1196.0,245.23076923076923,580.0,10244.7,1684.9633556846272,8144.0,13096.0,4952.0,8492.0,12732.0,4240.0,386.46153846153845,1472.0,-1049.725,766.7093317385671,-3175.0,479.0,3654.0,-474.0,-3175.0,-2701.0,402.5897435897436,1478.0,3064.525,1520.8529841424515,480.0,5886.0,5406.0,1216.0,5176.0,3960.0,644.974358974359,2101.0,-364.6,1280.7822765794347,-3272.0,1345.0,4617.0,13.0,-3116.0,-3129.0,502.6923076923077,2102.0,exercise_1_loose_fist,exercise_1_loose_fist_8
0.0,0.0,0.0,0.0,0.0,0.0,0.0,0.0,0.0,0.0,0.0,0.0,0.0,0.0,0.0,0.0,0.0,0.0,0.0,0.0,0.0,0.0,0.0,0.0,0.0,0.0,0.0,0.0,0.0,0.0,0.0,0.0,0.0,0.0,0.0,0.0,0.0,0.0,0.0,0.0,0.0,0.0,0.0,0.0,0.0,0.0,0.0,0.0,0.0,0.0,9204.1,1533.8048083116703,7292.0,12420.0,5128.0,12264.0,8476.0,-3788.0,236.2051282051282,964.0,-6587.8,283.08154302250085,-7248.0,-5740.0,1508.0,-6888.0,-6632.0,256.0,307.4871794871795,1060.0,12729.1,1331.801783299602,9616.0,14404.0,4788.0,9616.0,13520.0,3904.0,323.4871794871795,932.0,-1191.325,823.1798523864636,-3175.0,999.0,4174.0,-499.0,999.0,1498.0,467.12820512820514,1478.0,2860.725,2175.652683535449,-3039.0,5886.0,8925.0,2636.0,-1672.0,-4308.0,719.9487179487179,2516.0,-717.525,1227.1134826799841,-3272.0,1146.0,4418.0,21.0,1035.0,1014.0,620.4615384615385,2459.0,exercise_1_loose_fist,exercise_1_loose_fist_8
0.0,0.0,0.0,0.0,0.0,0.0,0.0,0.0,0.0,0.0,0.0,0.0,0.0,0.0,0.0,0.0,0.0,0.0,0.0,0.0,0.0,0.0,0.0,0.0,0.0,0.0,0.0,0.0,0.0,0.0,0.0,0.0,0.0,0.0,0.0,0.0,0.0,0.0,0.0,0.0,0.0,0.0,0.0,0.0,0.0,0.0,0.0,0.0,0.0,0.0,9096.5,1500.5977975460314,7292.0,12264.0,4972.0,9044.0,12264.0,3220.0,302.6666666666667,992.0,-6808.8,464.61183798952004,-8120.0,-5740.0,2380.0,-5740.0,-7840.0,-2100.0,363.5897435897436,1248.0,12667.2,1516.677210219762,8608.0,14404.0,5796.0,13380.0,8608.0,-4772.0,487.0769230769231,1632.0,-264.9,954.578802404495,-3044.0,1177.0,4221.0,-3044.0,-417.0,2627.0,577.6153846153846,2378.0,-820.7,2931.824774777646,-6461.0,5609.0,12070.0,5609.0,-5627.0,-11236.0,922.8717948717949,3178.0,837.225,1426.4548097906923,-3123.0,5059.0,8182.0,-3123.0,1550.0,4673.0,853.7179487179487,3880.0,exercise_1_loose_fist,exercise_1_loose_fist_8
0.0,0.0,0.0,0.0,0.0,0.0,0.0,0.0,0.0,0.0,0.2,0.40000000000000013,0.0,1.0,1.0,0.0,1.0,1.0,0.02564102564102564,1.0,0.075,0.2633913438213185,0.0,1.0,1.0,0.0,0.0,0.0,0.05128205128205128,1.0,0.225,0.41758232721225164,0.0,1.0,1.0,0.0,1.0,1.0,0.02564102564102564,1.0,0.0,0.0,0.0,0.0,0.0,0.0,0.0,0.0,0.0,0.0,11897.9,1826.2540869221893,8292.0,13928.0,5636.0,8292.0,13868.0,5576.0,298.87179487179486,992.0,-7497.3,624.1290812003555,-8460.0,-5856.0,2604.0,-6868.0,-8436.0,-1568.0,294.97435897435895,1248.0,8682.8,3154.6462495817186,3972.0,13744.0,9772.0,12960.0,4352.0,-8608.0,510.7692307692308,1632.0,-201.9,772.7249769484613,-1301.0,1177.0,2478.0,-136.0,-356.0,-220.0,504.71794871794873,2378.0,-2022.725,1863.5624753077102,-6461.0,1124.0,7585.0,-1399.0,1124.0,2523.0,847.974358974359,3178.0,1096.15,1079.4963304708358,-391.0,5059.0,5450.0,833.0,-391.0,-1224.0,688.3076923076923,3880.0,exercise_1_loose_fist,exercise_1_loose_fist_8
0.0,0.0,0.0,0.0,0.0,0.0,0.0,0.0,0.0,0.0,0.0,0.0,0.0,0.0,0.0,0.0,0.0,0.0,0.0,0.0,0.0,0.0,0.0,0.0,0.0,0.0,0.0,0.0,0.0,0.0,0.0,0.0,0.0,0.0,0.0,0.0,0.0,0.0,0.0,0.0,0.0,0.0,0.0,0.0,0.0,0.0,0.0,0.0,0.0,0.0,6729.2,379.4809086106968,5944.0,7480.0,1536.0,6892.0,6956.0,64.0,211.48717948717947,476.0,-5279.9,742.8838334490796,-7780.0,-3500.0,4280.0,-5156.0,-6440.0,-1284.0,372.8205128205128,2276.0,15002.2,286.4610968351549,14464.0,15584.0,1120.0,15040.0,14628.0,-412.0,208.51282051282053,560.0,-1326.65,1346.673652931548,-5317.0,728.0,6045.0,-2703.0,-3513.0,-810.0,493.94871794871796,1840.0,1605.225,995.33709082652,-348.0,3943.0,4291.0,2481.0,137.0,-2344.0,405.38461538461536,1475.0,-1506.75,2566.1947485528062,-12254.0,954.0,13208.0,-2995.0,-12254.0,-9259.0,966.5384615384615,5131.0,exercise_1_loose_fist,exercise_1_loose_fist_9
0.0,0.0,0.0,0.0,0.0,0.0,0.0,0.0,0.0,0.0,0.0,0.0,0.0,0.0,0.0,0.0,0.0,0.0,0.0,0.0,0.0,0.0,0.0,0.0,0.0,0.0,0.0,0.0,0.0,0.0,0.0,0.0,0.0,0.0,0.0,0.0,0.0,0.0,0.0,0.0,0.0,0.0,0.0,0.0,0.0,0.0,0.0,0.0,0.0,0.0,8064.8,1644.6045603731009,5944.0,10328.0,4384.0,6276.0,10152.0,3876.0,278.05128205128204,1268.0,-5191.8,978.4117538132908,-7780.0,-2924.0,4856.0,-5228.0,-5876.0,-648.0,498.2564102564103,2288.0,14148.5,1138.632579017481,12432.0,15584.0,3152.0,15328.0,12592.0,-2736.0,232.82051282051282,812.0,-1506.425,1389.6295169486723,-4755.0,27.0,4782.0,-187.0,-558.0,-371.0,391.6666666666667,1491.0,540.3,940.4511736395465,-3113.0,2136.0,5249.0,1199.0,642.0,-557.0,453.71794871794873,2315.0,-1381.025,3732.378748784078,-14551.0,1957.0,16508.0,-1134.0,333.0,1467.0,1135.3076923076924,5131.0,exercise_1_loose_fist,exercise_1_loose_fist_9
0.0,0.0,0.0,0.0,0.0,0.0,0.0,0.0,0.0,0.0,0.0,0.0,0.0,0.0,0.0,0.0,0.0,0.0,0.0,0.0,0.0,0.0,0.0,0.0,0.0,0.0,0.0,0.0,0.0,0.0,0.0,0.0,0.0,0.0,0.0,0.0,0.0,0.0,0.0,0.0,0.05,0.21794494717703367,0.0,1.0,1.0,0.0,1.0,1.0,0.02564102564102564,1.0,10836.8,1597.6783656293278,7324.0,13744.0,6420.0,7324.0,13744.0,6420.0,278.46153846153845,1268.0,-5571.8,823.5255673019508,-6664.0,-2924.0,3740.0,-4152.0,-6216.0,-2064.0,280.4102564102564,1228.0,11747.2,1853.0461839900267,7696.0,14800.0,7104.0,14468.0,7696.0,-6772.0,295.4871794871795,876.0,-1115.0,1328.4387264755571,-4755.0,572.0,5327.0,-4018.0,-546.0,3472.0,311.2307692307692,1207.0,-1007.225,1508.7534504931546,-4711.0,1068.0,5779.0,578.0,-1140.0,-1718.0,671.4871794871794,3682.0,-493.35,3160.5197559104104,-14551.0,1957.0,16508.0,-14551.0,-75.0,14476.0,746.4102564102565,5018.0,exercise_1_loose_fist,exercise_1_loose_fist_9
0.45,0.4974937185533101,0.0,1.0,1.0,0.0,1.0,1.0,0.02564102564102564,1.0,0.0,0.0,0.0,0.0,0.0,0.0,0.0,0.0,0.0,0.0,0.225,0.41758232721225164,0.0,1.0,1.0,0.0,1.0,1.0,0.02564102564102564,1.0,0.325,0.46837484987987993,0.0,1.0,1.0,0.0,1.0,1.0,0.02564102564102564,1.0,0.55,0.4974937185533101,0.0,1.0,1.0,0.0,1.0,1.0,0.02564102564102564,1.0,13118.0,1325.8524804818974,10212.0,14456.0,4244.0,10212.0,14224.0,4012.0,198.87179487179486,772.0,-6135.6,298.23185611198545,-6784.0,-5336.0,1448.0,-5772.0,-6328.0,-556.0,179.3846153846154,564.0,8505.6,2148.0355304324,6224.0,12536.0,6312.0,12536.0,6496.0,-6040.0,299.8974358974359,876.0,-454.75,369.99559118994915,-1043.0,572.0,1615.0,-590.0,116.0,706.0,216.87179487179486,1207.0,-725.275,1741.2037357457625,-4711.0,1951.0,6662.0,-55.0,1951.0,2006.0,538.8717948717949,3682.0,229.7,471.9370826709849,-472.0,1691.0,2163.0,210.0,-372.0,-582.0,306.87179487179486,1308.0,exercise_1_loose_fist,exercise_1_loose_fist_9
0.65,0.47696960070847294,0.0,1.0,1.0,0.0,0.0,0.0,0.05128205128205128,1.0,0.0,0.0,0.0,0.0,0.0,0.0,0.0,0.0,0.0,0.0,0.275,0.44651427748729355,0.0,1.0,1.0,0.0,0.0,0.0,0.05128205128205128,1.0,0.55,0.4974937185533099,0.0,1.0,1.0,0.0,0.0,0.0,0.05128205128205128,1.0,0.925,0.26339134382131846,0.0,1.0,1.0,1.0,0.0,-1.0,0.02564102564102564,1.0,14001.4,319.8919192477359,13016.0,14456.0,1440.0,13488.0,13016.0,-472.0,153.64102564102564,772.0,-6035.1,327.21428758536814,-6784.0,-5428.0,1356.0,-6312.0,-5480.0,832.0,144.4102564102564,540.0,7159.2,787.4770853809017,6224.0,9240.0,3016.0,7356.0,9240.0,1884.0,234.15384615384616,760.0,-458.725,298.61019636810795,-1043.0,163.0,1206.0,-614.0,-664.0,-50.0,200.25641025641025,741.0,1522.775,1397.2790610236023,-1620.0,5573.0,7193.0,-1620.0,5573.0,7193.0,496.38461538461536,2225.0,-99.475,296.6383309267364,-901.0,444.0,1345.0,106.0,-839.0,-945.0,230.84615384615384,937.0,exercise_1_loose_fist,exercise_1_loose_fist_9
0.2,0.4000000000000001,0.0,1.0,1.0,1.0,0.0,-1.0,0.02564102564102564,1.0,0.0,0.0,0.0,0.0,0.0,0.0,0.0,0.0,0.0,0.0,0.05,0.21794494717703355,0.0,1.0,1.0,1.0,0.0,-1.0,0.02564102564102564,1.0,0.225,0.4175823272122518,0.0,1.0,1.0,1.0,0.0,-1.0,0.02564102564102564,1.0,0.425,0.49434299833212947,0.0,1.0,1.0,1.0,0.0,-1.0,0.02564102564102564,1.0,12291.0,1851.52515510862,8532.0,14392.0,5860.0,14392.0,8532.0,-5860.0,232.92307692307693,1072.0,-5086.2,898.4746852304744,-6116.0,-3444.0,2672.0,-6116.0,-3860.0,2256.0,248.4102564102564,1148.0,10071.7,2720.927398884432,6520.0,14548.0,8028.0,7160.0,14548.0,7388.0,291.38461538461536,900.0,-467.225,926.2704650235806,-3517.0,1008.0,4525.0,148.0,-1506.0,-1654.0,363.7435897435897,2186.0,3506.825,1505.5336742746742,592.0,6476.0,5884.0,1728.0,2372.0,644.0,814.7692307692307,2745.0,-669.75,829.2784137429359,-2248.0,949.0,3197.0,-19.0,-180.0,-161.0,575.6153846153846,2719.0,exercise_1_loose_fist,exercise_1_loose_fist_9
0.0,0.0,0.0,0.0,0.0,0.0,0.0,0.0,0.0,0.0,0.0,0.0,0.0,0.0,0.0,0.0,0.0,0.0,0.0,0.0,0.0,0.0,0.0,0.0,0.0,0.0,0.0,0.0,0.0,0.0,0.0,0.0,0.0,0.0,0.0,0.0,0.0,0.0,0.0,0.0,0.0,0.0,0.0,0.0,0.0,0.0,0.0,0.0,0.0,0.0,9453.4,1605.507658032188,7724.0,13088.0,5364.0,13088.0,8056.0,-5032.0,212.51282051282053,1072.0,-4385.5,541.1378290232536,-6092.0,-3444.0,2648.0,-5600.0,-4784.0,816.0,276.5128205128205,1148.0,13535.1,1514.1227129925765,9616.0,14864.0,5248.0,9864.0,14548.0,4684.0,239.48717948717947,900.0,-603.675,911.7405987313496,-3517.0,1008.0,4525.0,169.0,-732.0,-901.0,331.9230769230769,2186.0,2889.65,1859.232053160659,435.0,6476.0,6041.0,4978.0,843.0,-4135.0,577.8205128205128,2745.0,-532.075,897.6096419797415,-2248.0,949.0,3197.0,328.0,-48.0,-376.0,537.1794871794872,2719.0,exercise_1_loose_fist,exercise_1_loose_fist_9
0.0,0.0,0.0,0.0,0.0,0.0,0.0,0.0,0.0,0.0,0.0,0.0,0.0,0.0,0.0,0.0,0.0,0.0,0.0,0.0,0.0,0.0,0.0,0.0,0.0,0.0,0.0,0.0,0.0,0.0,0.0,0.0,0.0,0.0,0.0,0.0,0.0,0.0,0.0,0.0,0.0,0.0,0.0,0.0,0.0,0.0,0.0,0.0,0.0,0.0,8871.6,1021.4420394716482,7724.0,11656.0,3932.0,8540.0,11656.0,3116.0,201.33333333333334,712.0,-4410.0,217.1635328502463,-4908.0,-4024.0,884.0,-4440.0,-4908.0,-468.0,247.89743589743588,692.0,14067.8,798.5752062266897,11724.0,14864.0,3140.0,14680.0,11960.0,-2720.0,227.69230769230768,1148.0,-348.925,442.37983608546176,-1009.0,827.0,1836.0,-760.0,163.0,923.0,234.07692307692307,1109.0,-59.75,1507.7292984816606,-3543.0,2479.0,6022.0,2479.0,-2178.0,-4657.0,511.7692307692308,2096.0,384.725,555.2711043940609,-921.0,1749.0,2670.0,199.0,346.0,147.0,455.2564102564103,1687.0,exercise_1_loose_fist,exercise_1_loose_fist_9
0.0,0.0,0.0,0.0,0.0,0.0,0.0,0.0,0.0,0.0,0.0,0.0,0.0,0.0,0.0,0.0,0.0,0.0,0.0,0.0,0.0,0.0,0.0,0.0,0.0,0.0,0.0,0.0,0.0,0.0,0.0,0.0,0.0,0.0,0.0,0.0,0.0,0.0,0.0,0.0,0.0,0.0,0.0,0.0,0.0,0.0,0.0,0.0,0.0,0.0,11254.2,1904.9610914661746,8068.0,14028.0,5960.0,8360.0,13956.0,5596.0,229.23076923076923,712.0,-4462.7,370.08689520165393,-6060.0,-3692.0,2368.0,-4496.0,-6060.0,-1564.0,385.94871794871796,1588.0,11780.1,2047.5014017089218,7304.0,14796.0,7492.0,14492.0,7304.0,-7188.0,328.1025641025641,1148.0,-336.125,463.49445452453904,-1283.0,827.0,2110.0,-776.0,-903.0,-127.0,343.9230769230769,1109.0,-1297.2,870.6294332263295,-3543.0,517.0,4060.0,517.0,-1974.0,-2491.0,608.2307692307693,2096.0,572.85,792.1650254208399,-921.0,3653.0,4574.0,-168.0,1470.0,1638.0,612.6153846153846,2183.0,exercise_1_loose_fist,exercise_1_loose_fist_9
0.45,0.4974937185533101,0.0,1.0,1.0,0.0,1.0,1.0,0.02564102564102564,1.0,0.45,0.4974937185533101,0.0,1.0,1.0,0.0,1.0,1.0,0.02564102564102564,1.0,0.4,0.4898979485566357,0.0,1.0,1.0,0.0,0.0,0.0,0.05128205128205128,1.0,0.475,0.49937460888595436,0.0,1.0,1.0,0.0,1.0,1.0,0.02564102564102564,1.0,0.225,0.41758232721225164,0.0,1.0,1.0,0.0,0.0,0.0,0.05128205128205128,1.0,13713.6,918.4024390211516,11640.0,14856.0,3216.0,11640.0,14040.0,2400.0,166.35897435897436,512.0,-4975.8,589.9674228294306,-6060.0,-3692.0,2368.0,-4176.0,-5660.0,-1484.0,302.05128205128204,1588.0,8314.7,1886.7350396915836,5952.0,11880.0,5928.0,11880.0,7168.0,-4712.0,296.61538461538464,1004.0,-603.975,313.1662886949999,-1332.0,-11.0,1321.0,-417.0,-573.0,-156.0,330.61538461538464,944.0,-290.075,1439.228167934119,-2659.0,3620.0,6279.0,-1945.0,2889.0,4834.0,487.3333333333333,1481.0,318.85,711.3325365115812,-384.0,3653.0,4037.0,-169.0,73.0,242.0,408.2564102564103,2183.0,exercise_1_loose_fist,exercise_1_loose_fist_9
0.45,0.4974937185533101,0.0,1.0,1.0,0.0,0.0,0.0,0.05128205128205128,1.0,0.45,0.4974937185533101,0.0,1.0,1.0,0.0,0.0,0.0,0.05128205128205128,1.0,0.4,0.4898979485566357,0.0,1.0,1.0,0.0,0.0,0.0,0.05128205128205128,1.0,0.5,0.5,0.0,1.0,1.0,0.0,0.0,0.0,0.05128205128205128,1.0,0.375,0.4841229182759271,0.0,1.0,1.0,0.0,0.0,0.0,0.10256410256410256,1.0,13913.0,768.6547989832627,11888.0,14856.0,2968.0,14296.0,11888.0,-2408.0,226.05128205128204,668.0,-5334.1,257.91159338036744,-5724.0,-4816.0,908.0,-4964.0,-5252.0,-288.0,221.53846153846155,820.0,7868.6,1498.693711203193,5952.0,11064.0,5112.0,7560.0,11064.0,3504.0,310.56410256410254,872.0,-600.975,360.73962129907494,-1443.0,159.0,1602.0,-1034.0,-457.0,577.0,369.4102564102564,904.0,2030.75,1718.7677962715034,-1708.0,4398.0,6106.0,-1234.0,4201.0,5435.0,561.3076923076923,1782.0,79.075,409.9968528842631,-853.0,1352.0,2205.0,603.0,71.0,-532.0,276.56410256410254,873.0,exercise_1_loose_fist,exercise_1_loose_fist_9
0.0,0.0,0.0,0.0,0.0,0.0,0.0,0.0,0.0,0.0,0.0,0.0,0.0,0.0,0.0,0.0,0.0,0.0,0.0,0.0,0.0,0.0,0.0,0.0,0.0,0.0,0.0,0.0,0.0,0.0,0.025,0.1561249499599599,0.0,1.0,1.0,1.0,0.0,-1.0,0.02564102564102564,1.0,0.15,0.3570714214271425,0.0,1.0,1.0,1.0,0.0,-1.0,0.02564102564102564,1.0,11190.7,2424.769743707637,6732.0,14708.0,7976.0,14708.0,6732.0,-7976.0,309.94871794871796,824.0,-4994.5,487.2729727780928,-5812.0,-3872.0,1940.0,-5156.0,-3872.0,1284.0,293.84615384615387,1076.0,11368.6,2545.4122730905497,7476.0,15328.0,7852.0,7568.0,15180.0,7612.0,370.7692307692308,1008.0,-452.675,446.6144527162103,-1443.0,351.0,1794.0,-902.0,-266.0,636.0,325.28205128205127,904.0,3819.1,1304.535085768106,1961.0,7701.0,5740.0,3778.0,2542.0,-1236.0,689.5384615384615,2596.0,-497.625,835.4275159312148,-2759.0,775.0,3534.0,69.0,-863.0,-932.0,482.0,1927.0,exercise_1_loose_fist,exercise_1_loose_fist_9
0.0,0.0,0.0,0.0,0.0,0.0,0.0,0.0,0.0,0.0,0.0,0.0,0.0,0.0,0.0,0.0,0.0,0.0,0.0,0.0,0.0,0.0,0.0,0.0,0.0,0.0,0.0,0.0,0.0,0.0,0.0,0.0,0.0,0.0,0.0,0.0,0.0,0.0,0.0,0.0,0.0,0.0,0.0,0.0,0.0,0.0,0.0,0.0,0.0,0.0,8496.3,1258.8249719480464,6732.0,11880.0,5148.0,11880.0,9624.0,-2256.0,347.8974358974359,1484.0,-4318.8,621.0469869502629,-5812.0,-3356.0,2456.0,-5040.0,-3760.0,1280.0,237.94871794871796,1076.0,14243.4,1108.6638985734135,11304.0,15660.0,4356.0,11516.0,14456.0,2940.0,351.4871794871795,1060.0,-281.425,495.82914837169466,-1096.0,961.0,2057.0,-575.0,348.0,923.0,307.5128205128205,1059.0,2048.925,2594.8650965657152,-1774.0,7701.0,9475.0,4271.0,-1470.0,-5741.0,724.7435897435897,2596.0,-258.175,1023.8112103190705,-2759.0,1441.0,4200.0,-177.0,1441.0,1618.0,575.8974358974359,1927.0,exercise_1_loose_fist,exercise_1_loose_fist_9
0.0,0.0,0.0,0.0,0.0,0.0,0.0,0.0,0.0,0.0,0.0,0.0,0.0,0.0,0.0,0.0,0.0,0.0,0.0,0.0,0.0,0.0,0.0,0.0,0.0,0.0,0.0,0.0,0.0,0.0,0.0,0.0,0.0,0.0,0.0,0.0,0.0,0.0,0.0,0.0,0.0,0.0,0.0,0.0,0.0,0.0,0.0,0.0,0.0,0.0,9420.0,1784.739532817044,7016.0,12940.0,5924.0,7192.0,12940.0,5748.0,357.2307692307692,1484.0,-4045.3,444.87965788514094,-5260.0,-3356.0,1904.0,-3752.0,-5172.0,-1420.0,278.87179487179486,1492.0,13619.1,1556.9581850518657,9640.0,15660.0,6020.0,15660.0,9640.0,-6020.0,336.5128205128205,1060.0,-487.025,666.6440012292918,-1956.0,961.0,2917.0,-924.0,-670.0,254.0,486.1025641025641,1642.0,-1018.125,1360.5019880084703,-4980.0,2522.0,7502.0,2522.0,-2103.0,-4625.0,762.5897435897435,3028.0,618.575,618.0956191197282,-580.0,2552.0,3132.0,-527.0,545.0,1072.0,563.1282051282051,2185.0,exercise_1_loose_fist,exercise_1_loose_fist_9
0.125,0.33071891388307384,0.0,1.0,1.0,0.0,1.0,1.0,0.02564102564102564,1.0,0.075,0.26339134382131846,0.0,1.0,1.0,0.0,1.0,1.0,0.02564102564102564,1.0,0.175,0.3799671038392666,0.0,1.0,1.0,0.0,1.0,1.0,0.02564102564102564,1.0,0.175,0.3799671038392666,0.0,1.0,1.0,0.0,1.0,1.0,0.02564102564102564,1.0,0.0,0.0,0.0,0.0,0.0,0.0,0.0,0.0,0.0,0.0,12218.7,1592.0918032575887,8500.0,13828.0,5328.0,8500.0,13784.0,5284.0,242.97435897435898,964.0,-4438.5,459.94929068322307,-5260.0,-3404.0,1856.0,-3936.0,-4260.0,-324.0,292.8205128205128,1492.0,10713.7,1890.6470611936006,8672.0,14172.0,5500.0,13456.0,9100.0,-4356.0,277.2307692307692,716.0,-601.95,555.6555565276028,-1956.0,431.0,2387.0,431.0,-557.0,-988.0,433.1794871794872,1642.0,-576.025,1639.6658422907394,-4980.0,1641.0,6621.0,-2595.0,1233.0,3828.0,586.4615384615385,3028.0,277.15,712.8561408166447,-767.0,2552.0,3319.0,1621.0,-317.0,-1938.0,438.15384615384613,2185.0,exercise_1_loose_fist,exercise_1_loose_fist_9
0.325,0.46837484987987993,0.0,1.0,1.0,0.0,0.0,0.0,0.05128205128205128,1.0,0.25,0.4330127018922193,0.0,1.0,1.0,0.0,0.0,0.0,0.05128205128205128,1.0,0.35,0.47696960070847294,0.0,1.0,1.0,0.0,0.0,0.0,0.05128205128205128,1.0,0.4,0.48989794855663577,0.0,1.0,1.0,0.0,0.0,0.0,0.05128205128205128,1.0,0.0,0.0,0.0,0.0,0.0,0.0,0.0,0.0,0.0,0.0,13225.4,559.8839522615377,11688.0,13828.0,2140.0,13248.0,11688.0,-1560.0,173.74358974358975,476.0,-4544.3,298.11861733209486,-5460.0,-4020.0,1440.0,-4972.0,-4412.0,560.0,248.4102564102564,1108.0,9583.7,851.2815691649855,8560.0,11632.0,3072.0,9380.0,11508.0,2128.0,319.38461538461536,1044.0,-574.575,346.87323963517275,-1319.0,237.0,1556.0,-134.0,-1225.0,-1091.0,223.46153846153845,768.0,1687.9,1303.3123915623605,-1599.0,4054.0,5653.0,-1599.0,2950.0,4549.0,381.1025641025641,1232.0,-60.325,436.29017794926347,-1027.0,1121.0,2148.0,134.0,315.0,181.0,298.6923076923077,1323.0,exercise_1_loose_fist,exercise_1_loose_fist_9
0.2,0.4000000000000001,0.0,1.0,1.0,1.0,0.0,-1.0,0.02564102564102564,1.0,0.175,0.37996710383926624,0.0,1.0,1.0,1.0,0.0,-1.0,0.02564102564102564,1.0,0.175,0.37996710383926624,0.0,1.0,1.0,1.0,0.0,-1.0,0.02564102564102564,1.0,0.225,0.4175823272122518,0.0,1.0,1.0,1.0,0.0,-1.0,0.02564102564102564,1.0,0.0,0.0,0.0,0.0,0.0,0.0,0.0,0.0,0.0,0.0,11292.5,1861.6116002002136,7920.0,13652.0,5732.0,13640.0,7920.0,-5720.0,227.07692307692307,596.0,-4493.5,307.7826343379366,-5460.0,-4020.0,1440.0,-4252.0,-4276.0,-24.0,269.3333333333333,1108.0,11755.3,1896.8622274693544,8560.0,14728.0,6168.0,9224.0,14420.0,5196.0,363.38461538461536,1044.0,-892.8,422.33974475533324,-1869.0,152.0,2021.0,-696.0,-705.0,-9.0,285.61538461538464,835.0,3144.05,962.2378071454061,1211.0,5373.0,4162.0,1256.0,2737.0,1481.0,455.35897435897436,1255.0,-421.8,701.2350960983056,-1831.0,1121.0,2952.0,184.0,-335.0,-519.0,376.43589743589746,1323.0,exercise_1_loose_fist,exercise_1_loose_fist_9
0.0,0.0,0.0,0.0,0.0,0.0,0.0,0.0,0.0,0.0,0.0,0.0,0.0,0.0,0.0,0.0,0.0,0.0,0.0,0.0,0.0,0.0,0.0,0.0,0.0,0.0,0.0,0.0,0.0,0.0,0.0,0.0,0.0,0.0,0.0,0.0,0.0,0.0,0.0,0.0,0.0,0.0,0.0,0.0,0.0,0.0,0.0,0.0,0.0,0.0,8250.3,1696.6083549246127,5960.0,11640.0,5680.0,11640.0,7032.0,-4608.0,296.8205128205128,1024.0,-4523.5,275.3182703708564,-5256.0,-3504.0,1752.0,-4996.0,-4588.0,408.0,231.17948717948718,1444.0,14321.1,1206.162174004806,11460.0,15840.0,4380.0,11460.0,15132.0,3672.0,375.79487179487177,976.0,-919.475,634.327675082051,-2321.0,1575.0,3896.0,-805.0,1575.0,2380.0,390.2564102564103,1225.0,2596.775,1823.3216596023312,-3640.0,5373.0,9013.0,3112.0,-3640.0,-6752.0,598.3076923076923,2278.0,-592.35,988.566956508258,-1975.0,3841.0,5816.0,217.0,3841.0,3624.0,485.0769230769231,2503.0,exercise_1_loose_fist,exercise_1_loose_fist_9
0.0,0.0,0.0,0.0,0.0,0.0,0.0,0.0,0.0,0.0,0.0,0.0,0.0,0.0,0.0,0.0,0.0,0.0,0.0,0.0,0.0,0.0,0.0,0.0,0.0,0.0,0.0,0.0,0.0,0.0,0.0,0.0,0.0,0.0,0.0,0.0,0.0,0.0,0.0,0.0,0.0,0.0,0.0,0.0,0.0,0.0,0.0,0.0,0.0,0.0,8085.2,1593.5580817780067,5960.0,11576.0,5616.0,8240.0,11576.0,3336.0,338.2564102564103,1380.0,-4739.8,504.2546578862708,-6224.0,-3504.0,2720.0,-4336.0,-5896.0,-1560.0,363.0769230769231,1448.0,14320.0,1238.25263981144,11228.0,15840.0,4612.0,14604.0,11516.0,-3088.0,509.3333333333333,1344.0,-403.525,750.2748825430585,-2321.0,1575.0,3896.0,-512.0,-1142.0,-630.0,486.8205128205128,1548.0,-410.925,2616.9356926327014,-5851.0,5184.0,11035.0,2680.0,-3920.0,-6600.0,1209.128205128205,4576.0,740.85,1459.974872215272,-1975.0,3841.0,5816.0,-584.0,1956.0,2540.0,813.4871794871794,2503.0,exercise_1_loose_fist,exercise_1_loose_fist_9
0.0,0.0,0.0,0.0,0.0,0.0,0.0,0.0,0.0,0.0,0.0,0.0,0.0,0.0,0.0,0.0,0.0,0.0,0.0,0.0,0.0,0.0,0.0,0.0,0.0,0.0,0.0,0.0,0.0,0.0,0.0,0.0,0.0,0.0,0.0,0.0,0.0,0.0,0.0,0.0,0.0,0.0,0.0,0.0,0.0,0.0,0.0,0.0,0.0,0.0,2145.7,270.1331338432959,1776.0,2692.0,916.0,1900.0,2504.0,604.0,119.6923076923077,400.0,-10826.4,198.78390276881072,-11176.0,-10316.0,860.0,-11016.0,-11024.0,-8.0,169.02564102564102,532.0,12832.7,246.2241052374848,12108.0,13232.0,1124.0,12108.0,12492.0,384.0,128.6153846153846,460.0,-319.675,582.0567149127309,-1372.0,1256.0,2628.0,1256.0,-341.0,-1597.0,239.51282051282053,808.0,1050.75,355.9657111295974,145.0,2035.0,1890.0,749.0,2035.0,1286.0,262.15384615384613,927.0,-214.425,452.2514172172377,-1554.0,468.0,2022.0,-254.0,-1345.0,-1091.0,322.53846153846155,1514.0,exercise_2_fingers_straight,exercise_2_fingers_straight_4
0.0,0.0,0.0,0.0,0.0,0.0,0.0,0.0,0.0,0.0,0.0,0.0,0.0,0.0,0.0,0.0,0.0,0.0,0.0,0.0,0.0,0.0,0.0,0.0,0.0,0.0,0.0,0.0,0.0,0.0,0.0,0.0,0.0,0.0,0.0,0.0,0.0,0.0,0.0,0.0,0.0,0.0,0.0,0.0,0.0,0.0,0.0,0.0,0.0,0.0,2065.5,451.4578053373316,1336.0,2896.0,1560.0,1892.0,1452.0,-440.0,172.10256410256412,560.0,-10781.8,196.3343067321654,-11176.0,-10212.0,964.0,-10816.0,-10860.0,-44.0,217.12820512820514,664.0,12971.1,206.13488302565386,12492.0,13356.0,864.0,13148.0,13116.0,-32.0,160.6153846153846,460.0,-570.875,422.31825602855486,-1428.0,296.0,1724.0,-529.0,-234.0,295.0,272.38461538461536,808.0,1854.25,1267.7717016482109,145.0,5132.0,4987.0,1042.0,1182.0,140.0,530.5641025641025,1907.0,-677.45,730.5122158458405,-2389.0,203.0,2592.0,10.0,203.0,193.0,449.46153846153845,1514.0,exercise_2_fingers_straight,exercise_2_fingers_straight_4
0.0,0.0,0.0,0.0,0.0,0.0,0.0,0.0,0.0,0.0,0.0,0.0,0.0,0.0,0.0,0.0,0.0,0.0,0.0,0.0,0.0,0.0,0.0,0.0,0.0,0.0,0.0,0.0,0.0,0.0,0.0,0.0,0.0,0.0,0.0,0.0,0.0,0.0,0.0,0.0,0.0,0.0,0.0,0.0,0.0,0.0,0.0,0.0,0.0,0.0,1988.1,525.6283763268493,1336.0,3296.0,1960.0,2896.0,2836.0,-60.0,237.23076923076923,964.0,-10541.8,279.6668732617433,-11000.0,-9920.0,1080.0,-10804.0,-9920.0,884.0,290.97435897435895,664.0,13188.8,208.23294648061818,12748.0,13616.0,868.0,12900.0,13512.0,612.0,167.28205128205127,840.0,-283.275,475.1513436527356,-1428.0,1000.0,2428.0,-65.0,-333.0,-268.0,272.3076923076923,1230.0,1290.4,1778.3326994688025,-2520.0,5132.0,7652.0,2852.0,726.0,-2126.0,695.3846153846154,2550.0,-215.225,994.5858054361121,-2389.0,1760.0,4149.0,-1753.0,155.0,1908.0,529.6923076923077,1499.0,exercise_2_fingers_straight,exercise_2_fingers_straight_4
0.0,0.0,0.0,0.0,0.0,0.0,0.0,0.0,0.0,0.0,0.0,0.0,0.0,0.0,0.0,0.0,0.0,0.0,0.0,0.0,0.0,0.0,0.0,0.0,0.0,0.0,0.0,0.0,0.0,0.0,0.0,0.0,0.0,0.0,0.0,0.0,0.0,0.0,0.0,0.0,0.0,0.0,0.0,0.0,0.0,0.0,0.0,0.0,0.0,0.0,3185.8,1328.3234395281897,1360.0,5360.0,4000.0,1528.0,5240.0,3712.0,252.51282051282053,964.0,-10260.7,282.6558154363713,-10908.0,-9704.0,1204.0,-10396.0,-10284.0,112.0,292.71794871794873,920.0,13116.6,416.6192986408575,12340.0,14124.0,1784.0,13176.0,12620.0,-556.0,243.3846153846154,1152.0,-263.525,415.9270962260093,-1017.0,1000.0,2017.0,-284.0,-167.0,117.0,325.1025641025641,1230.0,-451.525,1414.8694990616627,-4729.0,1455.0,6184.0,1015.0,-76.0,-1091.0,843.4615384615385,2863.0,421.025,554.4184560194583,-703.0,1760.0,2463.0,-345.0,650.0,995.0,589.2051282051282,1726.0,exercise_2_fingers_straight,exercise_2_fingers_straight_4
0.0,0.0,0.0,0.0,0.0,0.0,0.0,0.0,0.0,0.0,0.0,0.0,0.0,0.0,0.0,0.0,0.0,0.0,0.0,0.0,0.0,0.0,0.0,0.0,0.0,0.0,0.0,0.0,0.0,0.0,0.0,0.0,0.0,0.0,0.0,0.0,0.0,0.0,0.0,0.0,0.0,0.0,0.0,0.0,0.0,0.0,0.0,0.0,0.0,0.0,5001.3,1074.205711211777,2452.0,6220.0,3768.0,2868.0,6120.0,3252.0,191.89743589743588,936.0,-10101.7,196.64157749570666,-10624.0,-9632.0,992.0,-10192.0,-10188.0,4.0,243.3846153846154,920.0,12685.8,445.1291497981232,12140.0,14124.0,1984.0,13572.0,12232.0,-1340.0,193.12820512820514,1152.0,-448.7,306.76947370949415,-1017.0,265.0,1282.0,-297.0,-121.0,176.0,288.7692307692308,908.0,-116.1,1410.7287443020361,-4729.0,1592.0,6321.0,347.0,1592.0,1245.0,640.7435897435897,2863.0,245.675,456.1755905076465,-703.0,1254.0,1957.0,714.0,936.0,222.0,436.2564102564103,1726.0,exercise_2_fingers_straight,exercise_2_fingers_straight_4
0.0,0.0,0.0,0.0,0.0,0.0,0.0,0.0,0.0,0.0,0.0,0.0,0.0,0.0,0.0,0.0,0.0,0.0,0.0,0.0,0.0,0.0,0.0,0.0,0.0,0.0,0.0,0.0,0.0,0.0,0.0,0.0,0.0,0.0,0.0,0.0,0.0,0.0,0.0,0.0,0.0,0.0,0.0,0.0,0.0,0.0,0.0,0.0,0.0,0.0,5257.8,855.776582993482,2924.0,6220.0,3296.0,5412.0,2924.0,-2488.0,183.5897435897436,492.0,-10190.4,282.43909077887923,-10932.0,-9632.0,1300.0,-10428.0,-10216.0,212.0,316.0,1076.0,12570.7,291.1486046677881,12140.0,13352.0,1212.0,12576.0,12632.0,56.0,162.66666666666666,764.0,-506.0,470.8039931861241,-1935.0,439.0,2374.0,-254.0,-1935.0,-1681.0,368.84615384615387,1270.0,1448.0,1046.9128187198778,62.0,3922.0,3860.0,338.0,3922.0,3584.0,469.64102564102564,2259.0,369.15,813.1001952404143,-1383.0,2296.0,3679.0,91.0,-373.0,-464.0,673.1794871794872,2528.0,exercise_2_fingers_straight,exercise_2_fingers_straight_4
0.0,0.0,0.0,0.0,0.0,0.0,0.0,0.0,0.0,0.0,0.0,0.0,0.0,0.0,0.0,0.0,0.0,0.0,0.0,0.0,0.0,0.0,0.0,0.0,0.0,0.0,0.0,0.0,0.0,0.0,0.0,0.0,0.0,0.0,0.0,0.0,0.0,0.0,0.0,0.0,0.0,0.0,0.0,0.0,0.0,0.0,0.0,0.0,0.0,0.0,3196.0,1813.1023137153622,612.0,5948.0,5336.0,5948.0,1240.0,-4708.0,279.8974358974359,1196.0,-10617.2,409.3079036617788,-11148.0,-9756.0,1392.0,-10088.0,-10976.0,-888.0,309.12820512820514,1076.0,12816.5,296.84364571268827,12372.0,13352.0,980.0,12512.0,12872.0,360.0,264.4102564102564,800.0,-701.65,641.4462779531892,-2608.0,473.0,3081.0,-342.0,-698.0,-356.0,460.61538461538464,1270.0,2444.1,1229.387729725655,428.0,5409.0,4981.0,1378.0,867.0,-511.0,750.2820512820513,2259.0,170.0,1041.0674569882588,-2453.0,2296.0,4749.0,170.0,-233.0,-403.0,902.025641025641,2528.0,exercise_2_fingers_straight,exercise_2_fingers_straight_4
0.0,0.0,0.0,0.0,0.0,0.0,0.0,0.0,0.0,0.0,0.0,0.0,0.0,0.0,0.0,0.0,0.0,0.0,0.0,0.0,0.0,0.0,0.0,0.0,0.0,0.0,0.0,0.0,0.0,0.0,0.0,0.0,0.0,0.0,0.0,0.0,0.0,0.0,0.0,0.0,0.0,0.0,0.0,0.0,0.0,0.0,0.0,0.0,0.0,0.0,2309.6,1270.1177268269269,612.0,4512.0,3900.0,3980.0,4512.0,532.0,417.53846153846155,2624.0,-10549.1,636.8158210974347,-11376.0,-9072.0,2304.0,-10460.0,-9072.0,1388.0,256.5128205128205,980.0,13079.5,388.0331815708548,12420.0,14092.0,1672.0,13052.0,13792.0,740.0,315.5897435897436,1164.0,-154.6,968.0207332490354,-2608.0,2178.0,4786.0,-2608.0,553.0,3161.0,487.20512820512823,1398.0,1079.0,2025.0117900891344,-2865.0,5409.0,8274.0,4614.0,-475.0,-5089.0,913.2564102564103,2636.0,-494.525,871.1456533640054,-2878.0,1171.0,4049.0,-1153.0,-552.0,601.0,747.4102564102565,2466.0,exercise_2_fingers_straight,exercise_2_fingers_straight_4
0.0,0.0,0.0,0.0,0.0,0.0,0.0,0.0,0.0,0.0,0.0,0.0,0.0,0.0,0.0,0.0,0.0,0.0,0.0,0.0,0.0,0.0,0.0,0.0,0.0,0.0,0.0,0.0,0.0,0.0,0.025,0.15612494995995996,0.0,1.0,1.0,0.0,1.0,1.0,0.02564102564102564,1.0,0.0,0.0,0.0,0.0,0.0,0.0,0.0,0.0,0.0,0.0,4286.6,1610.3133980688353,612.0,6376.0,5764.0,1160.0,6376.0,5216.0,360.20512820512823,2624.0,-9366.6,956.9416074139531,-11376.0,-8176.0,3200.0,-10968.0,-8960.0,2008.0,253.12820512820514,980.0,13449.9,399.60479226355625,12420.0,14092.0,1672.0,12732.0,13384.0,652.0,252.82051282051282,1164.0,123.65,858.4521696052728,-1960.0,2178.0,4138.0,-743.0,-1672.0,-929.0,429.7692307692308,1398.0,-302.775,889.983440506058,-2865.0,888.0,3753.0,580.0,-252.0,-832.0,706.8717948717949,2636.0,-269.125,804.5590465435089,-2878.0,877.0,3755.0,-181.0,190.0,371.0,565.1025641025641,2466.0,exercise_2_fingers_straight,exercise_2_fingers_straight_4
0.0,0.0,0.0,0.0,0.0,0.0,0.0,0.0,0.0,0.0,0.0,0.0,0.0,0.0,0.0,0.0,0.0,0.0,0.0,0.0,0.0,0.0,0.0,0.0,0.0,0.0,0.0,0.0,0.0,0.0,0.5,0.5,0.0,1.0,1.0,0.0,0.0,0.0,0.05128205128205128,1.0,0.0,0.0,0.0,0.0,0.0,0.0,0.0,0.0,0.0,0.0,5483.5,697.8338985747254,3596.0,6376.0,2780.0,4692.0,4244.0,-448.0,245.74358974358975,932.0,-9043.3,755.1205930180954,-11268.0,-8176.0,3092.0,-8884.0,-10384.0,-1500.0,487.6923076923077,2228.0,13341.5,376.8189883750552,12520.0,13988.0,1468.0,13616.0,13076.0,-540.0,212.0,712.0,-705.825,842.8687883502389,-2521.0,825.0,3346.0,550.0,-626.0,-1176.0,487.8974358974359,1692.0,1022.0,1339.7877070640707,-1330.0,4761.0,6091.0,-175.0,4761.0,4936.0,591.2820512820513,1923.0,333.55,962.559711134847,-1935.0,3174.0,5109.0,-427.0,647.0,1074.0,1050.2051282051282,5011.0,exercise_2_fingers_straight,exercise_2_fingers_straight_4
0.0,0.0,0.0,0.0,0.0,0.0,0.0,0.0,0.0,0.0,0.0,0.0,0.0,0.0,0.0,0.0,0.0,0.0,0.0,0.0,0.0,0.0,0.0,0.0,0.0,0.0,0.0,0.0,0.0,0.0,0.475,0.4993746088859546,0.0,1.0,1.0,1.0,0.0,-1.0,0.02564102564102564,1.0,0.0,0.0,0.0,0.0,0.0,0.0,0.0,0.0,0.0,0.0,3895.2,1681.161312902483,1568.0,6292.0,4724.0,6228.0,1732.0,-4496.0,280.8205128205128,932.0,-10108.5,854.2169220988309,-11404.0,-8688.0,2716.0,-8688.0,-10964.0,-2276.0,555.1794871794872,2228.0,13032.3,251.9244132671544,12520.0,13596.0,1076.0,12900.0,12900.0,0.0,207.17948717948718,712.0,-1084.3,606.2918933978913,-2521.0,-164.0,2357.0,-1561.0,-261.0,1300.0,565.5897435897435,1692.0,2460.025,1229.8225784132442,751.0,5588.0,4837.0,1447.0,751.0,-696.0,796.3589743589744,2535.0,61.65,1145.2071985016512,-2033.0,3174.0,5207.0,541.0,-211.0,-752.0,1288.923076923077,5011.0,exercise_2_fingers_straight,exercise_2_fingers_straight_4
0.0,0.0,0.0,0.0,0.0,0.0,0.0,0.0,0.0,0.0,0.0,0.0,0.0,0.0,0.0,0.0,0.0,0.0,0.0,0.0,0.0,0.0,0.0,0.0,0.0,0.0,0.0,0.0,0.0,0.0,0.0,0.0,0.0,0.0,0.0,0.0,0.0,0.0,0.0,0.0,0.0,0.0,0.0,0.0,0.0,0.0,0.0,0.0,0.0,0.0,2409.3,703.7024300085939,1568.0,4004.0,2436.0,4004.0,3212.0,-792.0,273.84615384615387,1092.0,-10719.6,349.39238686611355,-11404.0,-9612.0,1792.0,-10356.0,-10492.0,-136.0,330.05128205128204,1064.0,12977.5,313.47304509319457,12080.0,13724.0,1644.0,13252.0,13124.0,-128.0,273.84615384615387,1644.0,-483.35,860.3787116729469,-2181.0,1322.0,3503.0,-1250.0,784.0,2034.0,491.84615384615387,1836.0,1161.975,2071.0293996887153,-3089.0,5588.0,8677.0,4485.0,-288.0,-4773.0,986.5384615384615,4318.0,60.325,926.8400991406229,-2033.0,2550.0,4583.0,-1559.0,-117.0,1442.0,798.0512820512821,3026.0,exercise_2_fingers_straight,exercise_2_fingers_straight_4
0.0,0.0,0.0,0.0,0.0,0.0,0.0,0.0,0.0,0.0,0.0,0.0,0.0,0.0,0.0,0.0,0.0,0.0,0.0,0.0,0.0,0.0,0.0,0.0,0.0,0.0,0.0,0.0,0.0,0.0,0.325,0.46837484987987993,0.0,1.0,1.0,0.0,1.0,1.0,0.02564102564102564,1.0,0.0,0.0,0.0,0.0,0.0,0.0,0.0,0.0,0.0,0.0,3599.7,1370.436539939008,1608.0,6048.0,4440.0,1868.0,5840.0,3972.0,268.8205128205128,1092.0,-10082.6,743.5942710914333,-11168.0,-8908.0,2260.0,-10604.0,-9084.0,1520.0,268.3076923076923,1064.0,13132.9,355.61382144118073,12080.0,13748.0,1668.0,13028.0,13008.0,-20.0,300.20512820512823,1644.0,31.85,615.1790206923511,-1122.0,1322.0,2444.0,311.0,-146.0,-457.0,479.5128205128205,1836.0,-311.075,855.1137756901124,-3089.0,1229.0,4318.0,-13.0,898.0,911.0,773.2051282051282,4318.0,91.75,847.1227700280521,-1824.0,2550.0,4374.0,569.0,199.0,-370.0,774.5641025641025,3026.0,exercise_2_fingers_straight,exercise_2_fingers_straight_4
0.0,0.0,0.0,0.0,0.0,0.0,0.0,0.0,0.0,0.0,0.2,0.40000000000000013,0.0,1.0,1.0,0.0,0.0,0.0,0.05128205128205128,1.0,0.0,0.0,0.0,0.0,0.0,0.0,0.0,0.0,0.0,0.0,0.65,0.47696960070847266,0.0,1.0,1.0,0.0,0.0,0.0,0.05128205128205128,1.0,0.0,0.0,0.0,0.0,0.0,0.0,0.0,0.0,0.0,0.0,5028.7,729.9078777489661,3212.0,6280.0,3068.0,3212.0,4416.0,1204.0,239.69230769230768,576.0,-9367.4,439.18611089149886,-10600.0,-8584.0,2016.0,-9936.0,-9360.0,576.0,386.87179487179486,2016.0,13298.4,190.94459929518825,12936.0,13748.0,812.0,13304.0,13256.0,-48.0,220.71794871794873,812.0,-351.125,546.9677407078044,-1846.0,1035.0,2881.0,-272.0,-578.0,-306.0,388.7692307692308,1310.0,802.525,1168.2803599200834,-1058.0,3018.0,4076.0,-671.0,2633.0,3304.0,493.4871794871795,1272.0,23.05,785.1415461558507,-1470.0,2329.0,3799.0,-1470.0,15.0,1485.0,786.2307692307693,2513.0,exercise_2_fingers_straight,exercise_2_fingers_straight_4
0.0,0.0,0.0,0.0,0.0,0.0,0.0,0.0,0.0,0.0,0.2,0.40000000000000013,0.0,1.0,1.0,0.0,0.0,0.0,0.05128205128205128,1.0,0.0,0.0,0.0,0.0,0.0,0.0,0.0,0.0,0.0,0.0,0.325,0.4683748498798798,0.0,1.0,1.0,1.0,0.0,-1.0,0.02564102564102564,1.0,0.0,0.0,0.0,0.0,0.0,0.0,0.0,0.0,0.0,0.0,4194.9,1199.5535794619598,2344.0,6280.0,3936.0,6280.0,3140.0,-3140.0,258.15384615384613,712.0,-9548.5,502.5902406533577,-10600.0,-8584.0,2016.0,-9092.0,-9928.0,-836.0,486.05128205128204,2016.0,13445.3,292.0594288839174,12948.0,14124.0,1176.0,13388.0,13432.0,44.0,221.43589743589743,456.0,-906.525,680.9028560484968,-3186.0,365.0,3551.0,-92.0,-770.0,-678.0,500.87179487179486,2285.0,2275.8,1236.4003437398421,372.0,5323.0,4951.0,542.0,1045.0,503.0,758.4358974358975,2677.0,-391.6,1218.430051336555,-4829.0,2329.0,7158.0,40.0,-705.0,-745.0,928.5384615384615,4713.0,exercise_2_fingers_straight,exercise_2_fingers_straight_4
0.0,0.0,0.0,0.0,0.0,0.0,0.0,0.0,0.0,0.0,0.0,0.0,0.0,0.0,0.0,0.0,0.0,0.0,0.0,0.0,0.0,0.0,0.0,0.0,0.0,0.0,0.0,0.0,0.0,0.0,0.0,0.0,0.0,0.0,0.0,0.0,0.0,0.0,0.0,0.0,0.0,0.0,0.0,0.0,0.0,0.0,0.0,0.0,0.0,0.0,3358.1,522.8192708766578,2344.0,4464.0,2120.0,4200.0,3632.0,-568.0,357.94871794871796,1112.0,-9808.9,421.7112637812749,-10580.0,-9044.0,1536.0,-9580.0,-9340.0,240.0,365.7435897435897,1348.0,13543.8,383.6414471873444,12668.0,14152.0,1484.0,13556.0,14152.0,596.0,242.15384615384616,716.0,-398.85,1108.7029031710886,-3186.0,2397.0,5583.0,-566.0,222.0,788.0,587.2307692307693,2285.0,1451.325,1846.3721914540959,-1968.0,5323.0,7291.0,3423.0,403.0,-3020.0,1093.7948717948718,4168.0,-244.275,1298.1877173101739,-4829.0,1698.0,6527.0,-468.0,576.0,1044.0,787.5897435897435,4713.0,exercise_2_fingers_straight,exercise_2_fingers_straight_4
0.0,0.0,0.0,0.0,0.0,0.0,0.0,0.0,0.0,0.0,0.0,0.0,0.0,0.0,0.0,0.0,0.0,0.0,0.0,0.0,0.0,0.0,0.0,0.0,0.0,0.0,0.0,0.0,0.0,0.0,0.15,0.3570714214271425,0.0,1.0,1.0,0.0,1.0,1.0,0.02564102564102564,1.0,0.0,0.0,0.0,0.0,0.0,0.0,0.0,0.0,0.0,0.0,3755.5,429.81408771700353,2720.0,4540.0,1820.0,3036.0,4292.0,1256.0,299.6923076923077,1112.0,-9337.8,600.2392522986147,-10580.0,-8452.0,2128.0,-10140.0,-8908.0,1232.0,248.4102564102564,752.0,13753.5,467.35227612583634,12668.0,14360.0,1692.0,13184.0,13960.0,776.0,230.56410256410257,716.0,40.425,702.6637847327837,-960.0,2397.0,3357.0,-794.0,-191.0,603.0,435.20512820512823,2120.0,381.525,907.6067426892553,-1968.0,2856.0,4824.0,634.0,724.0,90.0,790.3076923076923,4168.0,391.0,638.6311924734024,-639.0,1698.0,2337.0,-476.0,-24.0,452.0,485.53846153846155,2066.0,exercise_2_fingers_straight,exercise_2_fingers_straight_4
0.0,0.0,0.0,0.0,0.0,0.0,0.0,0.0,0.0,0.0,0.0,0.0,0.0,0.0,0.0,0.0,0.0,0.0,0.0,0.0,0.0,0.0,0.0,0.0,0.0,0.0,0.0,0.0,0.0,0.0,0.65,0.4769696007084728,0.0,1.0,1.0,0.0,1.0,1.0,0.02564102564102564,1.0,0.0,0.0,0.0,0.0,0.0,0.0,0.0,0.0,0.0,0.0,4115.9,360.68544467444207,3444.0,4624.0,1180.0,3800.0,3592.0,-208.0,153.02564102564102,816.0,-8688.9,229.00740162710898,-9180.0,-8072.0,1108.0,-9180.0,-8072.0,1108.0,181.02564102564102,488.0,14095.8,157.72875451229555,13648.0,14512.0,864.0,13648.0,14108.0,460.0,158.46153846153845,524.0,-339.8,264.67585836263953,-960.0,315.0,1275.0,-144.0,-327.0,-183.0,255.15384615384616,1114.0,919.2,650.6320465516588,-396.0,2683.0,3079.0,359.0,2683.0,2324.0,390.1025641025641,1395.0,284.2,600.2424593445553,-639.0,2922.0,3561.0,113.0,2922.0,2809.0,462.2307692307692,3162.0,exercise_2_fingers_straight,exercise_2_fingers_straight_4
0.0,0.0,0.0,0.0,0.0,0.0,0.0,0.0,0.0,0.0,0.0,0.0,0.0,0.0,0.0,0.0,0.0,0.0,0.0,0.0,0.0,0.0,0.0,0.0,0.0,0.0,0.0,0.0,0.0,0.0,0.725,0.4465142774872938,0.0,1.0,1.0,1.0,0.0,-1.0,0.02564102564102564,1.0,0.0,0.0,0.0,0.0,0.0,0.0,0.0,0.0,0.0,0.0,3463.9,925.6951928145679,1872.0,4624.0,2752.0,4496.0,2260.0,-2236.0,207.89743589743588,680.0,-8947.9,639.7883947056246,-10328.0,-8072.0,2256.0,-8656.0,-10248.0,-1592.0,334.7692307692308,1164.0,14085.3,315.57869066209145,13304.0,14660.0,1356.0,14236.0,13304.0,-932.0,159.07692307692307,512.0,-942.575,905.3380553003392,-3886.0,362.0,4248.0,-51.0,-1533.0,-1482.0,357.64102564102564,1607.0,1665.675,882.4331529215116,264.0,4786.0,4522.0,264.0,2117.0,1853.0,535.9230769230769,2335.0,101.425,1175.7446127348405,-4576.0,2922.0,7498.0,254.0,-810.0,-1064.0,1029.4871794871794,3603.0,exercise_2_fingers_straight,exercise_2_fingers_straight_4
0.0,0.0,0.0,0.0,0.0,0.0,0.0,0.0,0.0,0.0,0.0,0.0,0.0,0.0,0.0,0.0,0.0,0.0,0.0,0.0,0.0,0.0,0.0,0.0,0.0,0.0,0.0,0.0,0.0,0.0,0.0,0.0,0.0,0.0,0.0,0.0,0.0,0.0,0.0,0.0,0.0,0.0,0.0,0.0,0.0,0.0,0.0,0.0,0.0,0.0,4510.2,737.6063719898303,2668.0,5276.0,2608.0,4844.0,2668.0,-2176.0,139.07692307692307,600.0,-12029.9,158.2428197423188,-12360.0,-11652.0,708.0,-12036.0,-11684.0,352.0,149.94871794871796,528.0,10953.5,418.67666522031055,10424.0,11928.0,1504.0,10764.0,11928.0,1164.0,158.66666666666666,380.0,-504.8,218.65328719230362,-1037.0,94.0,1131.0,-614.0,-492.0,122.0,211.69230769230768,632.0,2018.625,1145.8080268417568,-397.0,4050.0,4447.0,663.0,2789.0,2126.0,427.5897435897436,1589.0,-85.425,306.8811567610498,-893.0,376.0,1269.0,16.0,144.0,128.0,223.33333333333334,838.0,exercise_2_fingers_straight,exercise_2_fingers_straight_5
0.0,0.0,0.0,0.0,0.0,0.0,0.0,0.0,0.0,0.0,0.0,0.0,0.0,0.0,0.0,0.0,0.0,0.0,0.0,0.0,0.0,0.0,0.0,0.0,0.0,0.0,0.0,0.0,0.0,0.0,0.0,0.0,0.0,0.0,0.0,0.0,0.0,0.0,0.0,0.0,0.0,0.0,0.0,0.0,0.0,0.0,0.0,0.0,0.0,0.0,3416.3,785.153940319986,2264.0,5060.0,2796.0,5060.0,3276.0,-1784.0,244.30769230769232,600.0,-12069.3,244.16615244541984,-13148.0,-11652.0,1496.0,-12120.0,-12120.0,0.0,199.7948717948718,1136.0,11351.6,348.29619578743603,10560.0,12028.0,1468.0,10560.0,11212.0,652.0,204.2051282051282,820.0,-546.025,433.5240182215975,-1459.0,552.0,2011.0,-437.0,550.0,987.0,366.64102564102564,1315.0,1689.65,1710.784068051839,-2418.0,4050.0,6468.0,1971.0,-1260.0,-3231.0,638.6923076923077,2360.0,-114.4,425.51074016997495,-893.0,1073.0,1966.0,-38.0,632.0,670.0,395.3333333333333,1239.0,exercise_2_fingers_straight,exercise_2_fingers_straight_5
0.0,0.0,0.0,0.0,0.0,0.0,0.0,0.0,0.0,0.0,0.0,0.0,0.0,0.0,0.0,0.0,0.0,0.0,0.0,0.0,0.0,0.0,0.0,0.0,0.0,0.0,0.0,0.0,0.0,0.0,0.0,0.0,0.0,0.0,0.0,0.0,0.0,0.0,0.0,0.0,0.0,0.0,0.0,0.0,0.0,0.0,0.0,0.0,0.0,0.0,3849.2,1107.6866704984764,2264.0,5640.0,3376.0,2264.0,5584.0,3320.0,256.0,648.0,-12040.4,268.7895831314897,-13148.0,-11472.0,1676.0,-12068.0,-11832.0,236.0,213.84615384615384,1136.0,11206.6,374.73035638976467,10340.0,12028.0,1688.0,12028.0,10656.0,-1372.0,213.23076923076923,820.0,-455.075,490.57539621856296,-1459.0,552.0,2011.0,-1206.0,-395.0,811.0,349.71794871794873,1315.0,-101.825,1272.6448421987184,-2672.0,2563.0,5235.0,2465.0,710.0,-1755.0,778.1794871794872,2596.0,101.125,441.1993986566618,-857.0,1359.0,2216.0,472.0,197.0,-275.0,454.84615384615387,1471.0,exercise_2_fingers_straight,exercise_2_fingers_straight_5
0.0,0.0,0.0,0.0,0.0,0.0,0.0,0.0,0.0,0.0,0.0,0.0,0.0,0.0,0.0,0.0,0.0,0.0,0.0,0.0,0.0,0.0,0.0,0.0,0.0,0.0,0.0,0.0,0.0,0.0,0.0,0.0,0.0,0.0,0.0,0.0,0.0,0.0,0.0,0.0,0.0,0.0,0.0,0.0,0.0,0.0,0.0,0.0,0.0,0.0,5288.8,662.6716834149472,3528.0,6344.0,2816.0,3924.0,6088.0,2164.0,203.17948717948718,692.0,-11750.5,336.29592623164496,-12320.0,-10676.0,1644.0,-12012.0,-11324.0,688.0,199.5897435897436,684.0,10871.1,262.82996404519787,10340.0,11596.0,1256.0,11232.0,10928.0,-304.0,186.25641025641025,496.0,-269.975,334.8583646483987,-1100.0,850.0,1950.0,321.0,-56.0,-377.0,278.79487179487177,1338.0,295.175,1119.9572734595727,-2672.0,2219.0,4891.0,-1251.0,1624.0,2875.0,611.0,2596.0,-28.375,756.4381893948771,-2722.0,1428.0,4150.0,447.0,1068.0,621.0,483.56410256410254,2060.0,exercise_2_fingers_straight,exercise_2_fingers_straight_5
0.0,0.0,0.0,0.0,0.0,0.0,0.0,0.0,0.0,0.0,0.0,0.0,0.0,0.0,0.0,0.0,0.0,0.0,0.0,0.0,0.0,0.0,0.0,0.0,0.0,0.0,0.0,0.0,0.0,0.0,0.0,0.0,0.0,0.0,0.0,0.0,0.0,0.0,0.0,0.0,0.0,0.0,0.0,0.0,0.0,0.0,0.0,0.0,0.0,0.0,4949.8,975.3850316669823,3044.0,6344.0,3300.0,5780.0,3044.0,-2736.0,230.56410256410257,984.0,-11427.4,457.6247807975438,-12220.0,-10080.0,2140.0,-11824.0,-11444.0,380.0,383.8974358974359,2140.0,11363.9,648.1990357907052,10456.0,12448.0,1992.0,10728.0,12100.0,1372.0,201.53846153846155,648.0,-297.275,450.6812613976756,-1226.0,850.0,2076.0,-368.0,-900.0,-532.0,302.3076923076923,1338.0,2058.9,1091.4059006620773,379.0,4818.0,4439.0,538.0,4818.0,4280.0,527.4871794871794,1753.0,-46.325,1210.7391211053687,-2722.0,2552.0,5274.0,252.0,-1020.0,-1272.0,668.8205128205128,2060.0,exercise_2_fingers_straight,exercise_2_fingers_straight_5
0.0,0.0,0.0,0.0,0.0,0.0,0.0,0.0,0.0,0.0,0.0,0.0,0.0,0.0,0.0,0.0,0.0,0.0,0.0,0.0,0.0,0.0,0.0,0.0,0.0,0.0,0.0,0.0,0.0,0.0,0.0,0.0,0.0,0.0,0.0,0.0,0.0,0.0,0.0,0.0,0.0,0.0,0.0,0.0,0.0,0.0,0.0,0.0,0.0,0.0,3650.7,827.4371939911814,2200.0,5804.0,3604.0,5804.0,3744.0,-2060.0,300.61538461538464,1296.0,-11065.2,422.6716929248989,-12220.0,-10080.0,2140.0,-11040.0,-10324.0,716.0,415.0769230769231,2140.0,12337.8,510.00074509749487,11176.0,13468.0,2292.0,11176.0,13252.0,2076.0,253.02564102564102,1216.0,-110.45,636.0709453355026,-1561.0,1217.0,2778.0,306.0,267.0,-39.0,362.3333333333333,1009.0,1716.175,1784.4721192484349,-3347.0,4818.0,8165.0,2242.0,882.0,-1360.0,746.1025641025641,2094.0,242.725,1198.9664087767428,-2003.0,2552.0,4555.0,1748.0,201.0,-1547.0,774.2820512820513,1808.0,exercise_2_fingers_straight,exercise_2_fingers_straight_5
0.0,0.0,0.0,0.0,0.0,0.0,0.0,0.0,0.0,0.0,0.225,0.41758232721225164,0.0,1.0,1.0,0.0,1.0,1.0,0.02564102564102564,1.0,0.0,0.0,0.0,0.0,0.0,0.0,0.0,0.0,0.0,0.0,0.0,0.0,0.0,0.0,0.0,0.0,0.0,0.0,0.0,0.0,0.0,0.0,0.0,0.0,0.0,0.0,0.0,0.0,0.0,0.0,3385.5,495.38404294042414,2200.0,4544.0,2344.0,3228.0,3852.0,624.0,248.82051282051282,1296.0,-10367.9,587.9234559022119,-11376.0,-9464.0,1912.0,-11040.0,-9600.0,1440.0,210.66666666666666,656.0,13063.1,433.0907410693514,12148.0,13684.0,1536.0,12548.0,13600.0,1052.0,198.46153846153845,1216.0,-5.0,638.0039184832644,-1561.0,1217.0,2778.0,-332.0,-1014.0,-682.0,342.7692307692308,1009.0,542.075,1212.2799674064572,-3347.0,3112.0,6459.0,3112.0,862.0,-2250.0,573.0769230769231,2094.0,290.75,716.8120656769108,-1380.0,1924.0,3304.0,-467.0,102.0,569.0,569.8717948717949,1425.0,exercise_2_fingers_straight,exercise_2_fingers_straight_5
0.0,0.0,0.0,0.0,0.0,0.0,0.0,0.0,0.0,0.0,0.3,0.45825756949558394,0.0,1.0,1.0,0.0,0.0,0.0,0.05128205128205128,1.0,0.0,0.0,0.0,0.0,0.0,0.0,0.0,0.0,0.0,0.0,0.0,0.0,0.0,0.0,0.0,0.0,0.0,0.0,0.0,0.0,0.0,0.0,0.0,0.0,0.0,0.0,0.0,0.0,0.0,0.0,3647.0,236.3349318234611,3040.0,4048.0,1008.0,3508.0,3672.0,164.0,170.35897435897436,520.0,-10064.4,372.6347273134913,-10852.0,-9464.0,1388.0,-10512.0,-10388.0,124.0,220.82051282051282,772.0,13210.9,289.338538739657,12548.0,13684.0,1136.0,13248.0,12548.0,-700.0,160.51282051282053,528.0,-601.8,734.1482207293019,-2078.0,788.0,2866.0,556.0,-683.0,-1239.0,376.2307692307692,1638.0,1080.25,698.198673373131,-62.0,3351.0,3413.0,718.0,2248.0,1530.0,449.6923076923077,1344.0,22.6,519.4600947137325,-1452.0,1048.0,2500.0,628.0,152.0,-476.0,522.7179487179487,2007.0,exercise_2_fingers_straight,exercise_2_fingers_straight_5
0.0,0.0,0.0,0.0,0.0,0.0,0.0,0.0,0.0,0.0,0.075,0.2633913438213189,0.0,1.0,1.0,1.0,0.0,-1.0,0.02564102564102564,1.0,0.0,0.0,0.0,0.0,0.0,0.0,0.0,0.0,0.0,0.0,0.0,0.0,0.0,0.0,0.0,0.0,0.0,0.0,0.0,0.0,0.0,0.0,0.0,0.0,0.0,0.0,0.0,0.0,0.0,0.0,3181.8,567.814018847721,2232.0,4048.0,1816.0,3788.0,2668.0,-1120.0,205.53846153846155,716.0,-10682.9,520.6042546887222,-11740.0,-9696.0,2044.0,-9700.0,-11740.0,-2040.0,250.05128205128204,772.0,12820.8,289.29735567405385,12292.0,13480.0,1188.0,13268.0,12292.0,-976.0,157.33333333333334,528.0,-994.775,577.6067211996411,-2078.0,950.0,3028.0,-1189.0,950.0,2139.0,391.56410256410254,1638.0,1430.3,1133.2481899389913,-3502.0,3351.0,6853.0,1359.0,-3502.0,-4861.0,594.5384615384615,2606.0,10.375,718.3969545975261,-1452.0,3206.0,4658.0,409.0,3206.0,2797.0,659.6153846153846,2555.0,exercise_2_fingers_straight,exercise_2_fingers_straight_5
0.0,0.0,0.0,0.0,0.0,0.0,0.0,0.0,0.0,0.0,0.0,0.0,0.0,0.0,0.0,0.0,0.0,0.0,0.0,0.0,0.0,0.0,0.0,0.0,0.0,0.0,0.0,0.0,0.0,0.0,0.0,0.0,0.0,0.0,0.0,0.0,0.0,0.0,0.0,0.0,0.0,0.0,0.0,0.0,0.0,0.0,0.0,0.0,0.0,0.0,3278.6,755.8510699866741,2232.0,4620.0,2388.0,3688.0,4400.0,712.0,247.3846153846154,868.0,-11008.2,305.0651733646435,-11740.0,-10476.0,1264.0,-10868.0,-10680.0,188.0,189.84615384615384,728.0,12487.4,265.26597972601013,11788.0,12916.0,1128.0,12880.0,12692.0,-188.0,213.43589743589743,1016.0,-500.55,676.5440469769871,-1969.0,1131.0,3100.0,-788.0,25.0,813.0,381.4102564102564,1654.0,554.075,1394.175480122571,-3502.0,3288.0,6790.0,2647.0,697.0,-1950.0,688.4615384615385,2606.0,173.875,656.2983386959013,-899.0,3206.0,4105.0,506.0,188.0,-318.0,620.2051282051282,3831.0,exercise_2_fingers_straight,exercise_2_fingers_straight_5
0.0,0.0,0.0,0.0,0.0,0.0,0.0,0.0,0.0,0.0,0.0,0.0,0.0,0.0,0.0,0.0,0.0,0.0,0.0,0.0,0.0,0.0,0.0,0.0,0.0,0.0,0.0,0.0,0.0,0.0,0.0,0.0,0.0,0.0,0.0,0.0,0.0,0.0,0.0,0.0,0.0,0.0,0.0,0.0,0.0,0.0,0.0,0.0,0.0,0.0,4150.2,518.1451148085833,2564.0,4728.0,2164.0,2564.0,3936.0,1372.0,200.10256410256412,868.0,-10832.2,229.94599365938075,-11604.0,-10476.0,1128.0,-11604.0,-10908.0,696.0,138.05128205128204,624.0,12375.7,193.71605509095008,11788.0,12804.0,1016.0,11932.0,12556.0,624.0,183.17948717948718,1016.0,-294.25,372.99938002629443,-787.0,1131.0,1918.0,-704.0,21.0,725.0,274.1794871794872,993.0,531.575,947.5786745041281,-1470.0,2291.0,3761.0,-1470.0,1933.0,3403.0,448.6923076923077,2508.0,155.275,361.17571814146083,-899.0,1394.0,2293.0,-625.0,580.0,1205.0,289.56410256410254,2293.0,exercise_2_fingers_straight,exercise_2_fingers_straight_5
0.0,0.0,0.0,0.0,0.0,0.0,0.0,0.0,0.0,0.0,0.0,0.0,0.0,0.0,0.0,0.0,0.0,0.0,0.0,0.0,0.0,0.0,0.0,0.0,0.0,0.0,0.0,0.0,0.0,0.0,0.0,0.0,0.0,0.0,0.0,0.0,0.0,0.0,0.0,0.0,0.0,0.0,0.0,0.0,0.0,0.0,0.0,0.0,0.0,0.0,3570.7,1013.8533966999371,1644.0,4728.0,3084.0,4348.0,2252.0,-2096.0,223.3846153846154,892.0,-10712.2,154.3889892446997,-11164.0,-10392.0,772.0,-10624.0,-10824.0,-200.0,153.23076923076923,492.0,12641.5,344.1100841300644,12240.0,13440.0,1200.0,12240.0,12896.0,656.0,126.76923076923077,496.0,-506.175,234.66592077888092,-1043.0,21.0,1064.0,-528.0,-796.0,-268.0,205.07692307692307,1064.0,1733.975,1550.9176878142175,-642.0,6375.0,7017.0,598.0,-642.0,-1240.0,539.5384615384615,2974.0,16.125,332.4900139477876,-638.0,637.0,1275.0,105.0,-441.0,-546.0,281.38461538461536,1116.0,exercise_2_fingers_straight,exercise_2_fingers_straight_5
0.0,0.0,0.0,0.0,0.0,0.0,0.0,0.0,0.0,0.0,0.0,0.0,0.0,0.0,0.0,0.0,0.0,0.0,0.0,0.0,0.0,0.0,0.0,0.0,0.0,0.0,0.0,0.0,0.0,0.0,0.0,0.0,0.0,0.0,0.0,0.0,0.0,0.0,0.0,0.0,0.0,0.0,0.0,0.0,0.0,0.0,0.0,0.0,0.0,0.0,3021.4,679.9926764311509,1644.0,4180.0,2536.0,4056.0,4180.0,124.0,253.02564102564102,892.0,-10429.8,330.5146895373941,-11164.0,-9752.0,1412.0,-10708.0,-10236.0,472.0,198.76923076923077,492.0,13054.1,317.7961453510726,12356.0,13544.0,1188.0,12436.0,12932.0,496.0,180.92307692307693,496.0,-375.6,484.69783370673315,-1043.0,847.0,1890.0,-1043.0,-762.0,281.0,275.3076923076923,1452.0,1155.75,1814.9018534069548,-918.0,6375.0,7293.0,2489.0,195.0,-2294.0,588.6666666666666,2974.0,-57.875,405.73841249627816,-830.0,637.0,1467.0,-536.0,-86.0,450.0,466.6666666666667,1316.0,exercise_2_fingers_straight,exercise_2_fingers_straight_5
0.0,0.0,0.0,0.0,0.0,0.0,0.0,0.0,0.0,0.0,0.0,0.0,0.0,0.0,0.0,0.0,0.0,0.0,0.0,0.0,0.0,0.0,0.0,0.0,0.0,0.0,0.0,0.0,0.0,0.0,0.0,0.0,0.0,0.0,0.0,0.0,0.0,0.0,0.0,0.0,0.0,0.0,0.0,0.0,0.0,0.0,0.0,0.0,0.0,0.0,3812.1,581.1282044437355,2664.0,4572.0,1908.0,2768.0,4016.0,1248.0,137.23076923076923,348.0,-10247.1,185.05239798500315,-10676.0,-9752.0,924.0,-10384.0,-10332.0,52.0,123.7948717948718,492.0,13022.2,250.40279551155172,12656.0,13544.0,888.0,13220.0,12756.0,-464.0,125.33333333333333,400.0,-398.3,460.54289702480486,-949.0,847.0,1796.0,656.0,-767.0,-1423.0,190.89743589743588,801.0,486.425,569.174528923247,-918.0,2448.0,3366.0,-918.0,833.0,1751.0,332.84615384615387,1615.0,100.425,332.39072546477587,-830.0,708.0,1538.0,278.0,-178.0,-456.0,376.05128205128204,1316.0,exercise_2_fingers_straight,exercise_2_fingers_straight_5
0.0,0.0,0.0,0.0,0.0,0.0,0.0,0.0,0.0,0.0,0.0,0.0,0.0,0.0,0.0,0.0,0.0,0.0,0.0,0.0,0.0,0.0,0.0,0.0,0.0,0.0,0.0,0.0,0.0,0.0,0.0,0.0,0.0,0.0,0.0,0.0,0.0,0.0,0.0,0.0,0.0,0.0,0.0,0.0,0.0,0.0,0.0,0.0,0.0,0.0,3747.1,763.0682734854071,1832.0,4572.0,2740.0,4224.0,1832.0,-2392.0,144.82051282051282,496.0,-10440.0,209.59389304080403,-11072.0,-10136.0,936.0,-10424.0,-10780.0,-356.0,131.7948717948718,528.0,12870.5,162.67682686848795,12524.0,13260.0,736.0,12980.0,13072.0,92.0,133.43589743589743,520.0,-679.75,280.8813584060003,-1679.0,-150.0,1529.0,-584.0,-572.0,12.0,181.3846153846154,723.0,1623.3,909.5241118299173,401.0,3887.0,3486.0,736.0,2153.0,1417.0,397.6666666666667,1615.0,102.075,359.45447469046763,-1138.0,1066.0,2204.0,116.0,-88.0,-204.0,269.6923076923077,886.0,exercise_2_fingers_straight,exercise_2_fingers_straight_5
0.0,0.0,0.0,0.0,0.0,0.0,0.0,0.0,0.0,0.0,0.0,0.0,0.0,0.0,0.0,0.0,0.0,0.0,0.0,0.0,0.0,0.0,0.0,0.0,0.0,0.0,0.0,0.0,0.0,0.0,0.0,0.0,0.0,0.0,0.0,0.0,0.0,0.0,0.0,0.0,0.0,0.0,0.0,0.0,0.0,0.0,0.0,0.0,0.0,0.0,2857.4,750.4124465918726,1768.0,4244.0,2476.0,4080.0,3480.0,-600.0,202.87179487179486,524.0,-10716.8,264.9153827168215,-11192.0,-10200.0,992.0,-10288.0,-11056.0,-768.0,194.87179487179486,636.0,12843.8,255.7795144259993,11808.0,13268.0,1460.0,12912.0,11808.0,-1104.0,176.4102564102564,828.0,-711.325,373.8855698940519,-1679.0,221.0,1900.0,-956.0,-257.0,699.0,316.3333333333333,1522.0,1185.2,1451.5374642082102,-2240.0,3887.0,6127.0,1533.0,1157.0,-376.0,596.1538461538462,3397.0,128.05,457.76494787172163,-1138.0,1066.0,2204.0,-283.0,204.0,487.0,382.94871794871796,1414.0,exercise_2_fingers_straight,exercise_2_fingers_straight_5
0.0,0.0,0.0,0.0,0.0,0.0,0.0,0.0,0.0,0.0,0.0,0.0,0.0,0.0,0.0,0.0,0.0,0.0,0.0,0.0,0.0,0.0,0.0,0.0,0.0,0.0,0.0,0.0,0.0,0.0,0.0,0.0,0.0,0.0,0.0,0.0,0.0,0.0,0.0,0.0,0.0,0.0,0.0,0.0,0.0,0.0,0.0,0.0,0.0,0.0,2898.3,568.6776855126285,1768.0,3600.0,1832.0,1992.0,3188.0,1196.0,180.2051282051282,524.0,-11199.1,504.48428122192274,-12124.0,-10276.0,1848.0,-10796.0,-11492.0,-696.0,210.87179487179486,780.0,12405.0,478.3912624620145,11592.0,13268.0,1676.0,13268.0,11860.0,-1408.0,197.33333333333334,976.0,-783.375,426.7508457812357,-1793.0,221.0,2014.0,-937.0,-508.0,429.0,349.5128205128205,1522.0,333.5,916.3727134741628,-2240.0,2047.0,4287.0,1705.0,915.0,-790.0,617.6923076923077,3397.0,307.6,475.24881904114187,-720.0,1385.0,2105.0,-338.0,486.0,824.0,426.71794871794873,1414.0,exercise_2_fingers_straight,exercise_2_fingers_straight_5
0.0,0.0,0.0,0.0,0.0,0.0,0.0,0.0,0.0,0.0,0.0,0.0,0.0,0.0,0.0,0.0,0.0,0.0,0.0,0.0,0.0,0.0,0.0,0.0,0.0,0.0,0.0,0.0,0.0,0.0,0.0,0.0,0.0,0.0,0.0,0.0,0.0,0.0,0.0,0.0,0.0,0.0,0.0,0.0,0.0,0.0,0.0,0.0,0.0,0.0,3445.1,212.18668667001705,3084.0,3860.0,776.0,3492.0,3860.0,368.0,119.7948717948718,468.0,-11705.4,423.0475623378534,-12148.0,-10276.0,1872.0,-10276.0,-11832.0,-1556.0,217.74358974358975,656.0,11787.5,359.5299013990352,11328.0,12784.0,1456.0,12784.0,11452.0,-1332.0,132.4102564102564,592.0,-730.075,363.80430092977184,-1793.0,-238.0,1555.0,-338.0,-580.0,-242.0,234.0,707.0,690.025,492.63802570954675,-1028.0,2047.0,3075.0,2047.0,1424.0,-623.0,348.43589743589746,1438.0,264.0,399.92336765935545,-403.0,1385.0,1788.0,435.0,-92.0,-527.0,288.53846153846155,1381.0,exercise_2_fingers_straight,exercise_2_fingers_straight_5
0.0,0.0,0.0,0.0,0.0,0.0,0.0,0.0,0.0,0.0,0.0,0.0,0.0,0.0,0.0,0.0,0.0,0.0,0.0,0.0,0.0,0.0,0.0,0.0,0.0,0.0,0.0,0.0,0.0,0.0,0.0,0.0,0.0,0.0,0.0,0.0,0.0,0.0,0.0,0.0,0.0,0.0,0.0,0.0,0.0,0.0,0.0,0.0,0.0,0.0,3868.5,398.0363676851652,3272.0,4928.0,1656.0,3312.0,4516.0,1204.0,131.17948717948718,516.0,-11875.3,158.80525809934633,-12172.0,-11444.0,728.0,-12148.0,-11612.0,536.0,186.25641025641025,596.0,11429.8,224.8500833889105,10796.0,11804.0,1008.0,11804.0,11724.0,-80.0,139.89743589743588,556.0,-554.7,313.82902988729387,-1131.0,273.0,1404.0,-558.0,-209.0,349.0,205.76923076923077,830.0,1120.925,768.4498808478013,83.0,3506.0,3423.0,819.0,1894.0,1075.0,368.8974358974359,1434.0,-279.85,556.7918170196111,-1718.0,429.0,2147.0,332.0,-551.0,-883.0,337.8205128205128,1363.0,exercise_2_fingers_straight,exercise_2_fingers_straight_5
0.0,0.0,0.0,0.0,0.0,0.0,0.0,0.0,0.0,0.0,0.0,0.0,0.0,0.0,0.0,0.0,0.0,0.0,0.0,0.0,0.0,0.0,0.0,0.0,0.0,0.0,0.0,0.0,0.0,0.0,0.0,0.0,0.0,0.0,0.0,0.0,0.0,0.0,0.0,0.0,0.0,0.0,0.0,0.0,0.0,0.0,0.0,0.0,0.0,0.0,9139.1,1268.9666622886512,6364.0,10336.0,3972.0,10296.0,6364.0,-3932.0,272.1025641025641,876.0,-9557.8,1159.3304791990936,-11480.0,-8120.0,3360.0,-11152.0,-8208.0,2944.0,201.43589743589743,584.0,10285.6,2264.211792213794,7032.0,13912.0,6880.0,7164.0,13912.0,6748.0,318.87179487179486,1128.0,-598.975,353.2554661643609,-1378.0,243.0,1621.0,-809.0,-773.0,36.0,264.87179487179486,848.0,3874.375,1449.9130782136563,668.0,7390.0,6722.0,744.0,3862.0,3118.0,883.3846153846154,2533.0,-1232.0,1054.3833980104203,-4594.0,305.0,4899.0,305.0,-785.0,-1090.0,462.05128205128204,1766.0,exercise_2_fingers_straight,exercise_2_fingers_straight_6
0.0,0.0,0.0,0.0,0.0,0.0,0.0,0.0,0.0,0.0,0.0,0.0,0.0,0.0,0.0,0.0,0.0,0.0,0.0,0.0,0.0,0.0,0.0,0.0,0.0,0.0,0.0,0.0,0.0,0.0,0.0,0.0,0.0,0.0,0.0,0.0,0.0,0.0,0.0,0.0,0.0,0.0,0.0,0.0,0.0,0.0,0.0,0.0,0.0,0.0,6618.0,1825.2427783722362,4328.0,10132.0,5804.0,10132.0,5472.0,-4660.0,254.46153846153845,748.0,-8377.9,310.8349883780782,-9380.0,-7860.0,1520.0,-9380.0,-8756.0,624.0,145.02564102564102,508.0,13259.2,1240.4209608032265,10348.0,14512.0,4164.0,10348.0,13596.0,3248.0,212.10256410256412,1128.0,-658.55,268.1931160563224,-1378.0,137.0,1515.0,-532.0,-619.0,-87.0,195.51282051282053,624.0,2934.65,2076.855032856169,-2008.0,6450.0,8458.0,5050.0,17.0,-5033.0,613.9230769230769,1911.0,-609.025,753.0400217617921,-2599.0,793.0,3392.0,-2599.0,-577.0,2022.0,381.0769230769231,1323.0,exercise_2_fingers_straight,exercise_2_fingers_straight_6
0.0,0.0,0.0,0.0,0.0,0.0,0.0,0.0,0.0,0.0,0.0,0.0,0.0,0.0,0.0,0.0,0.0,0.0,0.0,0.0,0.0,0.0,0.0,0.0,0.0,0.0,0.0,0.0,0.0,0.0,0.0,0.0,0.0,0.0,0.0,0.0,0.0,0.0,0.0,0.0,0.0,0.0,0.0,0.0,0.0,0.0,0.0,0.0,0.0,0.0,5958.3,1125.7434476824637,4328.0,8164.0,3836.0,5792.0,7956.0,2164.0,264.71794871794873,1032.0,-8302.3,225.47352394460864,-8756.0,-7784.0,972.0,-7860.0,-8024.0,-164.0,203.3846153846154,904.0,13746.6,546.4983440048104,12760.0,14512.0,1752.0,13864.0,12948.0,-916.0,160.71794871794873,488.0,-533.225,413.4747566357588,-1274.0,828.0,2102.0,-313.0,-788.0,-475.0,316.7435897435897,1045.0,325.9,1697.5708497732867,-2856.0,4409.0,7265.0,3616.0,-1733.0,-5349.0,829.0512820512821,3632.0,113.15,606.6169940745149,-1486.0,2123.0,3609.0,114.0,455.0,341.0,589.0,3609.0,exercise_2_fingers_straight,exercise_2_fingers_straight_6
0.0,0.0,0.0,0.0,0.0,0.0,0.0,0.0,0.0,0.0,0.0,0.0,0.0,0.0,0.0,0.0,0.0,0.0,0.0,0.0,0.0,0.0,0.0,0.0,0.0,0.0,0.0,0.0,0.0,0.0,0.0,0.0,0.0,0.0,0.0,0.0,0.0,0.0,0.0,0.0,0.0,0.0,0.0,0.0,0.0,0.0,0.0,0.0,0.0,0.0,8088.8,1368.3169808198686,5800.0,10036.0,4236.0,6008.0,10036.0,4028.0,256.9230769230769,1032.0,-8518.5,314.55961279223374,-9136.0,-7784.0,1352.0,-8484.0,-9060.0,-576.0,218.25641025641025,904.0,12300.5,1121.7836466984174,10416.0,13900.0,3484.0,13868.0,10436.0,-3432.0,172.71794871794873,600.0,-582.7,440.93129850351977,-1332.0,828.0,2160.0,-562.0,-815.0,-253.0,339.5128205128205,1045.0,-588.725,805.7986096879295,-2856.0,776.0,3632.0,-160.0,503.0,663.0,934.3333333333334,3632.0,403.425,554.6326661629297,-1486.0,2123.0,3609.0,536.0,118.0,-418.0,506.9230769230769,3609.0,exercise_2_fingers_straight,exercise_2_fingers_straight_6
0.0,0.0,0.0,0.0,0.0,0.0,0.0,0.0,0.0,0.0,0.0,0.0,0.0,0.0,0.0,0.0,0.0,0.0,0.0,0.0,0.0,0.0,0.0,0.0,0.0,0.0,0.0,0.0,0.0,0.0,0.0,0.0,0.0,0.0,0.0,0.0,0.0,0.0,0.0,0.0,0.0,0.0,0.0,0.0,0.0,0.0,0.0,0.0,0.0,0.0,9596.1,498.13691892892257,8288.0,10204.0,1916.0,8288.0,8944.0,656.0,175.3846153846154,1104.0,-8899.9,305.8803524255849,-9520.0,-8224.0,1296.0,-8336.0,-9184.0,-848.0,171.69230769230768,772.0,10850.9,670.0668548734523,10076.0,12388.0,2312.0,12348.0,10500.0,-1848.0,175.17948717948718,856.0,-683.2,318.79901191816765,-1332.0,547.0,1879.0,-809.0,176.0,985.0,191.76923076923077,1127.0,505.575,1309.3186183565097,-2384.0,3839.0,6223.0,-568.0,815.0,1383.0,643.7692307692307,2636.0,279.975,451.9309951474892,-1064.0,1552.0,2616.0,404.0,1552.0,1148.0,291.53846153846155,1133.0,exercise_2_fingers_straight,exercise_2_fingers_straight_6
0.0,0.0,0.0,0.0,0.0,0.0,0.0,0.0,0.0,0.0,0.0,0.0,0.0,0.0,0.0,0.0,0.0,0.0,0.0,0.0,0.0,0.0,0.0,0.0,0.0,0.0,0.0,0.0,0.0,0.0,0.0,0.0,0.0,0.0,0.0,0.0,0.0,0.0,0.0,0.0,0.0,0.0,0.0,0.0,0.0,0.0,0.0,0.0,0.0,0.0,8898.2,1223.728058025965,6344.0,10204.0,3860.0,10024.0,6344.0,-3680.0,251.48717948717947,1104.0,-9138.7,300.0565113441133,-10448.0,-8688.0,1760.0,-9192.0,-9576.0,-384.0,266.05128205128204,1460.0,11241.9,945.1196696715184,10076.0,13052.0,2976.0,10400.0,12644.0,2244.0,262.2564102564103,920.0,-676.625,615.995563600096,-3572.0,547.0,4119.0,-693.0,-703.0,-10.0,332.8205128205128,2731.0,2391.825,1244.6948197751126,664.0,4933.0,4269.0,763.0,4933.0,4170.0,625.7435897435897,2636.0,36.525,695.9580801851503,-2515.0,1552.0,4067.0,114.0,-2515.0,-2629.0,530.5897435897435,2082.0,exercise_2_fingers_straight,exercise_2_fingers_straight_6
0.0,0.0,0.0,0.0,0.0,0.0,0.0,0.0,0.0,0.0,0.0,0.0,0.0,0.0,0.0,0.0,0.0,0.0,0.0,0.0,0.0,0.0,0.0,0.0,0.0,0.0,0.0,0.0,0.0,0.0,0.0,0.0,0.0,0.0,0.0,0.0,0.0,0.0,0.0,0.0,0.0,0.0,0.0,0.0,0.0,0.0,0.0,0.0,0.0,0.0,6049.9,2085.000908872704,3168.0,9520.0,6352.0,9520.0,3168.0,-6352.0,247.7948717948718,600.0,-8948.0,452.6694157992121,-10448.0,-8252.0,2196.0,-9048.0,-8332.0,716.0,374.05128205128204,1460.0,13125.9,1181.4316696279984,11064.0,14936.0,3872.0,11064.0,14696.0,3632.0,288.61538461538464,920.0,-471.75,730.544582828454,-3572.0,902.0,4474.0,-209.0,-525.0,-316.0,385.5897435897436,2731.0,3249.525,1238.613781360033,955.0,5647.0,4692.0,3219.0,1549.0,-1670.0,636.0512820512821,2505.0,-268.15,852.977272557716,-2515.0,1425.0,3940.0,101.0,-582.0,-683.0,644.3333333333334,2082.0,exercise_2_fingers_straight,exercise_2_fingers_straight_6
0.0,0.0,0.0,0.0,0.0,0.0,0.0,0.0,0.0,0.0,0.0,0.0,0.0,0.0,0.0,0.0,0.0,0.0,0.0,0.0,0.0,0.0,0.0,0.0,0.0,0.0,0.0,0.0,0.0,0.0,0.0,0.0,0.0,0.0,0.0,0.0,0.0,0.0,0.0,0.0,0.0,0.0,0.0,0.0,0.0,0.0,0.0,0.0,0.0,0.0,4605.9,1344.0124962216682,3008.0,7520.0,4512.0,5992.0,6956.0,964.0,330.7692307692308,1308.0,-8597.8,375.3195438556325,-9552.0,-7832.0,1720.0,-9460.0,-8200.0,1260.0,388.61538461538464,1132.0,14099.7,655.5488616419068,12628.0,15024.0,2396.0,12628.0,12980.0,352.0,368.8205128205128,1088.0,-365.8,590.7275260219385,-2315.0,902.0,3217.0,-94.0,139.0,233.0,385.0,1090.0,747.8,2938.0497630230834,-3924.0,5647.0,9571.0,5602.0,-3924.0,-9526.0,847.7948717948718,3398.0,-128.95,866.490621703432,-2281.0,1644.0,3925.0,-2281.0,1182.0,3463.0,691.0,2171.0,exercise_2_fingers_straight,exercise_2_fingers_straight_6
0.0,0.0,0.0,0.0,0.0,0.0,0.0,0.0,0.0,0.0,0.0,0.0,0.0,0.0,0.0,0.0,0.0,0.0,0.0,0.0,0.0,0.0,0.0,0.0,0.0,0.0,0.0,0.0,0.0,0.0,0.0,0.0,0.0,0.0,0.0,0.0,0.0,0.0,0.0,0.0,0.0,0.0,0.0,0.0,0.0,0.0,0.0,0.0,0.0,0.0,6783.7,2110.117037038467,3008.0,9288.0,6280.0,3144.0,9160.0,6016.0,361.64102564102564,1308.0,-8623.9,299.57234518559954,-9252.0,-7832.0,1420.0,-8444.0,-8732.0,-288.0,328.20512820512823,824.0,12950.5,1237.1731285474964,11040.0,15024.0,3984.0,14672.0,11040.0,-3632.0,363.0769230769231,1088.0,-389.525,561.9633879311001,-2315.0,1169.0,3484.0,-330.0,-750.0,-420.0,385.84615384615387,1111.0,-1184.25,1460.0010231160798,-3924.0,1368.0,5292.0,1148.0,304.0,-844.0,904.5128205128206,3398.0,556.425,829.775719321191,-876.0,3012.0,3888.0,99.0,109.0,10.0,656.0,2171.0,exercise_2_fingers_straight,exercise_2_fingers_straight_6
0.0,0.0,0.0,0.0,0.0,0.0,0.0,0.0,0.0,0.0,0.0,0.0,0.0,0.0,0.0,0.0,0.0,0.0,0.0,0.0,0.0,0.0,0.0,0.0,0.0,0.0,0.0,0.0,0.0,0.0,0.0,0.0,0.0,0.0,0.0,0.0,0.0,0.0,0.0,0.0,0.0,0.0,0.0,0.0,0.0,0.0,0.0,0.0,0.0,0.0,9142.9,742.9928599926112,7556.0,10480.0,2924.0,7556.0,9808.0,2252.0,241.94871794871796,644.0,-8827.5,256.1814786435585,-9496.0,-8372.0,1124.0,-8628.0,-9064.0,-436.0,333.02564102564105,996.0,11296.5,727.4180022518002,9800.0,12640.0,2840.0,12316.0,11296.0,-1020.0,297.12820512820514,904.0,-577.95,624.792043403243,-2498.0,1169.0,3667.0,1169.0,-627.0,-1796.0,344.4102564102564,2127.0,459.975,1904.0877801128286,-2879.0,5235.0,8114.0,-2879.0,5235.0,8114.0,755.8974358974359,2056.0,165.2,1083.0319986039194,-3220.0,3012.0,6232.0,3012.0,-1860.0,-4872.0,593.2820512820513,3271.0,exercise_2_fingers_straight,exercise_2_fingers_straight_6
0.0,0.0,0.0,0.0,0.0,0.0,0.0,0.0,0.0,0.0,0.0,0.0,0.0,0.0,0.0,0.0,0.0,0.0,0.0,0.0,0.0,0.0,0.0,0.0,0.0,0.0,0.0,0.0,0.0,0.0,0.0,0.0,0.0,0.0,0.0,0.0,0.0,0.0,0.0,0.0,0.0,0.0,0.0,0.0,0.0,0.0,0.0,0.0,0.0,0.0,8481.5,1427.3669990580559,6136.0,10480.0,4344.0,9400.0,6532.0,-2868.0,351.0769230769231,1828.0,-8817.0,288.35776389755836,-9496.0,-8172.0,1324.0,-8628.0,-8588.0,40.0,388.71794871794873,996.0,11753.4,1173.9204572712752,9800.0,13532.0,3732.0,11140.0,12848.0,1708.0,339.79487179487177,952.0,-1018.25,713.754080548756,-3214.0,-79.0,3135.0,-614.0,-940.0,-326.0,445.7435897435897,2127.0,2610.775,2184.9528311556296,-1864.0,7218.0,9082.0,1272.0,1267.0,-5.0,972.7948717948718,2492.0,-668.4,912.5429798097184,-3220.0,390.0,3610.0,318.0,-1155.0,-1473.0,648.3333333333334,3271.0,exercise_2_fingers_straight,exercise_2_fingers_straight_6
0.0,0.0,0.0,0.0,0.0,0.0,0.0,0.0,0.0,0.0,0.0,0.0,0.0,0.0,0.0,0.0,0.0,0.0,0.0,0.0,0.0,0.0,0.0,0.0,0.0,0.0,0.0,0.0,0.0,0.0,0.0,0.0,0.0,0.0,0.0,0.0,0.0,0.0,0.0,0.0,0.0,0.0,0.0,0.0,0.0,0.0,0.0,0.0,0.0,0.0,7050.8,751.939997606192,6060.0,8964.0,2904.0,8964.0,7984.0,-980.0,352.1025641025641,1828.0,-8759.9,265.4166347462043,-9400.0,-8172.0,1228.0,-8172.0,-8652.0,-480.0,308.3076923076923,876.0,12881.4,556.3290752782924,11040.0,13532.0,2492.0,11040.0,12524.0,1484.0,326.05128205128204,952.0,-828.575,682.8955589070704,-3214.0,229.0,3443.0,-500.0,-408.0,92.0,345.64102564102564,1372.0,1820.275,2422.738068668382,-2383.0,7218.0,9601.0,4137.0,-1310.0,-5447.0,1039.1025641025642,2706.0,-244.275,956.7979407246862,-2560.0,1307.0,3867.0,-673.0,269.0,942.0,524.9230769230769,2034.0,exercise_2_fingers_straight,exercise_2_fingers_straight_6
0.0,0.0,0.0,0.0,0.0,0.0,0.0,0.0,0.0,0.0,0.0,0.0,0.0,0.0,0.0,0.0,0.0,0.0,0.0,0.0,0.0,0.0,0.0,0.0,0.0,0.0,0.0,0.0,0.0,0.0,0.0,0.0,0.0,0.0,0.0,0.0,0.0,0.0,0.0,0.0,0.0,0.0,0.0,0.0,0.0,0.0,0.0,0.0,0.0,0.0,7702.7,966.1351406506235,6060.0,9112.0,3052.0,6472.0,9012.0,2540.0,269.43589743589746,908.0,-9134.7,525.1913080011892,-10272.0,-8448.0,1824.0,-8848.0,-9980.0,-1132.0,383.8974358974359,1044.0,12088.2,1006.4929011175388,10452.0,13524.0,3072.0,13332.0,10452.0,-2880.0,306.87179487179486,788.0,-574.675,331.29046073649624,-1200.0,240.0,1440.0,-555.0,-466.0,89.0,284.02564102564105,1175.0,-353.025,1032.110640568636,-2426.0,1714.0,4140.0,1714.0,-544.0,-2258.0,816.3076923076923,2706.0,692.925,625.5084486839486,-981.0,2161.0,3142.0,-981.0,1463.0,2444.0,556.1025641025641,1892.0,exercise_2_fingers_straight,exercise_2_fingers_straight_6
0.0,0.0,0.0,0.0,0.0,0.0,0.0,0.0,0.0,0.0,0.0,0.0,0.0,0.0,0.0,0.0,0.0,0.0,0.0,0.0,0.0,0.0,0.0,0.0,0.0,0.0,0.0,0.0,0.0,0.0,0.0,0.0,0.0,0.0,0.0,0.0,0.0,0.0,0.0,0.0,0.0,0.0,0.0,0.0,0.0,0.0,0.0,0.0,0.0,0.0,8893.2,513.3265627259123,7356.0,9680.0,2324.0,7824.0,9348.0,1524.0,235.7948717948718,644.0,-9908.6,547.9617139910415,-10744.0,-8448.0,2296.0,-9332.0,-10360.0,-1028.0,354.7692307692308,1044.0,10460.2,848.0834628737906,9308.0,12152.0,2844.0,11736.0,9600.0,-2136.0,209.43589743589743,664.0,-561.25,300.8184460766992,-1118.0,240.0,1358.0,240.0,-650.0,-890.0,265.79487179487177,1175.0,-135.025,897.9354789599307,-2426.0,2000.0,4426.0,-1166.0,880.0,2046.0,557.1282051282051,1903.0,752.625,464.0298852175364,-72.0,2161.0,2233.0,2161.0,62.0,-2099.0,393.7692307692308,1525.0,exercise_2_fingers_straight,exercise_2_fingers_straight_6
0.125,0.33071891388307384,0.0,1.0,1.0,0.0,0.0,0.0,0.05128205128205128,1.0,0.0,0.0,0.0,0.0,0.0,0.0,0.0,0.0,0.0,0.0,0.0,0.0,0.0,0.0,0.0,0.0,0.0,0.0,0.0,0.0,0.0,0.0,0.0,0.0,0.0,0.0,0.0,0.0,0.0,0.0,0.0,0.0,0.0,0.0,0.0,0.0,0.0,0.0,0.0,0.0,9027.3,428.7832902527803,7708.0,9680.0,1972.0,9052.0,8400.0,-652.0,285.84615384615387,732.0,-10192.5,375.89060908727157,-10832.0,-9248.0,1584.0,-10356.0,-9248.0,1108.0,324.61538461538464,1168.0,10073.4,675.9381924406994,9268.0,11988.0,2720.0,10208.0,11988.0,1780.0,208.10256410256412,1088.0,-303.6,566.1910808198942,-975.0,1596.0,2571.0,-567.0,1071.0,1638.0,321.28205128205127,1427.0,1497.725,1387.595924386851,-697.0,4293.0,4990.0,-216.0,3275.0,3491.0,620.8974358974359,1825.0,31.55,665.262803334141,-1672.0,1128.0,2800.0,669.0,1128.0,459.0,468.43589743589746,2639.0,exercise_2_fingers_straight,exercise_2_fingers_straight_6
0.375,0.4841229182759271,0.0,1.0,1.0,1.0,1.0,0.0,0.05128205128205128,1.0,0.0,0.0,0.0,0.0,0.0,0.0,0.0,0.0,0.0,0.0,0.0,0.0,0.0,0.0,0.0,0.0,0.0,0.0,0.0,0.0,0.0,0.0,0.0,0.0,0.0,0.0,0.0,0.0,0.0,0.0,0.0,0.0,0.0,0.0,0.0,0.0,0.0,0.0,0.0,0.0,7647.3,1302.3218918531625,5844.0,9576.0,3732.0,9080.0,6028.0,-3052.0,308.0,1208.0,-9618.2,631.3002138444118,-10832.0,-8016.0,2816.0,-10720.0,-8992.0,1728.0,440.8205128205128,1796.0,11679.3,1396.9623867520556,9268.0,13508.0,4240.0,9268.0,13008.0,3740.0,299.38461538461536,1128.0,-352.75,697.2711362877428,-2404.0,1596.0,4000.0,-526.0,-595.0,-69.0,483.1025641025641,2775.0,2507.95,1409.9245892954698,269.0,5893.0,5624.0,982.0,269.0,-713.0,965.0,3164.0,-433.775,905.8368365080987,-3920.0,1128.0,5048.0,-1.0,206.0,207.0,985.1025641025641,4640.0,exercise_2_fingers_straight,exercise_2_fingers_straight_6
0.325,0.4683748498798799,0.0,1.0,1.0,0.0,0.0,0.0,0.05128205128205128,1.0,0.0,0.0,0.0,0.0,0.0,0.0,0.0,0.0,0.0,0.0,0.0,0.0,0.0,0.0,0.0,0.0,0.0,0.0,0.0,0.0,0.0,0.0,0.0,0.0,0.0,0.0,0.0,0.0,0.0,0.0,0.0,0.0,0.0,0.0,0.0,0.0,0.0,0.0,0.0,0.0,6814.9,764.8806377468318,5844.0,8252.0,2408.0,8076.0,7960.0,-116.0,301.84615384615387,1328.0,-9444.5,549.7695426267264,-10504.0,-8016.0,2488.0,-8016.0,-10504.0,-2488.0,447.5897435897436,1796.0,12520.5,761.1481787405131,10872.0,13508.0,2636.0,12732.0,10872.0,-1860.0,289.53846153846155,1128.0,-638.35,541.320309521082,-2404.0,371.0,2775.0,305.0,-795.0,-1100.0,437.0769230769231,2775.0,488.525,2521.725867213762,-5513.0,5893.0,11406.0,783.0,-1003.0,-1786.0,1253.8461538461538,7328.0,406.65,1473.1207443723004,-3920.0,5218.0,9138.0,102.0,993.0,891.0,1358.7435897435898,7090.0,exercise_2_fingers_straight,exercise_2_fingers_straight_6
0.075,0.2633913438213189,0.0,1.0,1.0,1.0,0.0,-1.0,0.02564102564102564,1.0,0.0,0.0,0.0,0.0,0.0,0.0,0.0,0.0,0.0,0.0,0.0,0.0,0.0,0.0,0.0,0.0,0.0,0.0,0.0,0.0,0.0,0.0,0.0,0.0,0.0,0.0,0.0,0.0,0.0,0.0,0.0,0.0,0.0,0.0,0.0,0.0,0.0,0.0,0.0,0.0,8053.3,1072.2948801519108,5860.0,9500.0,3640.0,6200.0,9404.0,3204.0,300.4102564102564,1328.0,-10275.6,711.0745671165577,-11260.0,-8676.0,2584.0,-9184.0,-11172.0,-1988.0,379.1794871794872,1212.0,10722.3,1594.423253091851,8308.0,13212.0,4904.0,13188.0,8472.0,-4716.0,319.8974358974359,1012.0,-783.175,421.0677432136069,-1685.0,238.0,1923.0,-410.0,-964.0,-554.0,309.64102564102564,1010.0,-1029.35,1250.2528454276758,-5513.0,1815.0,7328.0,210.0,-193.0,-403.0,1105.4102564102564,7328.0,872.05,1020.62811420223,-1872.0,5218.0,7090.0,440.0,99.0,-341.0,887.9230769230769,7090.0,exercise_2_fingers_straight,exercise_2_fingers_straight_6
0.0,0.0,0.0,0.0,0.0,0.0,0.0,0.0,0.0,0.0,0.0,0.0,0.0,0.0,0.0,0.0,0.0,0.0,0.0,0.0,0.0,0.0,0.0,0.0,0.0,0.0,0.0,0.0,0.0,0.0,0.0,0.0,0.0,0.0,0.0,0.0,0.0,0.0,0.0,0.0,0.0,0.0,0.0,0.0,0.0,0.0,0.0,0.0,0.0,0.0,9166.8,413.9828015751379,7992.0,9764.0,1772.0,8616.0,8976.0,360.0,216.0,836.0,-10849.7,371.15591063594826,-11448.0,-10036.0,1412.0,-10200.0,-10744.0,-544.0,252.51282051282053,1080.0,9071.8,812.726251575523,7808.0,11132.0,3324.0,11132.0,10108.0,-1024.0,313.64102564102564,1012.0,-868.275,311.02395305667375,-1617.0,-310.0,1307.0,-1027.0,-700.0,327.0,286.7435897435897,1001.0,1248.825,2253.725226014698,-2025.0,5246.0,7271.0,-2025.0,4777.0,6802.0,917.7948717948718,3011.0,-214.5,892.0905503366797,-2207.0,1127.0,3334.0,1113.0,-962.0,-2075.0,326.79487179487177,1120.0,exercise_2_fingers_straight,exercise_2_fingers_straight_6
0.0,0.0,0.0,0.0,0.0,0.0,0.0,0.0,0.0,0.0,0.0,0.0,0.0,0.0,0.0,0.0,0.0,0.0,0.0,0.0,0.0,0.0,0.0,0.0,0.0,0.0,0.0,0.0,0.0,0.0,0.0,0.0,0.0,0.0,0.0,0.0,0.0,0.0,0.0,0.0,0.0,0.0,0.0,0.0,0.0,0.0,0.0,0.0,0.0,0.0,11582.9,296.4766263974278,10788.0,12028.0,1240.0,11472.0,10876.0,-596.0,180.0,684.0,-7783.3,520.3513332355361,-8388.0,-6576.0,1812.0,-8144.0,-6620.0,1524.0,168.51282051282053,1312.0,9602.0,720.1816437538519,8728.0,11672.0,2944.0,9580.0,11672.0,2092.0,181.43589743589743,640.0,-588.6,254.86641599080878,-1161.0,82.0,1243.0,-494.0,-61.0,433.0,194.94871794871796,1023.0,1822.1,1623.1533630559989,-1087.0,5239.0,6326.0,927.0,4088.0,3161.0,543.1025641025641,2541.0,-527.1,1037.125662588676,-3352.0,588.0,3940.0,66.0,-1510.0,-1576.0,318.3076923076923,2390.0,exercise_2_fingers_straight,exercise_2_fingers_straight_7
0.0,0.0,0.0,0.0,0.0,0.0,0.0,0.0,0.0,0.0,0.0,0.0,0.0,0.0,0.0,0.0,0.0,0.0,0.0,0.0,0.0,0.0,0.0,0.0,0.0,0.0,0.0,0.0,0.0,0.0,0.0,0.0,0.0,0.0,0.0,0.0,0.0,0.0,0.0,0.0,0.0,0.0,0.0,0.0,0.0,0.0,0.0,0.0,0.0,0.0,10261.7,1471.0053398951345,7136.0,12028.0,4892.0,11668.0,7136.0,-4532.0,270.6666666666667,728.0,-6602.6,1072.7883481843003,-8388.0,-5112.0,3276.0,-7952.0,-5212.0,2740.0,249.74358974358975,1312.0,11673.9,2043.8260175465034,8728.0,14820.0,6092.0,9384.0,14700.0,5316.0,247.48717948717947,760.0,-739.275,502.371176895132,-2681.0,82.0,2763.0,-522.0,-854.0,-332.0,327.64102564102564,1023.0,3310.575,1480.98186834782,-1087.0,5872.0,6959.0,826.0,3536.0,2710.0,695.5384615384615,2541.0,-1274.2,1115.7643389174975,-4286.0,588.0,4874.0,176.0,-453.0,-629.0,562.8974358974359,2390.0,exercise_2_fingers_straight,exercise_2_fingers_straight_7
0.325,0.46837484987987993,0.0,1.0,1.0,0.0,1.0,1.0,0.02564102564102564,1.0,0.0,0.0,0.0,0.0,0.0,0.0,0.0,0.0,0.0,0.0,0.0,0.0,0.0,0.0,0.0,0.0,0.0,0.0,0.0,0.0,0.0,0.0,0.0,0.0,0.0,0.0,0.0,0.0,0.0,0.0,0.0,0.0,0.0,0.0,0.0,0.0,0.0,0.0,0.0,0.0,7680.5,1454.7277924065381,6092.0,10636.0,4544.0,10636.0,6460.0,-4176.0,222.35897435897436,728.0,-5564.3,351.52967157837463,-6436.0,-4996.0,1440.0,-6344.0,-5556.0,788.0,191.48717948717947,1104.0,14284.5,946.0300999439711,11796.0,15372.0,3576.0,11796.0,15112.0,3316.0,220.6153846153846,760.0,-826.0,468.154301486166,-2681.0,26.0,2707.0,26.0,-532.0,-558.0,264.3076923076923,1009.0,2659.975,1487.5600237889562,54.0,5872.0,5818.0,5872.0,953.0,-4919.0,441.56410256410254,1559.0,-722.3,1023.7491440777864,-4286.0,462.0,4748.0,-1502.0,191.0,1693.0,476.94871794871796,2037.0,exercise_2_fingers_straight,exercise_2_fingers_straight_7
0.45,0.49749371855331015,0.0,1.0,1.0,0.0,0.0,0.0,0.05128205128205128,1.0,0.0,0.0,0.0,0.0,0.0,0.0,0.0,0.0,0.0,0.0,0.0,0.0,0.0,0.0,0.0,0.0,0.0,0.0,0.0,0.0,0.0,0.0,0.0,0.0,0.0,0.0,0.0,0.0,0.0,0.0,0.0,0.0,0.0,0.0,0.0,0.0,0.0,0.0,0.0,0.0,7024.2,873.4089305703257,6092.0,9076.0,2984.0,7176.0,8452.0,1276.0,231.89743589743588,1168.0,-5808.2,510.11759428586663,-6924.0,-4996.0,1928.0,-4996.0,-6436.0,-1440.0,198.15384615384616,808.0,14597.6,645.9713925554289,13328.0,15620.0,2292.0,14884.0,13644.0,-1240.0,245.33333333333334,1436.0,-771.175,375.5942549813562,-1694.0,-159.0,1535.0,-1104.0,-1199.0,-95.0,252.02564102564102,1112.0,446.45,1514.0560747541685,-3625.0,3943.0,7568.0,3943.0,-1109.0,-5052.0,680.1538461538462,3269.0,363.9,597.1467072671505,-748.0,2420.0,3168.0,17.0,364.0,347.0,456.7435897435897,1731.0,exercise_2_fingers_straight,exercise_2_fingers_straight_7
0.125,0.33071891388307384,0.0,1.0,1.0,1.0,0.0,-1.0,0.02564102564102564,1.0,0.0,0.0,0.0,0.0,0.0,0.0,0.0,0.0,0.0,0.0,0.0,0.0,0.0,0.0,0.0,0.0,0.0,0.0,0.0,0.0,0.0,0.0,0.0,0.0,0.0,0.0,0.0,0.0,0.0,0.0,0.0,0.0,0.0,0.0,0.0,0.0,0.0,0.0,0.0,0.0,8749.3,1278.8117570620002,6376.0,10496.0,4120.0,6488.0,10320.0,3832.0,349.94871794871796,1168.0,-6612.0,578.4676309008137,-7376.0,-5284.0,2092.0,-5576.0,-7160.0,-1584.0,233.43589743589743,808.0,13130.2,1171.2560608167628,11496.0,15620.0,4124.0,15032.0,11512.0,-3520.0,253.33333333333334,1436.0,-620.7,404.36049510307015,-1694.0,186.0,1880.0,-399.0,-465.0,-66.0,320.15384615384613,1112.0,-526.925,1141.0672063358056,-3625.0,1634.0,5259.0,690.0,-741.0,-1431.0,1024.128205128205,3269.0,710.525,548.2917557058468,-197.0,2420.0,2617.0,465.0,-197.0,-662.0,487.0769230769231,1731.0,exercise_2_fingers_straight,exercise_2_fingers_straight_7
0.0,0.0,0.0,0.0,0.0,0.0,0.0,0.0,0.0,0.0,0.0,0.0,0.0,0.0,0.0,0.0,0.0,0.0,0.0,0.0,0.0,0.0,0.0,0.0,0.0,0.0,0.0,0.0,0.0,0.0,0.0,0.0,0.0,0.0,0.0,0.0,0.0,0.0,0.0,0.0,0.0,0.0,0.0,0.0,0.0,0.0,0.0,0.0,0.0,0.0,10813.2,1112.8982702834971,8548.0,12580.0,4032.0,9128.0,12580.0,3452.0,309.43589743589746,1092.0,-7189.4,300.18867400353395,-8188.0,-6632.0,1556.0,-6632.0,-6904.0,-272.0,260.9230769230769,1280.0,10887.6,1369.813067538779,8972.0,13412.0,4440.0,13412.0,9016.0,-4396.0,204.2051282051282,1060.0,-674.825,400.8452249622041,-2052.0,186.0,2238.0,-619.0,-732.0,-113.0,279.3076923076923,1006.0,-365.225,1080.4463310942378,-3051.0,953.0,4004.0,-2375.0,914.0,3289.0,769.0512820512821,2126.0,219.375,713.4739198982679,-1268.0,2279.0,3547.0,1103.0,11.0,-1092.0,472.7692307692308,2065.0,exercise_2_fingers_straight,exercise_2_fingers_straight_7
0.0,0.0,0.0,0.0,0.0,0.0,0.0,0.0,0.0,0.0,0.0,0.0,0.0,0.0,0.0,0.0,0.0,0.0,0.0,0.0,0.0,0.0,0.0,0.0,0.0,0.0,0.0,0.0,0.0,0.0,0.0,0.0,0.0,0.0,0.0,0.0,0.0,0.0,0.0,0.0,0.0,0.0,0.0,0.0,0.0,0.0,0.0,0.0,0.0,0.0,12171.0,587.4226757625212,10396.0,12796.0,2400.0,10552.0,12080.0,1528.0,171.89743589743588,848.0,-7185.2,321.66093949996474,-8188.0,-6568.0,1620.0,-6996.0,-7228.0,-232.0,315.28205128205127,1280.0,9287.4,644.1146171295912,8656.0,11464.0,2808.0,11464.0,9560.0,-1904.0,168.4102564102564,1060.0,-680.2,380.8859540597422,-2052.0,118.0,2170.0,-371.0,-520.0,-149.0,254.94871794871796,845.0,544.325,1236.1756223834057,-2750.0,2997.0,5747.0,-1821.0,2997.0,4818.0,357.02564102564105,2100.0,-40.55,588.6976282439059,-1268.0,2198.0,3466.0,-81.0,10.0,91.0,476.3333333333333,2195.0,exercise_2_fingers_straight,exercise_2_fingers_straight_7
0.0,0.0,0.0,0.0,0.0,0.0,0.0,0.0,0.0,0.0,0.0,0.0,0.0,0.0,0.0,0.0,0.0,0.0,0.0,0.0,0.0,0.0,0.0,0.0,0.0,0.0,0.0,0.0,0.0,0.0,0.0,0.0,0.0,0.0,0.0,0.0,0.0,0.0,0.0,0.0,0.0,0.0,0.0,0.0,0.0,0.0,0.0,0.0,0.0,0.0,11797.1,980.2069118303543,9116.0,12796.0,3680.0,12588.0,9588.0,-3000.0,210.46153846153845,1292.0,-6919.8,314.2787934302917,-7888.0,-6348.0,1540.0,-7116.0,-6408.0,708.0,266.15384615384613,876.0,9907.5,1183.5361211217848,8656.0,12392.0,3736.0,8840.0,12392.0,3552.0,208.6153846153846,1156.0,-369.15,503.37637757447453,-1576.0,903.0,2479.0,-985.0,221.0,1206.0,377.84615384615387,1505.0,2177.475,1037.0686329144278,721.0,3615.0,2894.0,765.0,2892.0,2127.0,351.2564102564103,1281.0,12.9,682.4665119989404,-2838.0,2198.0,5036.0,-353.0,361.0,714.0,493.38461538461536,2698.0,exercise_2_fingers_straight,exercise_2_fingers_straight_7
0.0,0.0,0.0,0.0,0.0,0.0,0.0,0.0,0.0,0.0,0.0,0.0,0.0,0.0,0.0,0.0,0.0,0.0,0.0,0.0,0.0,0.0,0.0,0.0,0.0,0.0,0.0,0.0,0.0,0.0,0.0,0.0,0.0,0.0,0.0,0.0,0.0,0.0,0.0,0.0,0.0,0.0,0.0,0.0,0.0,0.0,0.0,0.0,0.0,0.0,9626.0,1693.7123722757651,6368.0,12156.0,5788.0,12156.0,6368.0,-5788.0,341.43589743589746,1292.0,-6762.0,313.13511460709736,-7640.0,-6088.0,1552.0,-7640.0,-6852.0,788.0,243.17948717948718,624.0,12172.8,1455.898403048784,9412.0,14504.0,5092.0,9412.0,14460.0,5048.0,251.89743589743588,1156.0,-596.4,681.0239276266291,-2072.0,903.0,2975.0,-213.0,-472.0,-259.0,402.3333333333333,1505.0,3068.475,741.4658450495207,1217.0,4731.0,3514.0,3014.0,3165.0,151.0,670.025641025641,2330.0,-113.55,677.3190883918745,-2838.0,951.0,3789.0,-140.0,571.0,711.0,534.5897435897435,2698.0,exercise_2_fingers_straight,exercise_2_fingers_straight_7
0.0,0.0,0.0,0.0,0.0,0.0,0.0,0.0,0.0,0.0,0.0,0.0,0.0,0.0,0.0,0.0,0.0,0.0,0.0,0.0,0.0,0.0,0.0,0.0,0.0,0.0,0.0,0.0,0.0,0.0,0.0,0.0,0.0,0.0,0.0,0.0,0.0,0.0,0.0,0.0,0.0,0.0,0.0,0.0,0.0,0.0,0.0,0.0,0.0,0.0,6981.5,1437.8836357647306,5376.0,9948.0,4572.0,9948.0,5896.0,-4052.0,257.94871794871796,984.0,-6851.7,257.4869122887608,-7332.0,-6088.0,1244.0,-6476.0,-6920.0,-444.0,168.92307692307693,624.0,14070.8,733.3115027053648,12876.0,14980.0,2104.0,12876.0,14784.0,1908.0,178.56410256410257,496.0,-710.9,457.24478127147603,-2072.0,9.0,2081.0,-51.0,-620.0,-569.0,209.56410256410257,664.0,2244.175,1229.5356620997213,212.0,4731.0,4519.0,3658.0,1092.0,-2566.0,611.5384615384615,2330.0,11.625,453.90839866100737,-1298.0,951.0,2249.0,2.0,-69.0,-71.0,348.02564102564105,1092.0,exercise_2_fingers_straight,exercise_2_fingers_straight_7
0.0,0.0,0.0,0.0,0.0,0.0,0.0,0.0,0.0,0.0,0.0,0.0,0.0,0.0,0.0,0.0,0.0,0.0,0.0,0.0,0.0,0.0,0.0,0.0,0.0,0.0,0.0,0.0,0.0,0.0,0.0,0.0,0.0,0.0,0.0,0.0,0.0,0.0,0.0,0.0,0.0,0.0,0.0,0.0,0.0,0.0,0.0,0.0,0.0,0.0,5991.6,490.78777490887035,5376.0,7324.0,1948.0,6460.0,7300.0,840.0,199.7948717948718,1200.0,-7010.2,239.93824205407526,-7788.0,-6624.0,1164.0,-7028.0,-7756.0,-728.0,149.33333333333334,728.0,14568.1,297.68236427440576,13520.0,14980.0,1460.0,14156.0,13988.0,-168.0,226.87179487179486,1000.0,-593.65,511.7212400321097,-2568.0,76.0,2644.0,-656.0,-921.0,-265.0,258.7435897435897,1721.0,743.275,982.08100448741,-1708.0,2847.0,4555.0,2847.0,583.0,-2264.0,531.2307692307693,2203.0,294.625,594.8322321251599,-1266.0,1861.0,3127.0,502.0,-433.0,-935.0,364.5897435897436,3127.0,exercise_2_fingers_straight,exercise_2_fingers_straight_7
0.0,0.0,0.0,0.0,0.0,0.0,0.0,0.0,0.0,0.0,0.0,0.0,0.0,0.0,0.0,0.0,0.0,0.0,0.0,0.0,0.0,0.0,0.0,0.0,0.0,0.0,0.0,0.0,0.0,0.0,0.0,0.0,0.0,0.0,0.0,0.0,0.0,0.0,0.0,0.0,0.0,0.0,0.0,0.0,0.0,0.0,0.0,0.0,0.0,0.0,6843.2,766.1238542167971,5548.0,8280.0,2732.0,5748.0,8280.0,2532.0,252.6153846153846,1200.0,-7830.2,916.026615333856,-9256.0,-6472.0,2784.0,-7044.0,-9256.0,-2212.0,348.4102564102564,2496.0,13587.3,941.6202578534511,11896.0,14836.0,2940.0,14704.0,11896.0,-2808.0,284.71794871794873,1000.0,-876.675,819.7820255256881,-3416.0,76.0,3492.0,-539.0,-566.0,-27.0,418.7435897435897,2495.0,38.3,732.0881845788797,-1708.0,1499.0,3207.0,1499.0,511.0,-988.0,675.4871794871794,1952.0,606.9,695.8394858011437,-1382.0,1861.0,3243.0,91.0,519.0,428.0,547.0769230769231,3127.0,exercise_2_fingers_straight,exercise_2_fingers_straight_7
0.0,0.0,0.0,0.0,0.0,0.0,0.0,0.0,0.0,0.0,0.0,0.0,0.0,0.0,0.0,0.0,0.0,0.0,0.0,0.0,0.0,0.0,0.0,0.0,0.0,0.0,0.0,0.0,0.0,0.0,0.0,0.0,0.0,0.0,0.0,0.0,0.0,0.0,0.0,0.0,0.0,0.0,0.0,0.0,0.0,0.0,0.0,0.0,0.0,0.0,8028.5,692.9664854810801,6668.0,9572.0,2904.0,7192.0,9572.0,2380.0,223.28205128205127,580.0,-9003.2,611.9406507170448,-9764.0,-6472.0,3292.0,-7780.0,-9276.0,-1496.0,345.43589743589746,2496.0,12049.1,857.9939335449873,9960.0,13784.0,3824.0,13344.0,9960.0,-3384.0,230.15384615384616,808.0,-795.775,758.2043420971685,-3416.0,68.0,3484.0,-3416.0,-1782.0,1634.0,298.71794871794873,959.0,-328.225,696.7718596319746,-2642.0,1381.0,4023.0,1381.0,-290.0,-1671.0,650.5384615384615,2352.0,732.275,575.3195193759725,-1382.0,1726.0,3108.0,-1382.0,-609.0,773.0,601.4615384615385,2359.0,exercise_2_fingers_straight,exercise_2_fingers_straight_7
0.0,0.0,0.0,0.0,0.0,0.0,0.0,0.0,0.0,0.0,0.0,0.0,0.0,0.0,0.0,0.0,0.0,0.0,0.0,0.0,0.0,0.0,0.0,0.0,0.0,0.0,0.0,0.0,0.0,0.0,0.0,0.0,0.0,0.0,0.0,0.0,0.0,0.0,0.0,0.0,0.0,0.0,0.0,0.0,0.0,0.0,0.0,0.0,0.0,0.0,9271.6,736.3422030550742,8000.0,10364.0,2364.0,8112.0,10168.0,2056.0,151.3846153846154,572.0,-9674.2,343.60087310715613,-10144.0,-8996.0,1148.0,-9036.0,-10020.0,-984.0,212.10256410256412,820.0,10385.7,1067.6452172889642,9068.0,12128.0,3060.0,11816.0,9068.0,-2748.0,183.07692307692307,560.0,-614.2,332.5833128706249,-1782.0,68.0,1850.0,-309.0,-548.0,-239.0,236.3846153846154,1167.0,-105.6,767.375227642905,-2642.0,1029.0,3671.0,-221.0,793.0,1014.0,503.3333333333333,2352.0,394.725,570.6248762321882,-609.0,1726.0,2335.0,991.0,-187.0,-1178.0,497.0769230769231,1956.0,exercise_2_fingers_straight,exercise_2_fingers_straight_7
0.0,0.0,0.0,0.0,0.0,0.0,0.0,0.0,0.0,0.0,0.0,0.0,0.0,0.0,0.0,0.0,0.0,0.0,0.0,0.0,0.0,0.0,0.0,0.0,0.0,0.0,0.0,0.0,0.0,0.0,0.0,0.0,0.0,0.0,0.0,0.0,0.0,0.0,0.0,0.0,0.0,0.0,0.0,0.0,0.0,0.0,0.0,0.0,0.0,0.0,10178.5,364.51028792065665,9524.0,10924.0,1400.0,9792.0,9840.0,48.0,132.71794871794873,452.0,-9734.2,471.75158717274076,-10144.0,-7828.0,2316.0,-10096.0,-8432.0,1664.0,197.53846153846155,1260.0,9354.2,726.7257804701854,8296.0,11640.0,3344.0,9884.0,11640.0,1756.0,219.5897435897436,1000.0,-404.5,560.1265035686135,-1022.0,1001.0,2023.0,-615.0,129.0,744.0,240.0,1110.0,1314.425,1739.8409393892878,-1335.0,6116.0,7451.0,-1335.0,2717.0,4052.0,532.7692307692307,2356.0,-443.55,951.788210422886,-3660.0,1347.0,5007.0,1347.0,-1769.0,-3116.0,482.71794871794873,2122.0,exercise_2_fingers_straight,exercise_2_fingers_straight_7
0.0,0.0,0.0,0.0,0.0,0.0,0.0,0.0,0.0,0.0,0.0,0.0,0.0,0.0,0.0,0.0,0.0,0.0,0.0,0.0,0.0,0.0,0.0,0.0,0.0,0.0,0.0,0.0,0.0,0.0,0.0,0.0,0.0,0.0,0.0,0.0,0.0,0.0,0.0,0.0,0.0,0.0,0.0,0.0,0.0,0.0,0.0,0.0,0.0,0.0,9037.7,1910.9151498692975,4444.0,10924.0,6480.0,10264.0,4492.0,-5772.0,278.05128205128204,1044.0,-8186.0,1485.3163972702919,-10044.0,-5820.0,4224.0,-10044.0,-5820.0,4224.0,289.2307692307692,1260.0,11443.3,2477.1883880722517,8296.0,15604.0,7308.0,9000.0,15604.0,6604.0,327.4871794871795,1012.0,-206.4,629.0664829729843,-1836.0,1001.0,2837.0,-672.0,-1836.0,-1164.0,297.38461538461536,1110.0,3504.225,2210.3545472106957,-474.0,6931.0,7405.0,952.0,463.0,-489.0,815.6666666666666,2779.0,-1143.025,1075.6429121111707,-3660.0,274.0,3934.0,-107.0,82.0,189.0,675.2051282051282,2122.0,exercise_2_fingers_straight,exercise_2_fingers_straight_7
0.325,0.46837484987987993,0.0,1.0,1.0,0.0,1.0,1.0,0.02564102564102564,1.0,0.0,0.0,0.0,0.0,0.0,0.0,0.0,0.0,0.0,0.0,0.0,0.0,0.0,0.0,0.0,0.0,0.0,0.0,0.0,0.0,0.0,0.0,0.0,0.0,0.0,0.0,0.0,0.0,0.0,0.0,0.0,0.0,0.0,0.0,0.0,0.0,0.0,0.0,0.0,0.0,6578.3,1702.4318811629441,4444.0,10448.0,6004.0,9404.0,5940.0,-3464.0,302.7692307692308,1044.0,-6651.2,566.7614665800771,-8444.0,-5820.0,2624.0,-8072.0,-6480.0,1592.0,279.79487179487177,860.0,14341.1,1272.1679095150923,10628.0,15604.0,4976.0,10628.0,14936.0,4308.0,258.15384615384613,792.0,-458.25,484.7455389170693,-1836.0,570.0,2406.0,100.0,-191.0,-291.0,227.4102564102564,772.0,2641.925,2466.0687985891636,-1708.0,6931.0,8639.0,2588.0,-1708.0,-4296.0,766.7692307692307,2779.0,-647.9,1037.8897292101892,-3607.0,1111.0,4718.0,-1674.0,1111.0,2785.0,470.4871794871795,1903.0,exercise_2_fingers_straight,exercise_2_fingers_straight_7
0.325,0.4683748498798799,0.0,1.0,1.0,0.0,0.0,0.0,0.05128205128205128,1.0,0.0,0.0,0.0,0.0,0.0,0.0,0.0,0.0,0.0,0.0,0.0,0.0,0.0,0.0,0.0,0.0,0.0,0.0,0.0,0.0,0.0,0.0,0.0,0.0,0.0,0.0,0.0,0.0,0.0,0.0,0.0,0.0,0.0,0.0,0.0,0.0,0.0,0.0,0.0,0.0,6813.5,1447.6379899684866,4848.0,9176.0,4328.0,4848.0,8600.0,3752.0,325.3333333333333,1712.0,-6818.6,565.4113900515271,-8044.0,-5828.0,2216.0,-6680.0,-7664.0,-984.0,329.43589743589746,1912.0,14207.3,1030.557475350114,12456.0,15392.0,2936.0,15172.0,12660.0,-2512.0,356.1025641025641,1620.0,-712.175,398.24125147327476,-1610.0,82.0,1692.0,-1423.0,-175.0,1248.0,237.5897435897436,874.0,-259.675,1730.8815151173694,-8078.0,1873.0,9951.0,864.0,-1135.0,-1999.0,946.4871794871794,7341.0,425.45,760.9832439022557,-758.0,2448.0,3206.0,105.0,510.0,405.0,681.7692307692307,3157.0,exercise_2_fingers_straight,exercise_2_fingers_straight_7
0.0,0.0,0.0,0.0,0.0,0.0,0.0,0.0,0.0,0.0,0.0,0.0,0.0,0.0,0.0,0.0,0.0,0.0,0.0,0.0,0.0,0.0,0.0,0.0,0.0,0.0,0.0,0.0,0.0,0.0,0.0,0.0,0.0,0.0,0.0,0.0,0.0,0.0,0.0,0.0,0.0,0.0,0.0,0.0,0.0,0.0,0.0,0.0,0.0,0.0,8914.1,1057.1947739182217,5764.0,10828.0,5064.0,5764.0,10828.0,5064.0,409.84615384615387,1712.0,-7762.8,803.3675124125944,-9380.0,-5828.0,3552.0,-5988.0,-8740.0,-2752.0,390.15384615384613,1912.0,12315.7,1309.4180043057297,9636.0,15244.0,5608.0,15244.0,9844.0,-5400.0,483.0769230769231,1632.0,-691.45,482.3214151372506,-1610.0,265.0,1875.0,-580.0,-1123.0,-543.0,369.3076923076923,1197.0,-1132.65,1632.9865974649022,-8078.0,1640.0,9718.0,-4974.0,-1339.0,3635.0,1056.2820512820513,7341.0,996.05,888.305970654256,-709.0,2714.0,3423.0,822.0,276.0,-546.0,878.2051282051282,3157.0,exercise_2_fingers_straight,exercise_2_fingers_straight_7
0.0,0.0,0.0,0.0,0.0,0.0,0.0,0.0,0.0,0.0,0.0,0.0,0.0,0.0,0.0,0.0,0.0,0.0,0.0,0.0,0.0,0.0,0.0,0.0,0.0,0.0,0.0,0.0,0.0,0.0,0.0,0.0,0.0,0.0,0.0,0.0,0.0,0.0,0.0,0.0,0.0,0.0,0.0,0.0,0.0,0.0,0.0,0.0,0.0,0.0,7930.9,1980.9652167567203,4768.0,10524.0,5756.0,10524.0,5020.0,-5504.0,276.5128205128205,836.0,-7435.8,497.47116499351,-8444.0,-6572.0,1872.0,-8172.0,-7252.0,920.0,318.35897435897436,1028.0,13034.3,1520.7132241155794,10680.0,15528.0,4848.0,10680.0,14660.0,3980.0,308.8205128205128,1320.0,-669.025,539.8465748478914,-1814.0,201.0,2015.0,31.0,-859.0,-890.0,306.05128205128204,1318.0,3076.075,1137.0405970654697,630.0,5157.0,4527.0,1382.0,1757.0,375.0,543.974358974359,2382.0,-519.6,705.7784284037024,-1721.0,1098.0,2819.0,723.0,-411.0,-1134.0,670.8205128205128,1671.0,exercise_2_fingers_straight,exercise_2_fingers_straight_8
0.0,0.0,0.0,0.0,0.0,0.0,0.0,0.0,0.0,0.0,0.0,0.0,0.0,0.0,0.0,0.0,0.0,0.0,0.0,0.0,0.0,0.0,0.0,0.0,0.0,0.0,0.0,0.0,0.0,0.0,0.0,0.0,0.0,0.0,0.0,0.0,0.0,0.0,0.0,0.0,0.0,0.0,0.0,0.0,0.0,0.0,0.0,0.0,0.0,0.0,6051.9,1008.3485458907551,4752.0,8172.0,3420.0,8172.0,7456.0,-716.0,315.79487179487177,1392.0,-7128.0,467.9316189359296,-8528.0,-5756.0,2772.0,-7172.0,-5836.0,1336.0,430.56410256410254,2772.0,14429.4,486.38137299859665,13384.0,15528.0,2144.0,13516.0,14040.0,524.0,364.0,2016.0,-434.8,1002.1205566198112,-1814.0,4071.0,5885.0,-320.0,593.0,913.0,505.4102564102564,3923.0,1337.025,2587.5738877131603,-9679.0,4616.0,14295.0,4419.0,-1070.0,-5489.0,1193.2564102564102,10467.0,-88.35,1103.3518602422348,-1536.0,4808.0,6344.0,-955.0,1530.0,2485.0,1009.2564102564103,6250.0,exercise_2_fingers_straight,exercise_2_fingers_straight_8
0.0,0.0,0.0,0.0,0.0,0.0,0.0,0.0,0.0,0.0,0.0,0.0,0.0,0.0,0.0,0.0,0.0,0.0,0.0,0.0,0.0,0.0,0.0,0.0,0.0,0.0,0.0,0.0,0.0,0.0,0.0,0.0,0.0,0.0,0.0,0.0,0.0,0.0,0.0,0.0,0.0,0.0,0.0,0.0,0.0,0.0,0.0,0.0,0.0,0.0,7022.4,1291.6958775191629,4752.0,8608.0,3856.0,4752.0,8332.0,3580.0,315.38461538461536,1392.0,-6919.4,521.1230564847423,-8528.0,-5756.0,2772.0,-7240.0,-6824.0,416.0,426.6666666666667,2772.0,14035.0,565.2141187196229,13300.0,15400.0,2100.0,14764.0,13348.0,-1416.0,326.56410256410254,2016.0,-64.325,900.6800316288798,-1137.0,4071.0,5208.0,-843.0,-537.0,306.0,592.2051282051282,3923.0,-208.625,1799.9590646386935,-9679.0,1490.0,11169.0,1012.0,693.0,-319.0,1379.051282051282,10467.0,569.8,1150.3550582320227,-1442.0,4808.0,6250.0,415.0,23.0,-392.0,1097.8461538461538,6250.0,exercise_2_fingers_straight,exercise_2_fingers_straight_8
0.0,0.0,0.0,0.0,0.0,0.0,0.0,0.0,0.0,0.0,0.0,0.0,0.0,0.0,0.0,0.0,0.0,0.0,0.0,0.0,0.0,0.0,0.0,0.0,0.0,0.0,0.0,0.0,0.0,0.0,0.0,0.0,0.0,0.0,0.0,0.0,0.0,0.0,0.0,0.0,0.0,0.0,0.0,0.0,0.0,0.0,0.0,0.0,0.0,0.0,8388.4,436.93367917797326,7284.0,8956.0,1672.0,7284.0,8628.0,1344.0,221.94871794871796,1168.0,-6764.5,213.16695334877778,-7052.0,-6128.0,924.0,-6128.0,-7048.0,-920.0,199.17948717948718,684.0,13357.8,342.80834295565217,12908.0,14200.0,1292.0,13944.0,12944.0,-1000.0,165.94871794871796,628.0,-424.425,488.7514648315644,-1371.0,737.0,2108.0,641.0,-845.0,-1486.0,313.1794871794872,1359.0,461.05,796.9974890173744,-1712.0,1490.0,3202.0,-613.0,1065.0,1678.0,550.3076923076923,2582.0,465.5,735.6059746902549,-289.0,3337.0,3626.0,1559.0,223.0,-1336.0,492.3076923076923,1778.0,exercise_2_fingers_straight,exercise_2_fingers_straight_8
0.0,0.0,0.0,0.0,0.0,0.0,0.0,0.0,0.0,0.0,0.0,0.0,0.0,0.0,0.0,0.0,0.0,0.0,0.0,0.0,0.0,0.0,0.0,0.0,0.0,0.0,0.0,0.0,0.0,0.0,0.0,0.0,0.0,0.0,0.0,0.0,0.0,0.0,0.0,0.0,0.0,0.0,0.0,0.0,0.0,0.0,0.0,0.0,0.0,0.0,8140.1,832.472696248952,5928.0,8956.0,3028.0,8452.0,6012.0,-2440.0,224.2051282051282,888.0,-7004.8,263.4892028148402,-7844.0,-6548.0,1296.0,-6696.0,-6864.0,-168.0,172.10256410256412,1072.0,13366.1,436.6453824329304,12908.0,14556.0,1648.0,13336.0,14420.0,1084.0,191.69230769230768,804.0,-792.8,370.37178618247907,-1638.0,-149.0,1489.0,-1121.0,-1567.0,-446.0,228.97435897435898,829.0,1986.925,1300.3447309752132,64.0,4508.0,4444.0,64.0,4508.0,4444.0,399.12820512820514,2631.0,-308.075,631.4689773654759,-1867.0,1369.0,3236.0,169.0,-1766.0,-1935.0,392.94871794871796,1947.0,exercise_2_fingers_straight,exercise_2_fingers_straight_8
0.225,0.41758232721225164,0.0,1.0,1.0,0.0,1.0,1.0,0.02564102564102564,1.0,0.0,0.0,0.0,0.0,0.0,0.0,0.0,0.0,0.0,0.0,0.0,0.0,0.0,0.0,0.0,0.0,0.0,0.0,0.0,0.0,0.0,0.0,0.0,0.0,0.0,0.0,0.0,0.0,0.0,0.0,0.0,0.0,0.0,0.0,0.0,0.0,0.0,0.0,0.0,0.0,6336.8,1393.3979187583136,4764.0,8900.0,4136.0,8580.0,5068.0,-3512.0,247.5897435897436,888.0,-7147.4,221.97756643408812,-7844.0,-6772.0,1072.0,-6912.0,-6940.0,-28.0,217.12820512820514,1072.0,14229.4,686.0737861192483,12948.0,15108.0,2160.0,13456.0,14832.0,1376.0,208.6153846153846,804.0,-878.5,368.38967140787213,-1638.0,-149.0,1489.0,-913.0,-483.0,430.0,235.64102564102564,829.0,2535.375,1156.9664145406296,289.0,4508.0,4219.0,1328.0,848.0,-480.0,593.1282051282051,2631.0,-683.575,628.5155880127397,-1867.0,1369.0,3236.0,426.0,-90.0,-516.0,491.94871794871796,1947.0,exercise_2_fingers_straight,exercise_2_fingers_straight_8
0.35,0.47696960070847294,0.0,1.0,1.0,0.0,0.0,0.0,0.05128205128205128,1.0,0.0,0.0,0.0,0.0,0.0,0.0,0.0,0.0,0.0,0.0,0.0,0.0,0.0,0.0,0.0,0.0,0.0,0.0,0.0,0.0,0.0,0.0,0.0,0.0,0.0,0.0,0.0,0.0,0.0,0.0,0.0,0.0,0.0,0.0,0.0,0.0,0.0,0.0,0.0,0.0,5762.0,1095.6674678021611,4764.0,8376.0,3612.0,6068.0,7876.0,1808.0,353.43589743589746,1936.0,-7102.6,289.7371912613222,-7776.0,-6444.0,1332.0,-6840.0,-7668.0,-828.0,271.8974358974359,828.0,14505.7,672.3944601199507,12608.0,15388.0,2780.0,14668.0,13144.0,-1524.0,489.53846153846155,2296.0,-566.425,573.8916224994053,-1464.0,1358.0,2822.0,-1418.0,-226.0,1192.0,386.8205128205128,1580.0,414.2,2090.5145443167817,-4753.0,4413.0,9166.0,4413.0,-255.0,-4668.0,978.8717948717949,6044.0,132.125,1209.4790652900942,-1641.0,3339.0,4980.0,-534.0,568.0,1102.0,819.0769230769231,4789.0,exercise_2_fingers_straight,exercise_2_fingers_straight_8
0.125,0.33071891388307384,0.0,1.0,1.0,1.0,0.0,-1.0,0.02564102564102564,1.0,0.0,0.0,0.0,0.0,0.0,0.0,0.0,0.0,0.0,0.0,0.0,0.0,0.0,0.0,0.0,0.0,0.0,0.0,0.0,0.0,0.0,0.0,0.0,0.0,0.0,0.0,0.0,0.0,0.0,0.0,0.0,0.0,0.0,0.0,0.0,0.0,0.0,0.0,0.0,0.0,7680.4,1539.207276490077,4788.0,9588.0,4800.0,4896.0,9504.0,4608.0,404.1025641025641,1936.0,-7350.7,436.1764665820475,-8324.0,-6444.0,1880.0,-6964.0,-7892.0,-928.0,283.0769230769231,828.0,13315.2,1102.7794702477918,11484.0,15388.0,3904.0,15052.0,11856.0,-3196.0,543.2820512820513,2296.0,-232.2,541.3230181693735,-1351.0,1358.0,2709.0,24.0,-218.0,-242.0,438.2564102564103,1580.0,-863.025,1307.7589702903972,-4753.0,1291.0,6044.0,512.0,-645.0,-1157.0,1028.076923076923,6044.0,1093.825,872.3426186854565,-1464.0,3339.0,4803.0,539.0,975.0,436.0,851.6410256410256,4789.0,exercise_2_fingers_straight,exercise_2_fingers_straight_8
0.0,0.0,0.0,0.0,0.0,0.0,0.0,0.0,0.0,0.0,0.0,0.0,0.0,0.0,0.0,0.0,0.0,0.0,0.0,0.0,0.0,0.0,0.0,0.0,0.0,0.0,0.0,0.0,0.0,0.0,0.0,0.0,0.0,0.0,0.0,0.0,0.0,0.0,0.0,0.0,0.0,0.0,0.0,0.0,0.0,0.0,0.0,0.0,0.0,0.0,9312.4,478.87518206731085,8024.0,10004.0,1980.0,8024.0,9692.0,1668.0,175.69230769230768,504.0,-8175.1,644.5565840172607,-9088.0,-7104.0,1984.0,-7344.0,-8908.0,-1564.0,223.07692307692307,864.0,11703.9,860.0802230024825,10320.0,13168.0,2848.0,13132.0,10996.0,-2136.0,253.12820512820514,732.0,-345.975,396.5427774843465,-1202.0,890.0,2092.0,519.0,-284.0,-803.0,236.17948717948718,916.0,-13.4,1137.1723879869753,-2113.0,2990.0,5103.0,-1485.0,2990.0,4475.0,558.5384615384615,2276.0,897.775,702.7859733766746,-734.0,2157.0,2891.0,542.0,-286.0,-828.0,402.1025641025641,1387.0,exercise_2_fingers_straight,exercise_2_fingers_straight_8
0.0,0.0,0.0,0.0,0.0,0.0,0.0,0.0,0.0,0.0,0.0,0.0,0.0,0.0,0.0,0.0,0.0,0.0,0.0,0.0,0.0,0.0,0.0,0.0,0.0,0.0,0.0,0.0,0.0,0.0,0.0,0.0,0.0,0.0,0.0,0.0,0.0,0.0,0.0,0.0,0.0,0.0,0.0,0.0,0.0,0.0,0.0,0.0,0.0,0.0,9150.3,770.0373432503128,7156.0,10004.0,2848.0,9424.0,7156.0,-2268.0,165.64102564102564,592.0,-8630.7,346.99439476740827,-9144.0,-7712.0,1432.0,-8416.0,-8232.0,184.0,244.30769230769232,864.0,11486.7,830.0078975527882,10320.0,13592.0,3272.0,11640.0,13076.0,1436.0,275.5897435897436,1328.0,-563.225,390.3443663933168,-1327.0,551.0,1878.0,-314.0,551.0,865.0,307.71794871794873,1204.0,1954.2,1816.5564428335276,-1341.0,6502.0,7843.0,-313.0,2815.0,3128.0,596.2564102564103,2329.0,-207.0,1070.1705938774435,-3079.0,1752.0,4831.0,1435.0,-538.0,-1973.0,451.9230769230769,1724.0,exercise_2_fingers_straight,exercise_2_fingers_straight_8
0.1,0.30000000000000004,0.0,1.0,1.0,0.0,1.0,1.0,0.02564102564102564,1.0,0.0,0.0,0.0,0.0,0.0,0.0,0.0,0.0,0.0,0.0,0.0,0.0,0.0,0.0,0.0,0.0,0.0,0.0,0.0,0.0,0.0,0.0,0.0,0.0,0.0,0.0,0.0,0.0,0.0,0.0,0.0,0.0,0.0,0.0,0.0,0.0,0.0,0.0,0.0,0.0,7780.4,1002.3878690407221,6652.0,9584.0,2932.0,9552.0,6956.0,-2596.0,200.92307692307693,592.0,-7724.0,919.5059543037228,-9144.0,-6140.0,3004.0,-8912.0,-6264.0,2648.0,371.6923076923077,1004.0,13064.7,1226.729599382032,10916.0,14616.0,3700.0,11096.0,14440.0,3344.0,296.20512820512823,1328.0,-555.325,545.3430290881142,-1691.0,572.0,2263.0,-366.0,-496.0,-130.0,364.61538461538464,1819.0,2740.225,1198.3157239955585,695.0,6502.0,5807.0,2645.0,1416.0,-1229.0,677.3076923076923,2329.0,-1260.925,1008.3419902865298,-4238.0,302.0,4540.0,-569.0,302.0,871.0,665.2051282051282,2333.0,exercise_2_fingers_straight,exercise_2_fingers_straight_8
0.3,0.45825756949558394,0.0,1.0,1.0,0.0,0.0,0.0,0.05128205128205128,1.0,0.0,0.0,0.0,0.0,0.0,0.0,0.0,0.0,0.0,0.0,0.0,0.0,0.0,0.0,0.0,0.0,0.0,0.0,0.0,0.0,0.0,0.0,0.0,0.0,0.0,0.0,0.0,0.0,0.0,0.0,0.0,0.0,0.0,0.0,0.0,0.0,0.0,0.0,0.0,0.0,7176.7,426.83100871422164,6652.0,8364.0,1712.0,6920.0,7872.0,952.0,291.0769230769231,980.0,-6970.0,634.3759137924453,-8396.0,-5568.0,2828.0,-7584.0,-7784.0,-200.0,513.2307692307693,1612.0,13977.8,510.48365301936946,12696.0,14616.0,1920.0,13364.0,12944.0,-420.0,406.05128205128204,1432.0,-476.875,509.96780229245843,-1691.0,572.0,2263.0,225.0,-97.0,-322.0,382.87179487179486,1819.0,800.425,1757.1550712373112,-4074.0,3831.0,7905.0,3515.0,-395.0,-3910.0,941.6923076923077,4489.0,42.6,2099.725693989574,-4238.0,5743.0,9981.0,-1788.0,691.0,2479.0,1046.7948717948718,4816.0,exercise_2_fingers_straight,exercise_2_fingers_straight_8
0.2,0.4000000000000001,0.0,1.0,1.0,1.0,0.0,-1.0,0.02564102564102564,1.0,0.0,0.0,0.0,0.0,0.0,0.0,0.0,0.0,0.0,0.0,0.0,0.0,0.0,0.0,0.0,0.0,0.0,0.0,0.0,0.0,0.0,0.0,0.0,0.0,0.0,0.0,0.0,0.0,0.0,0.0,0.0,0.0,0.0,0.0,0.0,0.0,0.0,0.0,0.0,0.0,8386.4,1113.9959784487555,6668.0,10196.0,3528.0,6668.0,9860.0,3192.0,325.12820512820514,980.0,-7839.9,1004.9837759884484,-9256.0,-5568.0,3688.0,-6648.0,-9076.0,-2428.0,457.7435897435897,1612.0,12556.2,1464.4294315534637,10276.0,14600.0,4324.0,14036.0,10532.0,-3504.0,475.6923076923077,1432.0,-630.15,503.0184663608286,-2183.0,492.0,2675.0,-465.0,-339.0,126.0,409.1794871794872,1237.0,-617.075,1302.4823105804549,-4074.0,1207.0,5281.0,510.0,-271.0,-781.0,1131.7179487179487,4489.0,1220.3,1220.2916290788855,-71.0,5743.0,5814.0,92.0,1263.0,1171.0,908.1794871794872,4816.0,exercise_2_fingers_straight,exercise_2_fingers_straight_8
0.0,0.0,0.0,0.0,0.0,0.0,0.0,0.0,0.0,0.0,0.0,0.0,0.0,0.0,0.0,0.0,0.0,0.0,0.0,0.0,0.0,0.0,0.0,0.0,0.0,0.0,0.0,0.0,0.0,0.0,0.0,0.0,0.0,0.0,0.0,0.0,0.0,0.0,0.0,0.0,0.0,0.0,0.0,0.0,0.0,0.0,0.0,0.0,0.0,0.0,9489.6,448.35057711572085,7856.0,10196.0,2340.0,7856.0,9408.0,1552.0,173.53846153846155,532.0,-9047.2,476.68035411583725,-9588.0,-7616.0,1972.0,-7616.0,-9440.0,-1824.0,214.56410256410257,848.0,10816.9,744.6080781189524,10176.0,13236.0,3060.0,13236.0,10520.0,-2716.0,254.25641025641025,1140.0,-619.325,446.74665009936,-2183.0,-71.0,2112.0,-1044.0,-147.0,897.0,241.10256410256412,827.0,190.8,1366.9826297360185,-3139.0,3937.0,7076.0,-3139.0,3937.0,7076.0,664.1025641025641,2192.0,617.05,433.9507431725403,-202.0,1634.0,1836.0,1572.0,-202.0,-1774.0,295.2307692307692,1264.0,exercise_2_fingers_straight,exercise_2_fingers_straight_8
0.0,0.0,0.0,0.0,0.0,0.0,0.0,0.0,0.0,0.0,0.0,0.0,0.0,0.0,0.0,0.0,0.0,0.0,0.0,0.0,0.0,0.0,0.0,0.0,0.0,0.0,0.0,0.0,0.0,0.0,0.0,0.0,0.0,0.0,0.0,0.0,0.0,0.0,0.0,0.0,0.0,0.0,0.0,0.0,0.0,0.0,0.0,0.0,0.0,0.0,8603.8,1197.7695771725046,5844.0,9884.0,4040.0,9872.0,6092.0,-3780.0,239.89743589743588,1036.0,-9097.3,551.7654483564552,-9856.0,-7688.0,2168.0,-9508.0,-7928.0,1580.0,202.35897435897436,940.0,11422.6,1313.3878482763573,10176.0,13840.0,3664.0,10420.0,13728.0,3308.0,231.48717948717947,1160.0,-178.725,530.5905666095092,-1109.0,1089.0,2198.0,-292.0,-1109.0,-817.0,346.1794871794872,1482.0,2227.7,1429.0449992914848,240.0,5465.0,5225.0,396.0,2163.0,1767.0,567.2564102564103,2406.0,-213.825,1116.7023302451732,-4421.0,1634.0,6055.0,1634.0,-1225.0,-2859.0,571.3589743589744,4762.0,exercise_2_fingers_straight,exercise_2_fingers_straight_8
0.0,0.0,0.0,0.0,0.0,0.0,0.0,0.0,0.0,0.0,0.0,0.0,0.0,0.0,0.0,0.0,0.0,0.0,0.0,0.0,0.0,0.0,0.0,0.0,0.0,0.0,0.0,0.0,0.0,0.0,0.0,0.0,0.0,0.0,0.0,0.0,0.0,0.0,0.0,0.0,0.0,0.0,0.0,0.0,0.0,0.0,0.0,0.0,0.0,0.0,6764.9,1085.401487929697,5124.0,9172.0,4048.0,9172.0,5124.0,-4048.0,277.7435897435897,1036.0,-7962.2,966.0910723115085,-9856.0,-6544.0,3312.0,-9104.0,-6724.0,2380.0,279.6923076923077,940.0,13471.4,1273.7307564787782,10808.0,15100.0,4292.0,10808.0,14836.0,4028.0,261.64102564102564,1160.0,-140.0,598.6971271018427,-1109.0,1089.0,2198.0,772.0,-522.0,-1294.0,392.7692307692308,1482.0,2817.85,1046.4109744741786,1021.0,5465.0,4444.0,3308.0,1021.0,-2287.0,612.1794871794872,2406.0,-905.825,1138.8899834378208,-4421.0,994.0,5415.0,994.0,-32.0,-1026.0,716.4615384615385,4762.0,exercise_2_fingers_straight,exercise_2_fingers_straight_8
0.0,0.0,0.0,0.0,0.0,0.0,0.0,0.0,0.0,0.0,0.0,0.0,0.0,0.0,0.0,0.0,0.0,0.0,0.0,0.0,0.0,0.0,0.0,0.0,0.0,0.0,0.0,0.0,0.0,0.0,0.0,0.0,0.0,0.0,0.0,0.0,0.0,0.0,0.0,0.0,0.0,0.0,0.0,0.0,0.0,0.0,0.0,0.0,0.0,0.0,6422.7,1016.1729724805714,5124.0,8724.0,3600.0,6324.0,8432.0,2108.0,265.53846153846155,1472.0,-6965.8,442.5968368617201,-7996.0,-6232.0,1764.0,-7996.0,-7324.0,672.0,335.5897435897436,1016.0,14360.5,633.6321882606659,12760.0,15604.0,2844.0,13568.0,13032.0,-536.0,426.46153846153845,1508.0,-406.3,617.220228119591,-3078.0,537.0,3615.0,-903.0,-167.0,736.0,442.46153846153845,2686.0,553.15,2136.0444114062793,-4347.0,3700.0,8047.0,1696.0,-1026.0,-2722.0,896.6666666666666,3933.0,-184.475,1260.6876692404821,-2849.0,2252.0,5101.0,-1110.0,1250.0,2360.0,824.4102564102565,3027.0,exercise_2_fingers_straight,exercise_2_fingers_straight_8
0.0,0.0,0.0,0.0,0.0,0.0,0.0,0.0,0.0,0.0,0.0,0.0,0.0,0.0,0.0,0.0,0.0,0.0,0.0,0.0,0.0,0.0,0.0,0.0,0.0,0.0,0.0,0.0,0.0,0.0,0.0,0.0,0.0,0.0,0.0,0.0,0.0,0.0,0.0,0.0,0.0,0.0,0.0,0.0,0.0,0.0,0.0,0.0,0.0,0.0,8941.0,2318.397679432931,5348.0,12344.0,6996.0,5436.0,12344.0,6908.0,293.2307692307692,1472.0,-7202.2,543.981580570519,-8240.0,-6232.0,2008.0,-6844.0,-7876.0,-1032.0,362.05128205128204,1016.0,12334.3,2225.580712982569,8348.0,15604.0,7256.0,14844.0,8796.0,-6048.0,516.7179487179487,1616.0,-471.25,599.6875332204264,-3078.0,356.0,3434.0,-447.0,-565.0,-118.0,491.4871794871795,2686.0,-1647.2,1534.2665870050093,-4524.0,1136.0,5660.0,1118.0,258.0,-860.0,1368.0,3933.0,643.675,767.731899412158,-1815.0,2252.0,4067.0,311.0,372.0,61.0,774.6410256410256,3027.0,exercise_2_fingers_straight,exercise_2_fingers_straight_8
0.0,0.0,0.0,0.0,0.0,0.0,0.0,0.0,0.0,0.0,0.0,0.0,0.0,0.0,0.0,0.0,0.0,0.0,0.0,0.0,0.0,0.0,0.0,0.0,0.0,0.0,0.0,0.0,0.0,0.0,0.0,0.0,0.0,0.0,0.0,0.0,0.0,0.0,0.0,0.0,0.0,0.0,0.0,0.0,0.0,0.0,0.0,0.0,0.0,0.0,10865.8,1096.3335076517546,8956.0,12344.0,3388.0,8960.0,8964.0,4.0,289.3333333333333,1156.0,-7696.3,361.26155344846757,-8372.0,-6752.0,1620.0,-6940.0,-7524.0,-584.0,308.9230769230769,1192.0,10442.4,1438.1153778469934,8348.0,13420.0,5072.0,13420.0,12512.0,-908.0,353.3333333333333,1616.0,-495.775,434.25018638453105,-1909.0,277.0,2186.0,-427.0,-493.0,-66.0,379.28205128205127,1482.0,1093.125,3790.3396034359507,-4524.0,9650.0,14174.0,-4524.0,6619.0,11143.0,1645.4102564102564,5899.0,52.975,953.4531579343582,-2190.0,1629.0,3819.0,1323.0,-2119.0,-3442.0,504.97435897435895,1816.0,exercise_2_fingers_straight,exercise_2_fingers_straight_8
0.0,0.0,0.0,0.0,0.0,0.0,0.0,0.0,0.0,0.0,0.0,0.0,0.0,0.0,0.0,0.0,0.0,0.0,0.0,0.0,0.0,0.0,0.0,0.0,0.0,0.0,0.0,0.0,0.0,0.0,0.0,0.0,0.0,0.0,0.0,0.0,0.0,0.0,0.0,0.0,0.0,0.0,0.0,0.0,0.0,0.0,0.0,0.0,0.0,0.0,10462.5,2053.3840726956078,6468.0,13184.0,6716.0,13184.0,6468.0,-6716.0,262.05128205128204,776.0,-5734.6,742.1108003526158,-7000.0,-4172.0,2828.0,-6156.0,-4816.0,1340.0,349.02564102564105,976.0,11830.1,2256.5394722893725,8288.0,15464.0,7176.0,8496.0,15144.0,6648.0,347.6923076923077,820.0,-310.675,484.1566578856476,-1285.0,338.0,1623.0,-678.0,-1241.0,-563.0,213.25641025641025,734.0,3470.575,1075.8424812094938,1145.0,5931.0,4786.0,1473.0,1234.0,-239.0,521.0,1730.0,-493.45,825.431158546853,-2556.0,1202.0,3758.0,-76.0,-1088.0,-1012.0,596.6666666666666,2234.0,exercise_2_fingers_straight,exercise_2_fingers_straight_9
0.0,0.0,0.0,0.0,0.0,0.0,0.0,0.0,0.0,0.0,0.0,0.0,0.0,0.0,0.0,0.0,0.0,0.0,0.0,0.0,0.0,0.0,0.0,0.0,0.0,0.0,0.0,0.0,0.0,0.0,0.0,0.0,0.0,0.0,0.0,0.0,0.0,0.0,0.0,0.0,0.0,0.0,0.0,0.0,0.0,0.0,0.0,0.0,0.0,0.0,7832.5,1387.7305754360245,6308.0,11140.0,4832.0,10768.0,7860.0,-2908.0,284.8205128205128,776.0,-4964.7,415.366717491905,-6104.0,-4172.0,1932.0,-5576.0,-5456.0,120.0,351.1794871794872,976.0,14383.8,1078.4714924373288,11364.0,15532.0,4168.0,12184.0,14252.0,2068.0,287.0769230769231,820.0,-647.175,465.74010389379185,-1502.0,292.0,1794.0,-392.0,-942.0,-550.0,198.05128205128204,734.0,2280.475,2022.4163392771034,-2460.0,5931.0,8391.0,2991.0,-425.0,-3416.0,651.7435897435897,2466.0,-569.05,813.9801579276979,-2556.0,1542.0,4098.0,-126.0,126.0,252.0,669.8974358974359,2234.0,exercise_2_fingers_straight,exercise_2_fingers_straight_9
0.0,0.0,0.0,0.0,0.0,0.0,0.0,0.0,0.0,0.0,0.0,0.0,0.0,0.0,0.0,0.0,0.0,0.0,0.0,0.0,0.0,0.0,0.0,0.0,0.0,0.0,0.0,0.0,0.0,0.0,0.0,0.0,0.0,0.0,0.0,0.0,0.0,0.0,0.0,0.0,0.0,0.0,0.0,0.0,0.0,0.0,0.0,0.0,0.0,0.0,7821.2,1001.40429397921,6308.0,9516.0,3208.0,6692.0,9216.0,2524.0,274.7692307692308,952.0,-5010.4,367.38949358956904,-5692.0,-4184.0,1508.0,-4828.0,-5304.0,-476.0,296.9230769230769,948.0,14442.7,673.2253040401854,13276.0,15532.0,2256.0,14824.0,13276.0,-1548.0,240.51282051282053,548.0,-507.55,651.6630628630105,-1502.0,1487.0,2989.0,-1439.0,-600.0,839.0,318.64102564102564,1105.0,164.125,1124.7585338084791,-2460.0,2693.0,5153.0,833.0,212.0,-621.0,733.3076923076923,2486.0,195.475,784.5142760810668,-1611.0,1673.0,3284.0,-753.0,116.0,869.0,558.5384615384615,1630.0,exercise_2_fingers_straight,exercise_2_fingers_straight_9
0.0,0.0,0.0,0.0,0.0,0.0,0.0,0.0,0.0,0.0,0.0,0.0,0.0,0.0,0.0,0.0,0.0,0.0,0.0,0.0,0.0,0.0,0.0,0.0,0.0,0.0,0.0,0.0,0.0,0.0,0.0,0.0,0.0,0.0,0.0,0.0,0.0,0.0,0.0,0.0,0.0,0.0,0.0,0.0,0.0,0.0,0.0,0.0,0.0,0.0,9899.1,1305.349451296472,7916.0,12028.0,4112.0,7916.0,12028.0,4112.0,287.1794871794872,952.0,-5429.6,475.51050461582867,-6392.0,-4728.0,1664.0,-4792.0,-6392.0,-1600.0,275.28205128205127,948.0,12761.0,1290.8904678554256,10384.0,14620.0,4236.0,14604.0,10384.0,-4220.0,299.5897435897436,1016.0,-445.425,625.8109094407031,-1588.0,1487.0,3075.0,-613.0,-367.0,246.0,345.12820512820514,1105.0,-567.825,820.816388953705,-2274.0,1484.0,3758.0,301.0,-20.0,-321.0,782.8974358974359,2486.0,681.175,626.8018382032714,-594.0,1948.0,2542.0,-285.0,717.0,1002.0,558.6153846153846,2015.0,exercise_2_fingers_straight,exercise_2_fingers_straight_9
0.0,0.0,0.0,0.0,0.0,0.0,0.0,0.0,0.0,0.0,0.0,0.0,0.0,0.0,0.0,0.0,0.0,0.0,0.0,0.0,0.0,0.0,0.0,0.0,0.0,0.0,0.0,0.0,0.0,0.0,0.0,0.0,0.0,0.0,0.0,0.0,0.0,0.0,0.0,0.0,0.0,0.0,0.0,0.0,0.0,0.0,0.0,0.0,0.0,0.0,11549.0,697.5412532603358,9908.0,12668.0,2760.0,9924.0,12668.0,2744.0,180.71794871794873,616.0,-6051.5,545.0359162477276,-7008.0,-4884.0,2124.0,-4932.0,-6860.0,-1928.0,212.10256410256412,624.0,10943.4,978.8056191093305,9716.0,13416.0,3700.0,13416.0,10156.0,-3260.0,230.46153846153845,1016.0,-604.725,286.6813551227215,-1588.0,-165.0,1423.0,-481.0,-412.0,69.0,201.92307692307693,735.0,-120.475,950.9320424588709,-2125.0,1210.0,3335.0,-1941.0,691.0,2632.0,485.4871794871795,1738.0,532.25,540.9192985094911,-505.0,1948.0,2453.0,610.0,179.0,-431.0,441.9230769230769,2015.0,exercise_2_fingers_straight,exercise_2_fingers_straight_9
0.0,0.0,0.0,0.0,0.0,0.0,0.0,0.0,0.0,0.0,0.0,0.0,0.0,0.0,0.0,0.0,0.0,0.0,0.0,0.0,0.0,0.0,0.0,0.0,0.0,0.0,0.0,0.0,0.0,0.0,0.0,0.0,0.0,0.0,0.0,0.0,0.0,0.0,0.0,0.0,0.0,0.0,0.0,0.0,0.0,0.0,0.0,0.0,0.0,0.0,12425.9,520.1984140690934,11508.0,13524.0,2016.0,11796.0,12168.0,372.0,182.05128205128204,804.0,-6165.9,512.2819438551393,-7060.0,-4916.0,2144.0,-6156.0,-5728.0,428.0,342.6666666666667,1752.0,9762.0,562.2639949347637,8800.0,10516.0,1716.0,10492.0,10160.0,-332.0,208.30769230769232,696.0,-300.25,493.0092164452912,-931.0,1471.0,2402.0,-443.0,1471.0,1914.0,303.79487179487177,1607.0,935.65,1237.1829199839449,-901.0,5279.0,6180.0,529.0,5279.0,4750.0,651.5384615384615,2321.0,448.2,1300.4655935471726,-1641.0,5867.0,7508.0,466.0,5867.0,5401.0,693.4615384615385,4365.0,exercise_2_fingers_straight,exercise_2_fingers_straight_9
0.0,0.0,0.0,0.0,0.0,0.0,0.0,0.0,0.0,0.0,0.0,0.0,0.0,0.0,0.0,0.0,0.0,0.0,0.0,0.0,0.0,0.0,0.0,0.0,0.0,0.0,0.0,0.0,0.0,0.0,0.0,0.0,0.0,0.0,0.0,0.0,0.0,0.0,0.0,0.0,0.0,0.0,0.0,0.0,0.0,0.0,0.0,0.0,0.0,0.0,11276.8,1739.9503900973727,8124.0,13524.0,5400.0,12820.0,8124.0,-4696.0,246.35897435897436,1128.0,-6140.8,826.906137357802,-7904.0,-4916.0,2988.0,-7060.0,-5064.0,1996.0,478.6666666666667,2028.0,10910.2,1873.1842301279391,8800.0,14496.0,5696.0,10052.0,14372.0,4320.0,322.46153846153845,864.0,-9.575,636.566410027265,-1214.0,1471.0,2685.0,-156.0,-82.0,74.0,513.1794871794872,1724.0,2631.575,1874.9849851065474,-901.0,5279.0,6180.0,189.0,3936.0,3747.0,848.7948717948718,2321.0,-160.125,2102.362221258506,-3503.0,6196.0,9699.0,72.0,-1011.0,-1083.0,1071.3589743589744,4365.0,exercise_2_fingers_straight,exercise_2_fingers_straight_9
0.3,0.45825756949558405,0.0,1.0,1.0,0.0,0.0,0.0,0.05128205128205128,1.0,0.0,0.0,0.0,0.0,0.0,0.0,0.0,0.0,0.0,0.0,0.0,0.0,0.0,0.0,0.0,0.0,0.0,0.0,0.0,0.0,0.0,0.0,0.0,0.0,0.0,0.0,0.0,0.0,0.0,0.0,0.0,0.0,0.0,0.0,0.0,0.0,0.0,0.0,0.0,0.0,8521.6,1447.227639315944,6784.0,12032.0,5248.0,12032.0,7784.0,-4248.0,272.61538461538464,1240.0,-5585.6,1098.9306802523988,-7904.0,-3732.0,4172.0,-7756.0,-3732.0,4024.0,367.5897435897436,1316.0,13698.9,1523.9120676731977,10048.0,15492.0,5444.0,10048.0,14372.0,4324.0,353.94871794871796,1500.0,-316.625,795.0307442954644,-1771.0,1185.0,2956.0,1178.0,-1122.0,-2300.0,506.87179487179486,1724.0,2486.325,2124.4942737920005,-2768.0,5212.0,7980.0,3066.0,-2026.0,-5092.0,594.8717948717949,3220.0,-755.325,1839.455848715864,-3503.0,6196.0,9699.0,6196.0,-192.0,-6388.0,967.3333333333334,3851.0,exercise_2_fingers_straight,exercise_2_fingers_straight_9
0.3,0.4582575694955839,0.0,1.0,1.0,0.0,0.0,0.0,0.05128205128205128,1.0,0.0,0.0,0.0,0.0,0.0,0.0,0.0,0.0,0.0,0.0,0.0,0.0,0.0,0.0,0.0,0.0,0.0,0.0,0.0,0.0,0.0,0.0,0.0,0.0,0.0,0.0,0.0,0.0,0.0,0.0,0.0,0.0,0.0,0.0,0.0,0.0,0.0,0.0,0.0,0.0,8608.3,1399.3565342685188,6784.0,10552.0,3768.0,7812.0,10496.0,2684.0,289.3333333333333,1240.0,-5078.9,608.7751555377405,-6236.0,-3732.0,2504.0,-5008.0,-5900.0,-892.0,361.12820512820514,2012.0,13875.8,1168.468724442379,12152.0,15492.0,3340.0,14736.0,12152.0,-2584.0,419.28205128205127,1500.0,-645.425,656.848760655754,-1948.0,1005.0,2953.0,-386.0,-973.0,-587.0,466.4871794871795,2158.0,62.2,1962.171401789354,-5604.0,4413.0,10017.0,4413.0,-1748.0,-6161.0,841.1025641025641,4578.0,170.475,1370.7401830306862,-2732.0,2930.0,5662.0,-2131.0,714.0,2845.0,726.6410256410256,3437.0,exercise_2_fingers_straight,exercise_2_fingers_straight_9
0.0,0.0,0.0,0.0,0.0,0.0,0.0,0.0,0.0,0.0,0.0,0.0,0.0,0.0,0.0,0.0,0.0,0.0,0.0,0.0,0.0,0.0,0.0,0.0,0.0,0.0,0.0,0.0,0.0,0.0,0.0,0.0,0.0,0.0,0.0,0.0,0.0,0.0,0.0,0.0,0.0,0.0,0.0,0.0,0.0,0.0,0.0,0.0,0.0,0.0,10709.7,942.382464819884,8456.0,11864.0,3408.0,8456.0,11632.0,3176.0,194.87179487179486,708.0,-5822.6,624.006121764843,-6540.0,-4040.0,2500.0,-4040.0,-6256.0,-2216.0,221.12820512820514,2012.0,11868.4,1158.8828413605925,10428.0,15128.0,4700.0,15128.0,10428.0,-4700.0,309.43589743589746,1284.0,-573.2,423.6973684128803,-1948.0,210.0,2158.0,210.0,71.0,-139.0,288.4871794871795,2158.0,-236.0,1373.826644813675,-5604.0,2370.0,7974.0,-1026.0,2370.0,3396.0,698.1025641025641,4578.0,608.4,530.3340362450821,-246.0,2153.0,2399.0,889.0,195.0,-694.0,379.7435897435897,2344.0,exercise_2_fingers_straight,exercise_2_fingers_straight_9
0.0,0.0,0.0,0.0,0.0,0.0,0.0,0.0,0.0,0.0,0.0,0.0,0.0,0.0,0.0,0.0,0.0,0.0,0.0,0.0,0.0,0.0,0.0,0.0,0.0,0.0,0.0,0.0,0.0,0.0,0.0,0.0,0.0,0.0,0.0,0.0,0.0,0.0,0.0,0.0,0.0,0.0,0.0,0.0,0.0,0.0,0.0,0.0,0.0,0.0,10794.7,1064.3297938139287,7972.0,11864.0,3892.0,10692.0,9080.0,-1612.0,255.69230769230768,1364.0,-6004.3,404.8292356043471,-6564.0,-5012.0,1552.0,-5860.0,-5012.0,848.0,211.28205128205127,568.0,11694.1,1151.0579438064794,10428.0,14800.0,4372.0,11932.0,14800.0,2868.0,256.3076923076923,1556.0,-473.7,424.06969945988834,-1596.0,378.0,1974.0,-772.0,-1351.0,-579.0,241.87179487179486,1185.0,2021.925,1912.8675645153796,-1950.0,6000.0,7950.0,-1950.0,4470.0,6420.0,586.1025641025641,3271.0,-210.425,718.5993977001373,-2090.0,915.0,3005.0,666.0,-1391.0,-2057.0,428.5897435897436,2047.0,exercise_2_fingers_straight,exercise_2_fingers_straight_9
0.0,0.0,0.0,0.0,0.0,0.0,0.0,0.0,0.0,0.0,0.0,0.0,0.0,0.0,0.0,0.0,0.0,0.0,0.0,0.0,0.0,0.0,0.0,0.0,0.0,0.0,0.0,0.0,0.0,0.0,0.0,0.0,0.0,0.0,0.0,0.0,0.0,0.0,0.0,0.0,0.0,0.0,0.0,0.0,0.0,0.0,0.0,0.0,0.0,0.0,9032.3,1308.7910108187632,7452.0,11720.0,4268.0,11720.0,8588.0,-3132.0,336.71794871794873,1364.0,-5385.5,548.303337578753,-6564.0,-4492.0,2072.0,-6564.0,-6248.0,316.0,281.53846153846155,1004.0,13479.2,1262.9040185223896,10872.0,14800.0,3928.0,10872.0,12756.0,1884.0,316.4102564102564,1872.0,-661.1,664.9703301651887,-3645.0,378.0,4023.0,-258.0,-1416.0,-1158.0,417.28205128205127,3010.0,2107.375,2142.201247403007,-3478.0,6000.0,9478.0,2373.0,-2863.0,-5236.0,747.2307692307693,3271.0,-455.125,1019.1394700309669,-2110.0,3742.0,5852.0,-251.0,1095.0,1346.0,673.6923076923077,2885.0,exercise_2_fingers_straight,exercise_2_fingers_straight_9
0.0,0.0,0.0,0.0,0.0,0.0,0.0,0.0,0.0,0.0,0.0,0.0,0.0,0.0,0.0,0.0,0.0,0.0,0.0,0.0,0.0,0.0,0.0,0.0,0.0,0.0,0.0,0.0,0.0,0.0,0.0,0.0,0.0,0.0,0.0,0.0,0.0,0.0,0.0,0.0,0.0,0.0,0.0,0.0,0.0,0.0,0.0,0.0,0.0,0.0,8904.3,1023.8220108983786,7452.0,10888.0,3436.0,7796.0,10192.0,2396.0,364.20512820512823,1728.0,-5489.5,595.8601765515127,-6448.0,-4492.0,1956.0,-5620.0,-5924.0,-304.0,292.71794871794873,1112.0,13566.4,967.6994574763386,12280.0,14800.0,2520.0,14500.0,12328.0,-2172.0,333.64102564102564,1872.0,-505.15,711.7830269822399,-3645.0,882.0,4527.0,-972.0,-477.0,495.0,434.5897435897436,3010.0,198.6,1497.7571699043872,-3478.0,3697.0,7175.0,3697.0,196.0,-3501.0,691.7179487179487,3077.0,385.225,1099.6088960966986,-2110.0,3742.0,5852.0,-896.0,506.0,1402.0,595.7948717948718,2885.0,exercise_2_fingers_straight,exercise_2_fingers_straight_9
0.0,0.0,0.0,0.0,0.0,0.0,0.0,0.0,0.0,0.0,0.0,0.0,0.0,0.0,0.0,0.0,0.0,0.0,0.0,0.0,0.0,0.0,0.0,0.0,0.0,0.0,0.0,0.0,0.0,0.0,0.0,0.0,0.0,0.0,0.0,0.0,0.0,0.0,0.0,0.0,0.0,0.0,0.0,0.0,0.0,0.0,0.0,0.0,0.0,0.0,10197.6,578.7336520369279,8356.0,10912.0,2556.0,8932.0,10912.0,1980.0,301.84615384615387,1728.0,-6168.8,360.20905041378404,-6836.0,-5240.0,1596.0,-5460.0,-6836.0,-1376.0,246.56410256410257,1112.0,12258.6,582.7284444747827,11420.0,13856.0,2436.0,13288.0,11456.0,-1832.0,274.05128205128204,1340.0,-263.65,400.7541359736665,-1295.0,882.0,2177.0,-780.0,-235.0,545.0,241.05128205128204,926.0,97.25,830.380959259062,-2962.0,1036.0,3998.0,-1185.0,813.0,1998.0,562.5128205128206,3077.0,730.65,514.7813395025115,-12.0,2351.0,2363.0,878.0,382.0,-496.0,379.12820512820514,2056.0,exercise_2_fingers_straight,exercise_2_fingers_straight_9
0.0,0.0,0.0,0.0,0.0,0.0,0.0,0.0,0.0,0.0,0.0,0.0,0.0,0.0,0.0,0.0,0.0,0.0,0.0,0.0,0.0,0.0,0.0,0.0,0.0,0.0,0.0,0.0,0.0,0.0,0.0,0.0,0.0,0.0,0.0,0.0,0.0,0.0,0.0,0.0,0.0,0.0,0.0,0.0,0.0,0.0,0.0,0.0,0.0,0.0,10369.8,552.8145801261035,8712.0,11012.0,2300.0,10184.0,8712.0,-1472.0,181.53846153846155,932.0,-6271.4,315.1184539185225,-6836.0,-5540.0,1296.0,-6104.0,-5572.0,532.0,233.33333333333334,652.0,12014.9,605.0864318425922,11288.0,13816.0,2528.0,12244.0,13816.0,1572.0,199.69230769230768,1000.0,-412.8,246.27618642491603,-1333.0,102.0,1435.0,-490.0,-105.0,385.0,197.82051282051282,643.0,1602.175,1660.6659340081017,-1023.0,5207.0,6230.0,800.0,4128.0,3328.0,567.9487179487179,1821.0,-125.525,881.7665787355517,-2323.0,1376.0,3699.0,792.0,-1287.0,-2079.0,269.71794871794873,1205.0,exercise_2_fingers_straight,exercise_2_fingers_straight_9
0.0,0.0,0.0,0.0,0.0,0.0,0.0,0.0,0.0,0.0,0.0,0.0,0.0,0.0,0.0,0.0,0.0,0.0,0.0,0.0,0.0,0.0,0.0,0.0,0.0,0.0,0.0,0.0,0.0,0.0,0.0,0.0,0.0,0.0,0.0,0.0,0.0,0.0,0.0,0.0,0.0,0.0,0.0,0.0,0.0,0.0,0.0,0.0,0.0,0.0,8641.5,1630.5568833990428,6508.0,11012.0,4504.0,11012.0,7176.0,-3836.0,245.43589743589743,932.0,-5860.0,398.45100075166084,-6652.0,-5256.0,1396.0,-6324.0,-5352.0,972.0,222.66666666666666,636.0,13461.1,1381.6769484941117,11288.0,15312.0,4024.0,11288.0,14400.0,3112.0,221.53846153846155,1000.0,-683.925,506.1215460489703,-2011.0,102.0,2113.0,-429.0,-1800.0,-1371.0,265.46153846153845,1264.0,2396.525,1794.9540243067509,-2010.0,5235.0,7245.0,717.0,-2010.0,-2727.0,719.0512820512821,2916.0,-572.875,712.5538641920343,-2323.0,629.0,2952.0,8.0,629.0,621.0,293.20512820512823,1205.0,exercise_2_fingers_straight,exercise_2_fingers_straight_9
0.0,0.0,0.0,0.0,0.0,0.0,0.0,0.0,0.0,0.0,0.0,0.0,0.0,0.0,0.0,0.0,0.0,0.0,0.0,0.0,0.0,0.0,0.0,0.0,0.0,0.0,0.0,0.0,0.0,0.0,0.0,0.0,0.0,0.0,0.0,0.0,0.0,0.0,0.0,0.0,0.0,0.0,0.0,0.0,0.0,0.0,0.0,0.0,0.0,0.0,7885.6,916.7821115183259,6508.0,9484.0,2976.0,8188.0,9400.0,1212.0,261.64102564102564,1044.0,-5610.3,268.6259667269715,-6772.0,-5144.0,1628.0,-5256.0,-5752.0,-496.0,293.12820512820514,1172.0,14186.5,651.4584791066887,12796.0,15312.0,2516.0,13924.0,13380.0,-544.0,306.87179487179486,1224.0,-659.4,522.0207754486405,-2011.0,212.0,2223.0,-734.0,-186.0,548.0,271.5897435897436,1264.0,853.85,1890.5685593228297,-3208.0,5235.0,8443.0,4566.0,-374.0,-4940.0,738.9230769230769,3485.0,-85.05,586.0797705944132,-1599.0,1190.0,2789.0,-730.0,283.0,1013.0,443.87179487179486,1184.0,exercise_2_fingers_straight,exercise_2_fingers_straight_9
0.0,0.0,0.0,0.0,0.0,0.0,0.0,0.0,0.0,0.0,0.0,0.0,0.0,0.0,0.0,0.0,0.0,0.0,0.0,0.0,0.0,0.0,0.0,0.0,0.0,0.0,0.0,0.0,0.0,0.0,0.0,0.0,0.0,0.0,0.0,0.0,0.0,0.0,0.0,0.0,0.0,0.0,0.0,0.0,0.0,0.0,0.0,0.0,0.0,0.0,9386.2,890.5687845416546,7360.0,10864.0,3504.0,7360.0,10864.0,3504.0,223.17948717948718,1044.0,-5712.4,267.6696471399027,-6772.0,-5144.0,1628.0,-5408.0,-6012.0,-604.0,296.9230769230769,1172.0,13093.0,706.5475214024885,11736.0,14412.0,2676.0,13932.0,11736.0,-2196.0,282.97435897435895,1224.0,-422.45,258.58441078301684,-978.0,212.0,1190.0,-801.0,-547.0,254.0,185.53846153846155,705.0,-76.175,801.9762741970613,-3208.0,1084.0,4292.0,-1831.0,450.0,2281.0,540.5384615384615,3485.0,275.275,343.38447748114646,-337.0,1190.0,1527.0,27.0,551.0,524.0,434.71794871794873,1163.0,exercise_2_fingers_straight,exercise_2_fingers_straight_9
0.0,0.0,0.0,0.0,0.0,0.0,0.0,0.0,0.0,0.0,0.0,0.0,0.0,0.0,0.0,0.0,0.0,0.0,0.0,0.0,0.0,0.0,0.0,0.0,0.0,0.0,0.0,0.0,0.0,0.0,0.0,0.0,0.0,0.0,0.0,0.0,0.0,0.0,0.0,0.0,0.0,0.0,0.0,0.0,0.0,0.0,0.0,0.0,0.0,0.0,10757.1,775.8608058150638,9332.0,12096.0,2764.0,9332.0,11960.0,2628.0,156.0,580.0,-6012.3,348.1900486803148,-6760.0,-5448.0,1312.0,-5764.0,-6624.0,-860.0,191.28205128205127,540.0,11786.5,952.411544449142,9912.0,13004.0,3092.0,12732.0,10004.0,-2728.0,181.94871794871796,884.0,-443.85,188.20009962802888,-857.0,55.0,912.0,-477.0,-613.0,-136.0,159.12820512820514,485.0,-63.35,715.5746484469668,-1995.0,1673.0,3668.0,-201.0,316.0,517.0,473.5128205128205,2089.0,530.425,389.6558665989773,-124.0,1711.0,1835.0,618.0,434.0,-184.0,324.4102564102564,1303.0,exercise_2_fingers_straight,exercise_2_fingers_straight_9
0.2,0.40000000000000013,0.0,1.0,1.0,1.0,1.0,0.0,0.05128205128205128,1.0,0.225,0.4175823272122518,0.0,1.0,1.0,1.0,1.0,0.0,0.05128205128205128,1.0,0.0,0.0,0.0,0.0,0.0,0.0,0.0,0.0,0.0,0.0,0.175,0.3799671038392667,0.0,1.0,1.0,1.0,1.0,0.0,0.05128205128205128,1.0,0.0,0.0,0.0,0.0,0.0,0.0,0.0,0.0,0.0,0.0,4840.3,1931.0973849083844,1664.0,7716.0,6052.0,7716.0,7108.0,-608.0,578.4615384615385,2016.0,-2741.3,463.5052426887964,-3960.0,-1568.0,2392.0,-2996.0,-2792.0,204.0,436.4102564102564,1664.0,16242.3,741.8527549318666,14564.0,17600.0,3036.0,15216.0,15180.0,-36.0,495.6923076923077,2816.0,-514.375,799.2058773401257,-2189.0,1115.0,3304.0,-854.0,-538.0,316.0,379.53846153846155,2566.0,1046.45,4022.8621400067896,-11751.0,7879.0,19630.0,1630.0,605.0,-1025.0,1638.076923076923,8623.0,-235.25,1377.2712650382277,-3114.0,1553.0,4667.0,145.0,442.0,297.0,844.6410256410256,3235.0,exercise_2_fingers_straight,exercise_2_fingers_straight_16
0.25,0.4330127018922193,0.0,1.0,1.0,0.0,0.0,0.0,0.05128205128205128,1.0,0.275,0.4465142774872936,0.0,1.0,1.0,0.0,0.0,0.0,0.05128205128205128,1.0,0.0,0.0,0.0,0.0,0.0,0.0,0.0,0.0,0.0,0.0,0.175,0.3799671038392664,0.0,1.0,1.0,0.0,0.0,0.0,0.05128205128205128,1.0,0.0,0.0,0.0,0.0,0.0,0.0,0.0,0.0,0.0,0.0,5162.6,1561.587026073155,2196.0,7300.0,5104.0,2928.0,2196.0,-732.0,425.12820512820514,1304.0,-2914.1,340.3080810089587,-3960.0,-2296.0,1664.0,-3336.0,-2852.0,484.0,375.4871794871795,1664.0,16186.7,556.3735345970368,15180.0,17300.0,2120.0,17072.0,16940.0,-132.0,334.2564102564103,1032.0,-622.775,815.6564990086206,-2673.0,1276.0,3949.0,-682.0,-2673.0,-1991.0,542.1794871794872,2566.0,889.175,3768.702925991249,-11751.0,7033.0,18784.0,-1132.0,3767.0,4899.0,1756.948717948718,8623.0,61.45,1277.0272109473628,-4248.0,2096.0,6344.0,35.0,-862.0,-897.0,867.4102564102565,5646.0,exercise_2_fingers_straight,exercise_2_fingers_straight_16
0.125,0.33071891388307384,0.0,1.0,1.0,1.0,0.0,-1.0,0.02564102564102564,1.0,0.15,0.3570714214271425,0.0,1.0,1.0,1.0,0.0,-1.0,0.02564102564102564,1.0,0.0,0.0,0.0,0.0,0.0,0.0,0.0,0.0,0.0,0.0,0.075,0.2633913438213189,0.0,1.0,1.0,1.0,0.0,-1.0,0.02564102564102564,1.0,0.0,0.0,0.0,0.0,0.0,0.0,0.0,0.0,0.0,0.0,4226.0,1757.787472932948,1684.0,7232.0,5548.0,7232.0,6376.0,-856.0,489.43589743589746,1496.0,-3238.9,690.046368007252,-5764.0,-2304.0,3460.0,-2712.0,-3208.0,-496.0,584.0,2460.0,16338.7,532.6157245144009,15232.0,17108.0,1876.0,15232.0,15964.0,732.0,343.28205128205127,1076.0,-591.775,1057.5113589815478,-2673.0,2273.0,4946.0,-730.0,157.0,887.0,651.8717948717949,2275.0,1266.575,3229.370433130117,-6349.0,7033.0,13382.0,2132.0,-1060.0,-3192.0,1450.4615384615386,5113.0,-196.725,1701.1975192125694,-5535.0,3554.0,9089.0,474.0,1559.0,1085.0,1456.025641025641,6643.0,exercise_2_fingers_straight,exercise_2_fingers_straight_16
0.25,0.4330127018922193,0.0,1.0,1.0,0.0,0.0,0.0,0.05128205128205128,1.0,0.25,0.4330127018922193,0.0,1.0,1.0,0.0,0.0,0.0,0.05128205128205128,1.0,0.0,0.0,0.0,0.0,0.0,0.0,0.0,0.0,0.0,0.0,0.2,0.40000000000000013,0.0,1.0,1.0,0.0,0.0,0.0,0.05128205128205128,1.0,0.0,0.0,0.0,0.0,0.0,0.0,0.0,0.0,0.0,0.0,4899.8,2017.242662646217,1684.0,7668.0,5984.0,2016.0,3008.0,992.0,531.0769230769231,2104.0,-3264.8,688.6672345915696,-5764.0,-1896.0,3868.0,-3176.0,-2912.0,264.0,620.5128205128206,2460.0,16012.5,657.8493368545719,14984.0,17108.0,2124.0,17024.0,16848.0,-176.0,317.53846153846155,1076.0,-411.95,907.4587580160324,-2466.0,2273.0,4739.0,-2014.0,-1696.0,318.0,548.5128205128206,2529.0,784.35,3475.2913658425823,-6349.0,7348.0,13697.0,2573.0,5430.0,2857.0,1371.7692307692307,5113.0,77.075,1651.433792004693,-5535.0,3554.0,9089.0,-315.0,-544.0,-229.0,1451.2051282051282,6643.0,exercise_2_fingers_straight,exercise_2_fingers_straight_16
0.25,0.4330127018922193,0.0,1.0,1.0,0.0,0.0,0.0,0.05128205128205128,1.0,0.25,0.4330127018922193,0.0,1.0,1.0,0.0,0.0,0.0,0.05128205128205128,1.0,0.0,0.0,0.0,0.0,0.0,0.0,0.0,0.0,0.0,0.0,0.2,0.40000000000000013,0.0,1.0,1.0,0.0,0.0,0.0,0.05128205128205128,1.0,0.0,0.0,0.0,0.0,0.0,0.0,0.0,0.0,0.0,0.0,4053.8,2689.24419865508,-568.0,7668.0,8236.0,6332.0,3600.0,-2732.0,682.3589743589744,2664.0,-3474.7,742.5557958833801,-5492.0,-1896.0,3596.0,-3340.0,-2500.0,840.0,578.6666666666666,2008.0,16171.4,831.4293956795129,14984.0,18652.0,3668.0,15696.0,16352.0,656.0,520.4102564102565,2536.0,-545.075,1193.9535038580857,-3143.0,2416.0,5559.0,-4.0,120.0,124.0,698.1538461538462,2529.0,1334.925,4282.605739427224,-8390.0,7890.0,16280.0,-241.0,-2426.0,-2185.0,1777.051282051282,8179.0,73.7,1498.191262823275,-4308.0,3935.0,8243.0,1543.0,-228.0,-1771.0,1564.179487179487,6715.0,exercise_2_fingers_straight,exercise_2_fingers_straight_16
0.225,0.41758232721225164,0.0,1.0,1.0,0.0,0.0,0.0,0.05128205128205128,1.0,0.275,0.4465142774872937,0.0,1.0,1.0,0.0,0.0,0.0,0.05128205128205128,1.0,0.0,0.0,0.0,0.0,0.0,0.0,0.0,0.0,0.0,0.0,0.2,0.40000000000000013,0.0,1.0,1.0,0.0,0.0,0.0,0.05128205128205128,1.0,0.0,0.0,0.0,0.0,0.0,0.0,0.0,0.0,0.0,0.0,4082.4,2568.0502798816074,-568.0,6968.0,7536.0,2704.0,5072.0,2368.0,619.0769230769231,2664.0,-3679.8,592.7440931801851,-5492.0,-2500.0,2992.0,-3936.0,-2876.0,1060.0,501.02564102564105,2004.0,16217.4,779.8648857334199,15096.0,18652.0,3556.0,16408.0,16808.0,400.0,538.2564102564103,2536.0,-561.025,1134.0593345918896,-3143.0,2416.0,5559.0,-3012.0,-1625.0,1387.0,590.7948717948718,1976.0,480.475,3871.9904247524937,-8390.0,8279.0,16669.0,7701.0,4409.0,-3292.0,1687.3333333333333,8179.0,141.225,1335.0407575707193,-2780.0,3935.0,6715.0,-547.0,295.0,842.0,1352.3076923076924,6715.0,exercise_2_fingers_straight,exercise_2_fingers_straight_16
0.225,0.41758232721225175,0.0,1.0,1.0,0.0,0.0,0.0,0.05128205128205128,1.0,0.275,0.4465142774872935,0.0,1.0,1.0,0.0,0.0,0.0,0.05128205128205128,1.0,0.0,0.0,0.0,0.0,0.0,0.0,0.0,0.0,0.0,0.0,0.2,0.4000000000000001,0.0,1.0,1.0,0.0,0.0,0.0,0.05128205128205128,1.0,0.0,0.0,0.0,0.0,0.0,0.0,0.0,0.0,0.0,0.0,4220.3,2253.1193288416835,620.0,6968.0,6348.0,5812.0,3560.0,-2252.0,549.2307692307693,2796.0,-3786.3,704.0090269307631,-6788.0,-2876.0,3912.0,-3540.0,-4144.0,-604.0,581.4358974358975,3364.0,16156.9,640.6237507304894,15096.0,17332.0,2236.0,16564.0,16268.0,-296.0,424.8205128205128,1456.0,-553.4,1201.4971244243577,-6194.0,1603.0,7797.0,-434.0,838.0,1272.0,773.3333333333334,5961.0,1375.675,3742.874666533064,-9977.0,12585.0,22562.0,-1465.0,-2169.0,-704.0,2208.8205128205127,13167.0,211.175,1745.4758933812293,-5836.0,4170.0,10006.0,1366.0,-3115.0,-4481.0,1604.948717948718,10006.0,exercise_2_fingers_straight,exercise_2_fingers_straight_16
0.15,0.3570714214271425,0.0,1.0,1.0,0.0,0.0,0.0,0.05128205128205128,1.0,0.25,0.4330127018922193,0.0,1.0,1.0,0.0,1.0,1.0,0.02564102564102564,1.0,0.0,0.0,0.0,0.0,0.0,0.0,0.0,0.0,0.0,0.0,0.175,0.3799671038392666,0.0,1.0,1.0,0.0,0.0,0.0,0.05128205128205128,1.0,0.0,0.0,0.0,0.0,0.0,0.0,0.0,0.0,0.0,0.0,3883.0,2022.8658383590346,620.0,6540.0,5920.0,3124.0,5968.0,2844.0,600.1025641025641,2796.0,-3543.3,916.8100730249423,-6788.0,-1068.0,5720.0,-4220.0,-3192.0,1028.0,654.2564102564103,3364.0,16267.6,651.4769681270399,15228.0,18344.0,3116.0,16368.0,15768.0,-600.0,524.9230769230769,3116.0,-238.475,1342.3293371505367,-6194.0,3341.0,9535.0,-561.0,-663.0,-102.0,974.0512820512821,5961.0,788.675,3644.1606536176473,-9977.0,12585.0,22562.0,4965.0,5316.0,351.0,2103.871794871795,13167.0,492.775,1828.6053085275125,-5836.0,4170.0,10006.0,4170.0,-1231.0,-5401.0,1788.7435897435898,10006.0,exercise_2_fingers_straight,exercise_2_fingers_straight_16
0.15,0.3570714214271425,0.0,1.0,1.0,0.0,0.0,0.0,0.05128205128205128,1.0,0.25,0.4330127018922193,0.0,1.0,1.0,0.0,0.0,0.0,0.05128205128205128,1.0,0.0,0.0,0.0,0.0,0.0,0.0,0.0,0.0,0.0,0.0,0.175,0.37996710383926635,0.0,1.0,1.0,0.0,0.0,0.0,0.05128205128205128,1.0,0.0,0.0,0.0,0.0,0.0,0.0,0.0,0.0,0.0,0.0,3157.2,2991.2380313174676,-2524.0,6540.0,9064.0,3844.0,1048.0,-2796.0,734.4615384615385,3436.0,-3477.5,969.9520348965716,-6052.0,-1068.0,4984.0,-2484.0,-6020.0,-3536.0,664.8205128205128,3272.0,16356.1,732.3400781057937,15228.0,18344.0,3116.0,15228.0,15652.0,424.0,527.7948717948718,3116.0,-594.5,1309.5255820334323,-4768.0,3341.0,8109.0,-295.0,-465.0,-170.0,897.7948717948718,3636.0,1442.425,4599.259635460364,-11688.0,12163.0,23851.0,-1478.0,-3528.0,-2050.0,2128.358974358974,8160.0,154.775,2061.95987457928,-7457.0,4032.0,11489.0,-2106.0,1229.0,3335.0,1800.076923076923,7957.0,exercise_2_fingers_straight,exercise_2_fingers_straight_16
0.15,0.3570714214271425,0.0,1.0,1.0,0.0,1.0,1.0,0.02564102564102564,1.0,0.2,0.40000000000000013,0.0,1.0,1.0,0.0,1.0,1.0,0.02564102564102564,1.0,0.0,0.0,0.0,0.0,0.0,0.0,0.0,0.0,0.0,0.0,0.175,0.3799671038392666,0.0,1.0,1.0,0.0,1.0,1.0,0.02564102564102564,1.0,0.0,0.0,0.0,0.0,0.0,0.0,0.0,0.0,0.0,0.0,2866.0,2880.4948186032207,-2524.0,6832.0,9356.0,4836.0,6652.0,1816.0,789.7435897435897,3436.0,-4202.3,781.1124822968841,-6052.0,-2608.0,3444.0,-2788.0,-4544.0,-1756.0,743.8974358974359,3272.0,16335.3,836.8583571907494,14552.0,17836.0,3284.0,16368.0,15044.0,-1324.0,623.2820512820513,2092.0,-773.125,1121.8518437721623,-4768.0,964.0,5732.0,-402.0,-359.0,43.0,864.2307692307693,3464.0,605.95,4886.305178506558,-11688.0,12163.0,23851.0,4174.0,1088.0,-3086.0,2539.641025641026,8160.0,56.2,2204.550670771711,-7457.0,4032.0,11489.0,-1218.0,443.0,1661.0,2423.974358974359,7957.0,exercise_2_fingers_straight,exercise_2_fingers_straight_16
0.225,0.41758232721225175,0.0,1.0,1.0,0.0,0.0,0.0,0.05128205128205128,1.0,0.25,0.4330127018922193,0.0,1.0,1.0,0.0,0.0,0.0,0.05128205128205128,1.0,0.0,0.0,0.0,0.0,0.0,0.0,0.0,0.0,0.0,0.0,0.225,0.41758232721225175,0.0,1.0,1.0,0.0,0.0,0.0,0.05128205128205128,1.0,0.0,0.0,0.0,0.0,0.0,0.0,0.0,0.0,0.0,0.0,3651.7,2650.697928848174,-1440.0,6832.0,8272.0,3760.0,-432.0,-4192.0,613.9487179487179,2148.0,-4286.6,522.7646124213076,-5320.0,-2656.0,2664.0,-3932.0,-4440.0,-508.0,580.0,2620.0,16145.9,813.1415559421373,14552.0,17744.0,3192.0,17744.0,16808.0,-936.0,564.7179487179487,1652.0,-472.025,787.4091530932315,-2855.0,2030.0,4885.0,297.0,-615.0,-912.0,787.025641025641,3268.0,1519.275,4293.26870803296,-6808.0,12821.0,19629.0,-1241.0,-11.0,1230.0,2181.128205128205,10251.0,54.15,1822.4182361631479,-3858.0,3971.0,7829.0,-3632.0,714.0,4346.0,2139.4871794871797,5440.0,exercise_2_fingers_straight,exercise_2_fingers_straight_16
0.15,0.3570714214271425,0.0,1.0,1.0,1.0,1.0,0.0,0.05128205128205128,1.0,0.15,0.3570714214271425,0.0,1.0,1.0,1.0,1.0,0.0,0.05128205128205128,1.0,0.0,0.0,0.0,0.0,0.0,0.0,0.0,0.0,0.0,0.0,0.15,0.3570714214271425,0.0,1.0,1.0,1.0,1.0,0.0,0.05128205128205128,1.0,0.0,0.0,0.0,0.0,0.0,0.0,0.0,0.0,0.0,0.0,2950.3,2532.6433444131058,-1440.0,6752.0,8192.0,6688.0,6120.0,-568.0,822.7692307692307,2448.0,-3992.1,601.9624489949518,-5276.0,-2656.0,2620.0,-4396.0,-3888.0,508.0,650.5641025641025,2620.0,16343.3,610.2031710832057,14868.0,17608.0,2740.0,14868.0,15496.0,628.0,508.0,1336.0,-336.35,942.6489683333874,-2855.0,2386.0,5241.0,-843.0,-481.0,362.0,847.5897435897435,3268.0,1170.75,4516.315366258207,-6974.0,12821.0,19795.0,1568.0,317.0,-1251.0,2216.3333333333335,10251.0,138.975,1865.6612565991184,-5783.0,3971.0,9754.0,-1037.0,133.0,1170.0,1878.2564102564102,6511.0,exercise_2_fingers_straight,exercise_2_fingers_straight_16
0.175,0.3799671038392664,0.0,1.0,1.0,0.0,0.0,0.0,0.05128205128205128,1.0,0.25,0.4330127018922193,0.0,1.0,1.0,0.0,0.0,0.0,0.05128205128205128,1.0,0.0,0.0,0.0,0.0,0.0,0.0,0.0,0.0,0.0,0.0,0.2,0.4000000000000001,0.0,1.0,1.0,0.0,0.0,0.0,0.05128205128205128,1.0,0.0,0.0,0.0,0.0,0.0,0.0,0.0,0.0,0.0,0.0,3293.5,2379.560915379138,-992.0,6440.0,7432.0,16.0,-476.0,-492.0,703.8974358974359,2448.0,-3842.0,494.36747465827483,-4724.0,-2784.0,1940.0,-3996.0,-4168.0,-172.0,559.0769230769231,1824.0,16264.3,584.5417949129044,14900.0,17444.0,2544.0,17444.0,16468.0,-976.0,509.7435897435897,1336.0,-508.3,987.5657243950907,-4255.0,2386.0,6641.0,319.0,-599.0,-918.0,773.0769230769231,3701.0,1018.9,4449.2969152440255,-6974.0,15046.0,22020.0,-2874.0,221.0,3095.0,2045.820512820513,10433.0,60.75,1574.2668730237576,-5783.0,3812.0,9595.0,1222.0,686.0,-536.0,1499.2307692307693,6511.0,exercise_2_fingers_straight,exercise_2_fingers_straight_16
0.15,0.3570714214271425,0.0,1.0,1.0,1.0,1.0,0.0,0.05128205128205128,1.0,0.2,0.4000000000000001,0.0,1.0,1.0,1.0,1.0,0.0,0.05128205128205128,1.0,0.0,0.0,0.0,0.0,0.0,0.0,0.0,0.0,0.0,0.0,0.125,0.33071891388307384,0.0,1.0,1.0,1.0,1.0,0.0,0.05128205128205128,1.0,0.0,0.0,0.0,0.0,0.0,0.0,0.0,0.0,0.0,0.0,3254.4,2374.044447772619,-992.0,6440.0,7432.0,6440.0,5196.0,-1244.0,544.5128205128206,2040.0,-4015.2,577.5632952326524,-5712.0,-2896.0,2816.0,-3892.0,-3712.0,180.0,638.8717948717949,2436.0,16274.9,665.4291772983809,14816.0,17820.0,3004.0,15400.0,16152.0,752.0,603.6923076923077,2032.0,-411.025,1139.194682385324,-4255.0,2310.0,6565.0,-504.0,-728.0,-224.0,958.9230769230769,3701.0,1094.925,4988.288756615339,-11690.0,15046.0,26736.0,342.0,657.0,315.0,2455.4615384615386,10433.0,331.075,1777.5370233485994,-2461.0,6780.0,9241.0,767.0,158.0,-609.0,1762.3846153846155,7859.0,exercise_2_fingers_straight,exercise_2_fingers_straight_16
0.15,0.3570714214271425,0.0,1.0,1.0,0.0,0.0,0.0,0.05128205128205128,1.0,0.175,0.3799671038392664,0.0,1.0,1.0,0.0,0.0,0.0,0.05128205128205128,1.0,0.0,0.0,0.0,0.0,0.0,0.0,0.0,0.0,0.0,0.0,0.125,0.33071891388307384,0.0,1.0,1.0,0.0,0.0,0.0,0.05128205128205128,1.0,0.0,0.0,0.0,0.0,0.0,0.0,0.0,0.0,0.0,0.0,3182.8,1938.711572153011,-400.0,5508.0,5908.0,-400.0,244.0,644.0,518.2564102564103,2040.0,-4049.5,531.213469332245,-5712.0,-3132.0,2580.0,-4332.0,-4436.0,-104.0,578.2564102564103,2436.0,16366.9,584.3450949567388,14816.0,17820.0,3004.0,16620.0,16256.0,-364.0,526.8717948717949,2032.0,-411.725,1060.6888796320059,-2382.0,2310.0,4692.0,-696.0,-356.0,340.0,854.7179487179487,2861.0,845.0,4250.434754233971,-11690.0,7459.0,19149.0,-819.0,2366.0,3185.0,1860.5384615384614,8765.0,199.525,1786.3543739625127,-2450.0,6780.0,9230.0,779.0,544.0,-235.0,1601.7692307692307,7859.0,exercise_2_fingers_straight,exercise_2_fingers_straight_16
0.1,0.2999999999999997,0.0,1.0,1.0,1.0,0.0,-1.0,0.02564102564102564,1.0,0.15,0.3570714214271425,0.0,1.0,1.0,1.0,1.0,0.0,0.05128205128205128,1.0,0.0,0.0,0.0,0.0,0.0,0.0,0.0,0.0,0.0,0.0,0.1,0.2999999999999997,0.0,1.0,1.0,1.0,0.0,-1.0,0.02564102564102564,1.0,0.0,0.0,0.0,0.0,0.0,0.0,0.0,0.0,0.0,0.0,2563.2,1822.4553108375526,-216.0,5176.0,5392.0,4964.0,4524.0,-440.0,571.2820512820513,2308.0,-4083.3,342.8316058942057,-4676.0,-3172.0,1504.0,-3556.0,-3936.0,-380.0,396.61538461538464,1504.0,16518.9,506.13356932730704,15776.0,18312.0,2536.0,15836.0,16256.0,420.0,437.84615384615387,2392.0,-591.025,788.7070903542076,-2382.0,1365.0,3747.0,-827.0,-406.0,421.0,654.9487179487179,2954.0,1136.575,3355.173414948175,-6801.0,7459.0,14260.0,619.0,-429.0,-1048.0,1559.8461538461538,6216.0,-24.0,1133.8002690068477,-2450.0,2129.0,4579.0,48.0,8.0,-40.0,962.5641025641025,3455.0,exercise_2_fingers_straight,exercise_2_fingers_straight_16
0.15,0.3570714214271425,0.0,1.0,1.0,0.0,0.0,0.0,0.05128205128205128,1.0,0.2,0.40000000000000013,0.0,1.0,1.0,0.0,0.0,0.0,0.05128205128205128,1.0,0.0,0.0,0.0,0.0,0.0,0.0,0.0,0.0,0.0,0.0,0.125,0.33071891388307384,0.0,1.0,1.0,0.0,0.0,0.0,0.05128205128205128,1.0,0.0,0.0,0.0,0.0,0.0,0.0,0.0,0.0,0.0,0.0,2705.2,1940.7914261970554,-216.0,5404.0,5620.0,92.0,-216.0,-308.0,532.4102564102565,2308.0,-4095.7,309.93726784625306,-4676.0,-3172.0,1504.0,-4220.0,-3884.0,336.0,339.8974358974359,1504.0,16452.4,591.4313485096983,15540.0,18312.0,2772.0,16684.0,16948.0,264.0,476.5128205128205,2392.0,-420.15,663.1224076292401,-1589.0,1432.0,3021.0,-618.0,-588.0,30.0,640.5128205128206,2954.0,1105.25,3704.408777052014,-6801.0,8658.0,15459.0,1769.0,1090.0,-679.0,1432.4871794871794,6216.0,16.2,1134.7390052342432,-3444.0,2129.0,5573.0,-32.0,15.0,47.0,757.2051282051282,3455.0,exercise_2_fingers_straight,exercise_2_fingers_straight_16
0.15,0.3570714214271425,0.0,1.0,1.0,0.0,0.0,0.0,0.05128205128205128,1.0,0.175,0.37996710383926624,0.0,1.0,1.0,1.0,0.0,-1.0,0.02564102564102564,1.0,0.0,0.0,0.0,0.0,0.0,0.0,0.0,0.0,0.0,0.0,0.125,0.33071891388307384,0.0,1.0,1.0,0.0,0.0,0.0,0.05128205128205128,1.0,0.0,0.0,0.0,0.0,0.0,0.0,0.0,0.0,0.0,0.0,2798.9,2009.030609522911,-356.0,5544.0,5900.0,4940.0,5544.0,604.0,421.43589743589746,1164.0,-4048.5,266.0138154307028,-4548.0,-3304.0,1244.0,-4144.0,-4276.0,-132.0,272.71794871794873,976.0,16389.4,536.8676186919827,15500.0,17556.0,2056.0,16092.0,16892.0,800.0,443.4871794871795,1908.0,-501.0,586.5643613449423,-1638.0,1432.0,3070.0,-623.0,-402.0,221.0,563.974358974359,2950.0,919.425,3804.324255945463,-6135.0,8658.0,14793.0,-663.0,-263.0,400.0,1313.7948717948718,5529.0,214.275,1305.8025690643283,-3444.0,3203.0,6647.0,395.0,1363.0,968.0,666.2564102564103,2912.0,exercise_2_fingers_straight,exercise_2_fingers_straight_16
0.225,0.4175823272122517,0.0,1.0,1.0,0.0,0.0,0.0,0.05128205128205128,1.0,0.225,0.4175823272122517,0.0,1.0,1.0,0.0,0.0,0.0,0.05128205128205128,1.0,0.0,0.0,0.0,0.0,0.0,0.0,0.0,0.0,0.0,0.0,0.125,0.33071891388307384,0.0,1.0,1.0,0.0,0.0,0.0,0.05128205128205128,1.0,0.0,0.0,0.0,0.0,0.0,0.0,0.0,0.0,0.0,0.0,3273.2,1987.8622085044021,-356.0,6056.0,6412.0,-232.0,292.0,524.0,506.97435897435895,1608.0,-4158.5,289.608960496736,-4724.0,-3508.0,1216.0,-4036.0,-3636.0,400.0,318.7692307692308,976.0,16308.2,544.4982644600441,15104.0,17172.0,2068.0,16808.0,17172.0,364.0,438.2564102564103,1568.0,-529.325,522.9766910436831,-1836.0,455.0,2291.0,-919.0,455.0,1374.0,497.8974358974359,1711.0,781.725,3627.982324843246,-6135.0,8187.0,14322.0,933.0,4821.0,3888.0,1324.820512820513,3631.0,352.5,1293.5879173832755,-2432.0,3203.0,5635.0,225.0,1601.0,1376.0,790.0512820512821,2932.0,exercise_2_fingers_straight,exercise_2_fingers_straight_16
0.0,0.0,0.0,0.0,0.0,0.0,0.0,0.0,0.0,0.0,0.0,0.0,0.0,0.0,0.0,0.0,0.0,0.0,0.0,0.0,0.0,0.0,0.0,0.0,0.0,0.0,0.0,0.0,0.0,0.0,0.0,0.0,0.0,0.0,0.0,0.0,0.0,0.0,0.0,0.0,0.0,0.0,0.0,0.0,0.0,0.0,0.0,0.0,0.0,0.0,10268.6,2016.1122091788443,7616.0,12968.0,5352.0,12936.0,8424.0,-4512.0,262.7692307692308,1128.0,-11708.0,1810.5188206699206,-14660.0,-9500.0,5160.0,-9500.0,-13772.0,-4272.0,598.7692307692307,2084.0,-2296.7,3746.5852065580993,-7844.0,4728.0,12572.0,4728.0,2424.0,-2304.0,765.7435897435897,2496.0,1939.1,4783.629400361194,-5836.0,10604.0,16440.0,-3583.0,3778.0,7361.0,1231.1538461538462,3105.0,-2422.5,3738.7895768550547,-7252.0,7505.0,14757.0,-2496.0,7505.0,10001.0,958.4871794871794,3754.0,219.225,1016.9533540802154,-2306.0,1754.0,4060.0,1754.0,-2306.0,-4060.0,534.9230769230769,1490.0,exercise_3_wrist_clockwise,exercise_3_wrist_clockwise_4
0.0,0.0,0.0,0.0,0.0,0.0,0.0,0.0,0.0,0.0,0.0,0.0,0.0,0.0,0.0,0.0,0.0,0.0,0.0,0.0,0.0,0.0,0.0,0.0,0.0,0.0,0.0,0.0,0.0,0.0,0.0,0.0,0.0,0.0,0.0,0.0,0.0,0.0,0.0,0.0,0.0,0.0,0.0,0.0,0.0,0.0,0.0,0.0,0.0,0.0,9384.9,1476.0611064586724,7616.0,12456.0,4840.0,9788.0,11964.0,2176.0,324.3076923076923,1128.0,-11488.8,3044.012115613208,-14660.0,-5144.0,9516.0,-11896.0,-6464.0,5432.0,935.3846153846154,3840.0,2455.5,6167.386622387152,-7844.0,11336.0,19180.0,-7844.0,9280.0,17124.0,877.025641025641,2840.0,1726.1,5098.886088156903,-6032.0,10604.0,16636.0,2744.0,-4706.0,-7450.0,1714.5641025641025,5944.0,3630.775,4736.322975091015,-4475.0,13620.0,18095.0,-3172.0,4752.0,7924.0,1393.8461538461538,5627.0,-3715.85,4752.1518681014395,-15488.0,1639.0,17127.0,-258.0,-3170.0,-2912.0,1361.7435897435898,7569.0,exercise_3_wrist_clockwise,exercise_3_wrist_clockwise_4
0.0,0.0,0.0,0.0,0.0,0.0,0.0,0.0,0.0,0.0,0.0,0.0,0.0,0.0,0.0,0.0,0.0,0.0,0.0,0.0,0.0,0.0,0.0,0.0,0.0,0.0,0.0,0.0,0.0,0.0,0.0,0.0,0.0,0.0,0.0,0.0,0.0,0.0,0.0,0.0,0.0,0.0,0.0,0.0,0.0,0.0,0.0,0.0,0.0,0.0,11223.5,1450.6443223616188,8380.0,13888.0,5508.0,8480.0,12016.0,3536.0,407.1794871794872,1104.0,-9243.3,2606.6731114583586,-14468.0,-3784.0,10684.0,-12752.0,-9584.0,3168.0,1187.4871794871794,4560.0,5816.3,5080.081289703935,-4364.0,11832.0,16196.0,4248.0,-3980.0,-8228.0,1054.871794871795,4316.0,-4162.625,4270.195772370981,-13381.0,4396.0,17777.0,4396.0,-1187.0,-5583.0,2240.1794871794873,8558.0,1486.55,7188.607490154125,-15259.0,13620.0,28879.0,7262.0,-2285.0,-9547.0,1943.7692307692307,5627.0,-3973.525,4574.202296507556,-15488.0,905.0,16393.0,-1953.0,-503.0,1450.0,1562.2051282051282,7569.0,exercise_3_wrist_clockwise,exercise_3_wrist_clockwise_4
0.0,0.0,0.0,0.0,0.0,0.0,0.0,0.0,0.0,0.0,0.0,0.0,0.0,0.0,0.0,0.0,0.0,0.0,0.0,0.0,0.0,0.0,0.0,0.0,0.0,0.0,0.0,0.0,0.0,0.0,0.0,0.0,0.0,0.0,0.0,0.0,0.0,0.0,0.0,0.0,0.0,0.0,0.0,0.0,0.0,0.0,0.0,0.0,0.0,0.0,11974.4,659.7355833968636,10780.0,13888.0,3108.0,12104.0,12136.0,32.0,430.56410256410254,1256.0,-9563.3,1501.7192513915509,-12304.0,-3784.0,8520.0,-6616.0,-10520.0,-3904.0,850.8717948717949,4560.0,-473.7,6130.0221133369505,-6068.0,11832.0,17900.0,10680.0,-1400.0,-12080.0,795.6923076923077,4316.0,90.55,7203.243706657438,-13381.0,12047.0,25428.0,-4823.0,9928.0,14751.0,1841.820512820513,8558.0,-3052.65,4405.590077106584,-15259.0,7037.0,22296.0,6026.0,2047.0,-3979.0,1597.2051282051282,4921.0,-1117.25,1503.866894874676,-6176.0,2168.0,8344.0,-3383.0,-2127.0,1256.0,1476.0,4807.0,exercise_3_wrist_clockwise,exercise_3_wrist_clockwise_4
0.0,0.0,0.0,0.0,0.0,0.0,0.0,0.0,0.0,0.0,0.0,0.0,0.0,0.0,0.0,0.0,0.0,0.0,0.0,0.0,0.0,0.0,0.0,0.0,0.0,0.0,0.0,0.0,0.0,0.0,0.0,0.0,0.0,0.0,0.0,0.0,0.0,0.0,0.0,0.0,0.0,0.0,0.0,0.0,0.0,0.0,0.0,0.0,0.0,0.0,11812.0,751.3262939628827,10020.0,13356.0,3336.0,12932.0,10020.0,-2912.0,431.1794871794872,1352.0,-9162.1,2063.6020910049497,-12304.0,-4588.0,7716.0,-10360.0,-4600.0,5760.0,718.7692307692307,2268.0,1377.3,6831.550300627231,-6068.0,12520.0,18588.0,-5272.0,12380.0,17652.0,686.0512820512821,2112.0,3711.575,4394.628237334189,-4086.0,12047.0,16133.0,1361.0,-1952.0,-3313.0,1137.871794871795,3205.0,2644.825,5246.996502226297,-5540.0,12817.0,18357.0,-3238.0,6019.0,9257.0,1378.8974358974358,4454.0,-2892.45,2854.19490355862,-9655.0,2168.0,11823.0,2168.0,-5164.0,-7332.0,1748.974358974359,5044.0,exercise_3_wrist_clockwise,exercise_3_wrist_clockwise_4
0.0,0.0,0.0,0.0,0.0,0.0,0.0,0.0,0.0,0.0,0.0,0.0,0.0,0.0,0.0,0.0,0.0,0.0,0.0,0.0,0.0,0.0,0.0,0.0,0.0,0.0,0.0,0.0,0.0,0.0,0.0,0.0,0.0,0.0,0.0,0.0,0.0,0.0,0.0,0.0,0.0,0.0,0.0,0.0,0.0,0.0,0.0,0.0,0.0,0.0,10897.1,1656.957449664897,7104.0,13356.0,6252.0,13032.0,12568.0,-464.0,613.7435897435897,3040.0,-8232.0,2435.168002417903,-11520.0,-3132.0,8388.0,-10276.0,-9120.0,1156.0,1268.4102564102564,4240.0,8122.3,4447.583423613321,-344.0,14048.0,14392.0,-344.0,804.0,1148.0,931.3846153846154,2536.0,-3474.325,6376.643417141577,-17329.0,9371.0,26700.0,9371.0,-4940.0,-14311.0,1815.1025641025642,6380.0,2807.775,6334.44103093359,-10214.0,12817.0,23031.0,3108.0,-10214.0,-13322.0,1804.3076923076924,5349.0,-3846.95,2722.2877047623015,-9655.0,423.0,10078.0,-1838.0,-5750.0,-3912.0,2522.051282051282,6795.0,exercise_3_wrist_clockwise,exercise_3_wrist_clockwise_4
0.0,0.0,0.0,0.0,0.0,0.0,0.0,0.0,0.0,0.0,0.0,0.0,0.0,0.0,0.0,0.0,0.0,0.0,0.0,0.0,0.0,0.0,0.0,0.0,0.0,0.0,0.0,0.0,0.0,0.0,0.0,0.0,0.0,0.0,0.0,0.0,0.0,0.0,0.0,0.0,0.0,0.0,0.0,0.0,0.0,0.0,0.0,0.0,0.0,0.0,10167.8,2025.5829679378726,7016.0,13912.0,6896.0,9796.0,7016.0,-2780.0,629.8461538461538,3040.0,-8762.8,1943.2904466394104,-11520.0,-3132.0,8388.0,-3944.0,-8812.0,-4868.0,1152.5128205128206,4240.0,488.9,9192.899324478649,-11764.0,14048.0,25812.0,13204.0,-10736.0,-23940.0,1169.5384615384614,3288.0,-3943.475,5596.666869608642,-17329.0,5628.0,22957.0,-3601.0,2226.0,5827.0,1981.7179487179487,6380.0,-4434.025,5320.376981415415,-12443.0,6373.0,18816.0,5944.0,-3342.0,-9286.0,1948.7692307692307,5349.0,-2730.35,2342.5378070588317,-7610.0,2559.0,10169.0,-4726.0,-7610.0,-2884.0,2459.076923076923,6795.0,exercise_3_wrist_clockwise,exercise_3_wrist_clockwise_4
0.0,0.0,0.0,0.0,0.0,0.0,0.0,0.0,0.0,0.0,0.0,0.0,0.0,0.0,0.0,0.0,0.0,0.0,0.0,0.0,0.0,0.0,0.0,0.0,0.0,0.0,0.0,0.0,0.0,0.0,0.0,0.0,0.0,0.0,0.0,0.0,0.0,0.0,0.0,0.0,0.0,0.0,0.0,0.0,0.0,0.0,0.0,0.0,0.0,0.0,11210.0,2485.124705120449,7016.0,14884.0,7868.0,13912.0,13676.0,-236.0,485.43589743589746,1296.0,-8236.4,1775.1603420536412,-10484.0,-2672.0,7812.0,-9648.0,-2672.0,6976.0,640.8205128205128,1956.0,-5486.8,6008.848288981841,-12068.0,8956.0,21024.0,-2484.0,8956.0,11440.0,1219.2820512820513,3096.0,2261.3,3548.7051525873485,-4887.0,11436.0,16323.0,-4887.0,-1545.0,3342.0,1451.6410256410256,4924.0,736.35,9123.734176722819,-12443.0,15844.0,28287.0,-7549.0,8730.0,16279.0,1679.871794871795,5012.0,-4238.6,2856.5399594614464,-9575.0,2559.0,12134.0,-1902.0,-4667.0,-2765.0,1411.3589743589744,3900.0,exercise_3_wrist_clockwise,exercise_3_wrist_clockwise_4
0.0,0.0,0.0,0.0,0.0,0.0,0.0,0.0,0.0,0.0,0.0,0.0,0.0,0.0,0.0,0.0,0.0,0.0,0.0,0.0,0.0,0.0,0.0,0.0,0.0,0.0,0.0,0.0,0.0,0.0,0.0,0.0,0.0,0.0,0.0,0.0,0.0,0.0,0.0,0.0,0.0,0.0,0.0,0.0,0.0,0.0,0.0,0.0,0.0,0.0,11645.6,1974.828762196865,7456.0,14884.0,7428.0,7456.0,11848.0,4392.0,684.1025641025641,2056.0,-7391.0,3111.7732243850933,-12368.0,-992.0,11376.0,-8936.0,-10024.0,-1088.0,1464.2051282051282,5364.0,2444.7,8119.862899704649,-12068.0,13044.0,25112.0,-11244.0,-1268.0,9976.0,1137.4358974358975,3096.0,-2318.225,7256.848842602069,-14648.0,11436.0,26084.0,2064.0,-7954.0,-10018.0,1417.025641025641,5378.0,4118.075,8035.823745539408,-14780.0,15844.0,30624.0,-845.0,-14780.0,-13935.0,1599.2051282051282,3886.0,-3167.35,4016.353778926852,-9575.0,7246.0,16821.0,-7804.0,-2189.0,5615.0,1829.2051282051282,6932.0,exercise_3_wrist_clockwise,exercise_3_wrist_clockwise_4
0.0,0.0,0.0,0.0,0.0,0.0,0.0,0.0,0.0,0.0,0.0,0.0,0.0,0.0,0.0,0.0,0.0,0.0,0.0,0.0,0.0,0.0,0.0,0.0,0.0,0.0,0.0,0.0,0.0,0.0,0.15,0.3570714214271425,0.0,1.0,1.0,0.0,1.0,1.0,0.02564102564102564,1.0,0.0,0.0,0.0,0.0,0.0,0.0,0.0,0.0,0.0,0.0,10196.9,1757.2695837577112,7548.0,14140.0,6592.0,14140.0,9216.0,-4924.0,652.0,2056.0,-9160.2,3368.0834847135247,-12780.0,-992.0,11788.0,-2668.0,-12780.0,-10112.0,1546.051282051282,5364.0,110.2,8581.515528157017,-10088.0,13044.0,23132.0,8764.0,-4464.0,-13228.0,1025.128205128205,2996.0,-2704.0,7084.681951224064,-14648.0,9252.0,23900.0,-2336.0,9252.0,11588.0,1267.179487179487,5378.0,-2511.825,7030.3128624816545,-15287.0,9818.0,25105.0,8219.0,5902.0,-2317.0,1753.6153846153845,4235.0,-857.1,2601.9306658710184,-5372.0,7246.0,12618.0,-3409.0,-3511.0,-102.0,1913.128205128205,6932.0,exercise_3_wrist_clockwise,exercise_3_wrist_clockwise_4
0.0,0.0,0.0,0.0,0.0,0.0,0.0,0.0,0.0,0.0,0.0,0.0,0.0,0.0,0.0,0.0,0.0,0.0,0.0,0.0,0.0,0.0,0.0,0.0,0.0,0.0,0.0,0.0,0.0,0.0,0.45,0.4974937185533102,0.0,1.0,1.0,0.0,0.0,0.0,0.05128205128205128,1.0,0.0,0.0,0.0,0.0,0.0,0.0,0.0,0.0,0.0,0.0,10990.7,2325.5668362788456,7548.0,14192.0,6644.0,12372.0,12664.0,292.0,432.1025641025641,1164.0,-10010.5,1997.0697909687583,-13104.0,-5924.0,7180.0,-10480.0,-6000.0,4480.0,718.3589743589744,2832.0,-2616.2,5918.470677463901,-10088.0,8240.0,18328.0,-4264.0,7732.0,11996.0,793.3333333333334,1816.0,2197.825,3852.502283500296,-6006.0,9252.0,15258.0,-4818.0,-6006.0,-1188.0,1065.076923076923,3032.0,923.1,6946.223444433672,-15287.0,9137.0,24424.0,-15287.0,6430.0,21717.0,1538.6923076923076,4235.0,-2859.5,2234.213810269733,-7188.0,1795.0,8983.0,-1342.0,1795.0,3137.0,1420.2307692307693,4683.0,exercise_3_wrist_clockwise,exercise_3_wrist_clockwise_4
0.0,0.0,0.0,0.0,0.0,0.0,0.0,0.0,0.0,0.0,0.0,0.0,0.0,0.0,0.0,0.0,0.0,0.0,0.0,0.0,0.0,0.0,0.0,0.0,0.0,0.0,0.0,0.0,0.0,0.0,0.3,0.4582575694955839,0.0,1.0,1.0,1.0,0.0,-1.0,0.02564102564102564,1.0,0.0,0.0,0.0,0.0,0.0,0.0,0.0,0.0,0.0,0.0,11915.9,1432.3715963394416,9112.0,14192.0,5080.0,9112.0,11304.0,2192.0,350.97435897435895,1000.0,-9558.2,2086.791019723825,-13104.0,-5924.0,7180.0,-13104.0,-11272.0,1832.0,629.3333333333334,2832.0,4305.0,4027.891632107299,-2884.0,10620.0,13504.0,-2884.0,-1672.0,1212.0,775.8974358974359,2092.0,-3160.325,5114.003272327366,-10960.0,8593.0,19553.0,8593.0,-4383.0,-12976.0,1138.4102564102564,3383.0,3559.05,4652.310629945082,-5993.0,9388.0,15381.0,5435.0,-5395.0,-10830.0,1236.6666666666667,3366.0,-2095.9,2563.4955997621687,-7188.0,1795.0,8983.0,-5759.0,-1671.0,4088.0,955.8974358974359,3518.0,exercise_3_wrist_clockwise,exercise_3_wrist_clockwise_4
0.0,0.0,0.0,0.0,0.0,0.0,0.0,0.0,0.0,0.0,0.0,0.0,0.0,0.0,0.0,0.0,0.0,0.0,0.0,0.0,0.0,0.0,0.0,0.0,0.0,0.0,0.0,0.0,0.0,0.0,0.0,0.0,0.0,0.0,0.0,0.0,0.0,0.0,0.0,0.0,0.0,0.0,0.0,0.0,0.0,0.0,0.0,0.0,0.0,0.0,10140.4,1589.3185457925042,5900.0,12712.0,6812.0,12532.0,8900.0,-3632.0,500.5128205128205,2224.0,-10025.4,1522.672794792105,-12328.0,-6980.0,5348.0,-7388.0,-9596.0,-2208.0,639.7948717948718,3764.0,-1362.8,8212.165132290022,-15776.0,10620.0,26396.0,8100.0,-10836.0,-18936.0,1011.8974358974359,6756.0,-3594.75,4977.238465002456,-10960.0,7502.0,18462.0,-3859.0,5002.0,8861.0,1021.7692307692307,3581.0,-2529.175,5516.906075362803,-10398.0,9388.0,19786.0,6072.0,3736.0,-2336.0,1514.1538461538462,6334.0,-1911.875,3097.003391889489,-13094.0,1533.0,14627.0,807.0,-5294.0,-6101.0,1352.948717948718,9461.0,exercise_3_wrist_clockwise,exercise_3_wrist_clockwise_4
0.0,0.0,0.0,0.0,0.0,0.0,0.0,0.0,0.0,0.0,0.0,0.0,0.0,0.0,0.0,0.0,0.0,0.0,0.0,0.0,0.0,0.0,0.0,0.0,0.0,0.0,0.0,0.0,0.0,0.0,0.0,0.0,0.0,0.0,0.0,0.0,0.0,0.0,0.0,0.0,0.0,0.0,0.0,0.0,0.0,0.0,0.0,0.0,0.0,0.0,10912.8,2511.4937706472615,5900.0,15116.0,9216.0,11888.0,15076.0,3188.0,555.7948717948718,2224.0,-8840.5,1614.0280511812673,-11752.0,-5228.0,6524.0,-11092.0,-5272.0,5820.0,575.2820512820513,3764.0,-6699.3,4252.652526365162,-15776.0,2956.0,18732.0,-2500.0,2956.0,5456.0,980.7179487179487,6756.0,1463.475,2991.7636436348043,-5037.0,7502.0,12539.0,-4969.0,2115.0,7084.0,778.6666666666666,3581.0,414.675,7062.810391011144,-10398.0,10839.0,21237.0,-5488.0,8645.0,14133.0,1305.3076923076924,6334.0,-3691.95,2520.690688581207,-13094.0,-486.0,12608.0,-750.0,-3319.0,-2569.0,1324.3333333333333,9461.0,exercise_3_wrist_clockwise,exercise_3_wrist_clockwise_4
0.0,0.0,0.0,0.0,0.0,0.0,0.0,0.0,0.0,0.0,0.0,0.0,0.0,0.0,0.0,0.0,0.0,0.0,0.0,0.0,0.0,0.0,0.0,0.0,0.0,0.0,0.0,0.0,0.0,0.0,0.0,0.0,0.0,0.0,0.0,0.0,0.0,0.0,0.0,0.0,0.0,0.0,0.0,0.0,0.0,0.0,0.0,0.0,0.0,0.0,11644.6,2798.199213780177,5876.0,15628.0,9752.0,8768.0,8064.0,-704.0,627.2820512820513,1744.0,-6939.7,2614.0629506574624,-11636.0,-2100.0,9536.0,-9076.0,-11612.0,-2536.0,876.5128205128206,4132.0,2708.0,8224.420417269535,-9560.0,14272.0,23832.0,-9560.0,5596.0,15156.0,938.5641025641025,4304.0,-1861.65,6486.200881679506,-18451.0,4949.0,23400.0,4949.0,-11751.0,-16700.0,1414.871794871795,7531.0,6517.2,5228.64264508486,-11397.0,12866.0,24263.0,4346.0,-11397.0,-15743.0,1449.1025641025642,6976.0,-2130.55,2622.7634753252146,-5770.0,4571.0,10341.0,-5770.0,36.0,5806.0,1092.923076923077,5340.0,exercise_3_wrist_clockwise,exercise_3_wrist_clockwise_4
0.0,0.0,0.0,0.0,0.0,0.0,0.0,0.0,0.0,0.0,0.0,0.0,0.0,0.0,0.0,0.0,0.0,0.0,0.0,0.0,0.0,0.0,0.0,0.0,0.0,0.0,0.0,0.0,0.0,0.0,0.15,0.3570714214271425,0.0,1.0,1.0,0.0,1.0,1.0,0.02564102564102564,1.0,0.0,0.0,0.0,0.0,0.0,0.0,0.0,0.0,0.0,0.0,10576.1,2272.5609320764097,5876.0,15628.0,9752.0,15092.0,9656.0,-5436.0,675.5897435897435,1820.0,-8548.2,3512.014345073209,-13612.0,-2100.0,11512.0,-5100.0,-9364.0,-4264.0,1262.7692307692307,4132.0,3134.0,8029.166681542985,-9344.0,14272.0,23616.0,3940.0,-9344.0,-13284.0,1010.3589743589744,4304.0,-4230.6,5859.804014640762,-18451.0,3551.0,22002.0,2033.0,1543.0,-490.0,1922.7179487179487,7531.0,-636.5,8710.44635480869,-11868.0,12866.0,24734.0,9069.0,-2517.0,-11586.0,1821.4871794871794,6976.0,-2060.25,3025.1016821753283,-8331.0,4571.0,12902.0,-2101.0,-7941.0,-5840.0,1950.0,5958.0,exercise_3_wrist_clockwise,exercise_3_wrist_clockwise_4
0.0,0.0,0.0,0.0,0.0,0.0,0.0,0.0,0.0,0.0,0.0,0.0,0.0,0.0,0.0,0.0,0.0,0.0,0.0,0.0,0.0,0.0,0.0,0.0,0.0,0.0,0.0,0.0,0.0,0.0,0.5,0.5,0.0,1.0,1.0,0.0,0.0,0.0,0.05128205128205128,1.0,0.0,0.0,0.0,0.0,0.0,0.0,0.0,0.0,0.0,0.0,11775.7,1846.931160059844,9236.0,15172.0,5936.0,9884.0,14744.0,4860.0,394.97435897435895,1100.0,-9219.6,2242.4316801187056,-13612.0,-4436.0,9176.0,-13420.0,-4436.0,8984.0,752.6153846153846,2512.0,-4097.8,4506.918144364284,-10072.0,5048.0,15120.0,3988.0,5048.0,1060.0,846.8717948717949,2316.0,1265.45,4606.98823500777,-10547.0,8806.0,19353.0,-9600.0,2187.0,11787.0,1242.6923076923076,4983.0,-1052.65,7560.325107262253,-11868.0,14005.0,25873.0,-6021.0,11538.0,17559.0,1440.5897435897436,3977.0,-4248.1,2085.625107731493,-8331.0,687.0,9018.0,687.0,-4776.0,-5463.0,1737.923076923077,5958.0,exercise_3_wrist_clockwise,exercise_3_wrist_clockwise_4
0.0,0.0,0.0,0.0,0.0,0.0,0.0,0.0,0.0,0.0,0.0,0.0,0.0,0.0,0.0,0.0,0.0,0.0,0.0,0.0,0.0,0.0,0.0,0.0,0.0,0.0,0.0,0.0,0.0,0.0,0.35,0.4769696007084728,0.0,1.0,1.0,1.0,0.0,-1.0,0.02564102564102564,1.0,0.0,0.0,0.0,0.0,0.0,0.0,0.0,0.0,0.0,0.0,12741.2,1622.6586085803754,9976.0,15172.0,5196.0,9976.0,11432.0,1456.0,368.4102564102564,1220.0,-6765.9,2652.9882001245314,-11436.0,-2128.0,9308.0,-9140.0,-11436.0,-2296.0,739.2820512820513,3816.0,1969.4,7254.435308140806,-10072.0,12928.0,23000.0,-9240.0,2344.0,11584.0,955.6923076923077,3252.0,-1376.625,7054.627203784407,-18037.0,8806.0,26843.0,2280.0,-7659.0,-9939.0,1868.6923076923076,8744.0,4291.325,5333.3086371758955,-7544.0,14005.0,21549.0,-2303.0,-6017.0,-3714.0,1673.025641025641,6263.0,-2220.225,3527.075683108459,-7929.0,6724.0,14653.0,-6370.0,1978.0,8348.0,1328.051282051282,3675.0,exercise_3_wrist_clockwise,exercise_3_wrist_clockwise_4
0.0,0.0,0.0,0.0,0.0,0.0,0.0,0.0,0.0,0.0,0.0,0.0,0.0,0.0,0.0,0.0,0.0,0.0,0.0,0.0,0.0,0.0,0.0,0.0,0.0,0.0,0.0,0.0,0.0,0.0,0.0,0.0,0.0,0.0,0.0,0.0,0.0,0.0,0.0,0.0,0.0,0.0,0.0,0.0,0.0,0.0,0.0,0.0,0.0,0.0,11292.4,1682.558480410116,8840.0,14632.0,5792.0,14632.0,8840.0,-5792.0,342.97435897435895,1220.0,-7669.5,3057.896360245062,-11804.0,-2128.0,9676.0,-3608.0,-10488.0,-6880.0,853.1282051282051,3816.0,333.1,8701.19541155122,-11908.0,12928.0,24836.0,6152.0,-9880.0,-16032.0,999.7948717948718,3252.0,-4619.225,5653.202404334644,-18037.0,6302.0,24339.0,432.0,6302.0,5870.0,2070.358974358974,8744.0,-1361.6,6694.01978559968,-12336.0,11548.0,23884.0,11548.0,1626.0,-9922.0,1710.7692307692307,6263.0,-1234.05,2849.605542439164,-5289.0,6724.0,12013.0,-5066.0,-5289.0,-223.0,1523.4102564102564,4238.0,exercise_3_wrist_clockwise,exercise_3_wrist_clockwise_4
0.0,0.0,0.0,0.0,0.0,0.0,0.0,0.0,0.0,0.0,0.0,0.0,0.0,0.0,0.0,0.0,0.0,0.0,0.0,0.0,0.0,0.0,0.0,0.0,0.0,0.0,0.0,0.0,0.0,0.0,0.0,0.0,0.0,0.0,0.0,0.0,0.0,0.0,0.0,0.0,0.0,0.0,0.0,0.0,0.0,0.0,0.0,0.0,0.0,0.0,9120.1,720.0930425993577,7780.0,10100.0,2320.0,7780.0,9404.0,1624.0,123.8974358974359,596.0,-9332.4,1159.034011580333,-12556.0,-6676.0,5880.0,-10832.0,-8988.0,1844.0,434.56410256410254,3296.0,10765.0,467.7031109582232,9584.0,12604.0,3020.0,10504.0,10864.0,360.0,240.0,1292.0,-522.15,822.4852445484966,-3002.0,1903.0,4905.0,-504.0,-507.0,-3.0,407.87179487179486,2957.0,1229.6,1209.1818887164989,-1166.0,5661.0,6827.0,1115.0,1237.0,122.0,517.8974358974359,3667.0,-711.975,3199.0250584162354,-12388.0,1774.0,14162.0,328.0,66.0,-262.0,972.3076923076923,9472.0,exercise_3_wrist_clockwise,exercise_3_wrist_clockwise_5
0.0,0.0,0.0,0.0,0.0,0.0,0.0,0.0,0.0,0.0,0.0,0.0,0.0,0.0,0.0,0.0,0.0,0.0,0.0,0.0,0.0,0.0,0.0,0.0,0.0,0.0,0.0,0.0,0.0,0.0,0.0,0.0,0.0,0.0,0.0,0.0,0.0,0.0,0.0,0.0,0.0,0.0,0.0,0.0,0.0,0.0,0.0,0.0,0.0,0.0,9668.1,394.49967046881034,9228.0,10624.0,1396.0,9724.0,10012.0,288.0,124.3076923076923,632.0,-8820.0,478.02677749264217,-9388.0,-7696.0,1692.0,-8712.0,-9228.0,-516.0,228.4102564102564,1044.0,10795.0,197.81759274644912,10380.0,11204.0,824.0,10460.0,10380.0,-80.0,143.17948717948718,824.0,-519.45,353.36234590006893,-1511.0,-130.0,1381.0,-377.0,-1028.0,-651.0,205.30769230769232,780.0,978.625,243.3208465688873,174.0,1479.0,1305.0,658.0,1299.0,641.0,144.07692307692307,621.0,-422.75,1245.0868995776962,-3913.0,1433.0,5346.0,1042.0,-2332.0,-3374.0,430.46153846153845,2331.0,exercise_3_wrist_clockwise,exercise_3_wrist_clockwise_5
0.0,0.0,0.0,0.0,0.0,0.0,0.0,0.0,0.0,0.0,0.0,0.0,0.0,0.0,0.0,0.0,0.0,0.0,0.0,0.0,0.0,0.0,0.0,0.0,0.0,0.0,0.0,0.0,0.0,0.0,0.0,0.0,0.0,0.0,0.0,0.0,0.0,0.0,0.0,0.0,0.0,0.0,0.0,0.0,0.0,0.0,0.0,0.0,0.0,0.0,10950.7,1372.6302888979244,9228.0,13648.0,4420.0,9228.0,13176.0,3948.0,508.20512820512823,2176.0,-8426.5,1384.1551033030944,-10332.0,-4508.0,5824.0,-9040.0,-8920.0,120.0,720.4102564102565,3324.0,8374.3,4261.733627293005,-2432.0,12808.0,15240.0,11024.0,-2432.0,-13456.0,697.2307692307693,4024.0,-2464.075,3061.2448398282354,-10119.0,640.0,10759.0,-567.0,-1940.0,-1373.0,1027.051282051282,5312.0,-1305.775,3949.4849758386217,-10122.0,4879.0,15001.0,1079.0,-7081.0,-8160.0,910.2051282051282,4359.0,-1036.625,2156.374592777192,-7537.0,5348.0,12885.0,156.0,-766.0,-922.0,1134.6153846153845,7528.0,exercise_3_wrist_clockwise,exercise_3_wrist_clockwise_5
0.0,0.0,0.0,0.0,0.0,0.0,0.0,0.0,0.0,0.0,0.0,0.0,0.0,0.0,0.0,0.0,0.0,0.0,0.0,0.0,0.0,0.0,0.0,0.0,0.0,0.0,0.0,0.0,0.0,0.0,0.0,0.0,0.0,0.0,0.0,0.0,0.0,0.0,0.0,0.0,0.0,0.0,0.0,0.0,0.0,0.0,0.0,0.0,0.0,0.0,13243.2,1544.7382173041492,9760.0,15724.0,5964.0,10568.0,15428.0,4860.0,608.9230769230769,2176.0,-7870.7,1903.8658329829864,-10332.0,-4280.0,6052.0,-7940.0,-4280.0,3660.0,987.1794871794872,3324.0,1806.4,5481.34536769943,-5316.0,12808.0,18124.0,10296.0,1860.0,-8436.0,998.8717948717949,4024.0,-214.475,4940.015313678186,-10119.0,8450.0,18569.0,-31.0,2826.0,2857.0,1442.6410256410256,5312.0,-1381.05,5120.035273071856,-10122.0,12097.0,22219.0,3820.0,12097.0,8277.0,1696.2820512820513,7625.0,-2129.325,2680.2036432657496,-7537.0,5348.0,12885.0,-3655.0,-3538.0,117.0,1520.2820512820513,7528.0,exercise_3_wrist_clockwise,exercise_3_wrist_clockwise_5
0.0,0.0,0.0,0.0,0.0,0.0,0.0,0.0,0.0,0.0,0.0,0.0,0.0,0.0,0.0,0.0,0.0,0.0,0.0,0.0,0.0,0.0,0.0,0.0,0.0,0.0,0.0,0.0,0.0,0.0,0.0,0.0,0.0,0.0,0.0,0.0,0.0,0.0,0.0,0.0,0.0,0.0,0.0,0.0,0.0,0.0,0.0,0.0,0.0,0.0,13922.9,1381.7195048199908,10424.0,15724.0,5300.0,13464.0,10424.0,-3040.0,337.84615384615387,2092.0,-4649.3,3245.2651524952475,-10084.0,524.0,10608.0,-9952.0,-1668.0,8284.0,858.1538461538462,3284.0,3516.3,6299.343609456466,-5316.0,13004.0,18320.0,-2800.0,12868.0,15668.0,765.6410256410256,2712.0,1524.65,3143.7209843591404,-4814.0,8450.0,13264.0,-848.0,-4814.0,-3966.0,1022.6666666666666,3119.0,3861.1,4725.293391949329,-6524.0,12097.0,18621.0,-3463.0,6056.0,9519.0,1378.3846153846155,7625.0,-2453.3,1974.873188333874,-7315.0,1175.0,8490.0,-285.0,11.0,296.0,1159.179487179487,4308.0,exercise_3_wrist_clockwise,exercise_3_wrist_clockwise_5
0.0,0.0,0.0,0.0,0.0,0.0,0.0,0.0,0.0,0.0,0.0,0.0,0.0,0.0,0.0,0.0,0.0,0.0,0.0,0.0,0.0,0.0,0.0,0.0,0.0,0.0,0.0,0.0,0.0,0.0,0.0,0.0,0.0,0.0,0.0,0.0,0.0,0.0,0.0,0.0,0.0,0.0,0.0,0.0,0.0,0.0,0.0,0.0,0.0,0.0,10445.9,3295.5874726670513,6076.0,15652.0,9576.0,15504.0,6096.0,-9408.0,313.84615384615387,1028.0,-4633.1,3635.307413410866,-11372.0,524.0,11896.0,-3360.0,-11116.0,-7756.0,1035.7948717948718,6912.0,11219.6,2995.6476161257683,2328.0,14692.0,12364.0,3308.0,11216.0,7908.0,614.0512820512821,2712.0,-2961.3,2964.467171347997,-10520.0,2857.0,13377.0,2634.0,-3078.0,-5712.0,1250.6666666666667,4672.0,4756.725,2885.105881830856,279.0,11596.0,11317.0,8953.0,279.0,-8674.0,777.025641025641,2532.0,-42.65,2094.4513905794042,-5129.0,5681.0,10810.0,-2066.0,1241.0,3307.0,1197.051282051282,4896.0,exercise_3_wrist_clockwise,exercise_3_wrist_clockwise_5
0.0,0.0,0.0,0.0,0.0,0.0,0.0,0.0,0.0,0.0,0.0,0.0,0.0,0.0,0.0,0.0,0.0,0.0,0.0,0.0,0.0,0.0,0.0,0.0,0.0,0.0,0.0,0.0,0.0,0.0,0.0,0.0,0.0,0.0,0.0,0.0,0.0,0.0,0.0,0.0,0.0,0.0,0.0,0.0,0.0,0.0,0.0,0.0,0.0,0.0,7581.7,1167.4864924272142,5564.0,10184.0,4620.0,10184.0,9228.0,-956.0,330.35897435897436,968.0,-10366.1,3642.2098772585855,-14212.0,-3004.0,11208.0,-3480.0,-13116.0,-9636.0,874.5641025641025,6912.0,9253.0,4602.886637752444,-24.0,14692.0,14716.0,13292.0,-24.0,-13316.0,569.5384615384615,1756.0,-4812.575,1745.529416645563,-10520.0,-2500.0,8020.0,-4243.0,-2500.0,1743.0,1291.051282051282,4672.0,-137.6,3219.3445280056626,-5043.0,6369.0,11412.0,6262.0,-4943.0,-11205.0,745.1538461538462,1716.0,335.4,1622.966324357964,-2642.0,5681.0,8323.0,1329.0,-2136.0,-3465.0,1074.076923076923,4896.0,exercise_3_wrist_clockwise,exercise_3_wrist_clockwise_5
0.0,0.0,0.0,0.0,0.0,0.0,0.0,0.0,0.0,0.0,0.0,0.0,0.0,0.0,0.0,0.0,0.0,0.0,0.0,0.0,0.0,0.0,0.0,0.0,0.0,0.0,0.0,0.0,0.0,0.0,0.0,0.0,0.0,0.0,0.0,0.0,0.0,0.0,0.0,0.0,0.0,0.0,0.0,0.0,0.0,0.0,0.0,0.0,0.0,0.0,9300.0,1842.774864165452,5564.0,12336.0,6772.0,6020.0,12336.0,6316.0,294.2564102564103,992.0,-12490.1,1165.3888578496021,-14212.0,-10192.0,4020.0,-11908.0,-10332.0,1576.0,433.02564102564105,1760.0,1164.7,4896.414107283003,-4328.0,10864.0,15192.0,10696.0,-4328.0,-15024.0,464.4102564102564,1756.0,-2293.6,2819.049066618032,-9193.0,3483.0,12676.0,-3711.0,2992.0,6703.0,852.1282051282051,3993.0,-2327.525,1321.4522501305144,-5043.0,-157.0,4886.0,-157.0,-2177.0,-2020.0,807.8974358974359,2480.0,-1591.175,1221.2217015656906,-3748.0,792.0,4540.0,792.0,-3234.0,-4026.0,532.5128205128206,1974.0,exercise_3_wrist_clockwise,exercise_3_wrist_clockwise_5
0.0,0.0,0.0,0.0,0.0,0.0,0.0,0.0,0.0,0.0,0.0,0.0,0.0,0.0,0.0,0.0,0.0,0.0,0.0,0.0,0.0,0.0,0.0,0.0,0.0,0.0,0.0,0.0,0.0,0.0,0.0,0.0,0.0,0.0,0.0,0.0,0.0,0.0,0.0,0.0,0.0,0.0,0.0,0.0,0.0,0.0,0.0,0.0,0.0,0.0,12292.2,1603.1588692328655,9688.0,14724.0,5036.0,9688.0,14172.0,4484.0,257.3333333333333,992.0,-9988.3,1930.3961018402417,-13152.0,-6864.0,6288.0,-13152.0,-6864.0,6288.0,323.28205128205127,1300.0,-3196.9,1221.5211786948273,-4924.0,284.0,5208.0,-1264.0,284.0,1548.0,332.20512820512823,996.0,1943.9,2514.222323105099,-2937.0,5951.0,8888.0,-2329.0,5349.0,7678.0,647.6923076923077,2016.0,-462.775,2616.634637158004,-3904.0,6289.0,10193.0,-2463.0,6289.0,8752.0,679.8974358974359,2457.0,-2477.4,1108.9328158188846,-5076.0,-141.0,4935.0,-2212.0,-141.0,2071.0,558.025641025641,2076.0,exercise_3_wrist_clockwise,exercise_3_wrist_clockwise_5
0.0,0.0,0.0,0.0,0.0,0.0,0.0,0.0,0.0,0.0,0.0,0.0,0.0,0.0,0.0,0.0,0.0,0.0,0.0,0.0,0.0,0.0,0.0,0.0,0.0,0.0,0.0,0.0,0.0,0.0,0.0,0.0,0.0,0.0,0.0,0.0,0.0,0.0,0.0,0.0,0.0,0.0,0.0,0.0,0.0,0.0,0.0,0.0,0.0,0.0,13527.7,1122.9077922964111,9928.0,14728.0,4800.0,11932.0,9928.0,-2004.0,292.4102564102564,1164.0,-7229.7,1321.7754385673838,-9964.0,-4684.0,5280.0,-9964.0,-4684.0,5280.0,429.94871794871796,1200.0,1772.3,5667.3509429009255,-4924.0,12200.0,17124.0,-3984.0,12200.0,16184.0,509.7435897435897,1312.0,2982.25,1326.4557993012809,1071.0,5951.0,4880.0,3521.0,1180.0,-2341.0,487.05128205128204,2155.0,3709.775,3752.370507342659,-3904.0,10154.0,14058.0,-1835.0,10154.0,11989.0,934.6923076923077,3553.0,-1450.625,1593.2643171724521,-5076.0,2558.0,7634.0,-5076.0,-527.0,4549.0,804.2307692307693,3366.0,exercise_3_wrist_clockwise,exercise_3_wrist_clockwise_5
0.0,0.0,0.0,0.0,0.0,0.0,0.0,0.0,0.0,0.0,0.0,0.0,0.0,0.0,0.0,0.0,0.0,0.0,0.0,0.0,0.0,0.0,0.0,0.0,0.0,0.0,0.0,0.0,0.0,0.0,0.0,0.0,0.0,0.0,0.0,0.0,0.0,0.0,0.0,0.0,0.0,0.0,0.0,0.0,0.0,0.0,0.0,0.0,0.0,0.0,9151.4,4533.341774011749,2368.0,14728.0,12360.0,14360.0,3976.0,-10384.0,525.3333333333334,2244.0,-6803.7,1997.6484951061836,-11892.0,-3932.0,7960.0,-7104.0,-10500.0,-3396.0,843.3846153846154,4276.0,10607.8,4417.678661921892,1196.0,15588.0,14392.0,1196.0,12368.0,11172.0,630.2564102564103,2116.0,-1067.6,3708.359150621741,-8414.0,4634.0,13048.0,4634.0,-8414.0,-13048.0,765.5384615384615,3118.0,5238.925,3216.9798444154108,-2610.0,12024.0,14634.0,7073.0,-2307.0,-9380.0,1280.4615384615386,4425.0,139.9,1471.782691160621,-2261.0,4476.0,6737.0,18.0,-945.0,-963.0,1411.4102564102564,4602.0,exercise_3_wrist_clockwise,exercise_3_wrist_clockwise_5
0.0,0.0,0.0,0.0,0.0,0.0,0.0,0.0,0.0,0.0,0.0,0.0,0.0,0.0,0.0,0.0,0.0,0.0,0.0,0.0,0.0,0.0,0.0,0.0,0.0,0.0,0.0,0.0,0.0,0.0,0.0,0.0,0.0,0.0,0.0,0.0,0.0,0.0,0.0,0.0,0.0,0.0,0.0,0.0,0.0,0.0,0.0,0.0,0.0,0.0,5672.0,1711.8997634207442,2368.0,9060.0,6692.0,9060.0,7508.0,-1552.0,549.3333333333334,2244.0,-10607.6,3759.3540721778263,-15380.0,-3932.0,11448.0,-3932.0,-14360.0,-10428.0,1252.820512820513,4748.0,10286.9,4333.309126983672,4168.0,15588.0,11420.0,14316.0,4348.0,-9968.0,615.5897435897435,1836.0,-3516.925,3007.86280760526,-9156.0,1323.0,10479.0,1157.0,-1197.0,-2354.0,1139.128205128205,3118.0,788.525,4348.152113182679,-6921.0,12024.0,18945.0,12024.0,-6682.0,-18706.0,1516.0,5668.0,71.875,1410.8232736154448,-2408.0,4476.0,6884.0,969.0,-747.0,-1716.0,1370.820512820513,4602.0,exercise_3_wrist_clockwise,exercise_3_wrist_clockwise_5
0.0,0.0,0.0,0.0,0.0,0.0,0.0,0.0,0.0,0.0,0.0,0.0,0.0,0.0,0.0,0.0,0.0,0.0,0.0,0.0,0.0,0.0,0.0,0.0,0.0,0.0,0.0,0.0,0.0,0.0,0.425,0.4943429983321295,0.0,1.0,1.0,0.0,1.0,1.0,0.02564102564102564,1.0,0.0,0.0,0.0,0.0,0.0,0.0,0.0,0.0,0.0,0.0,8326.4,2367.9795269385245,4524.0,14128.0,9604.0,4524.0,14128.0,9604.0,423.4871794871795,1812.0,-13254.1,1439.730526869525,-15380.0,-8452.0,6928.0,-12596.0,-9428.0,3168.0,960.0,4748.0,3106.7,3689.8094679806973,-4076.0,10592.0,14668.0,10592.0,-3952.0,-14544.0,598.974358974359,1836.0,-1242.9,2922.013405171168,-9156.0,3956.0,13112.0,-9156.0,2435.0,11591.0,983.0512820512821,3286.0,-3164.425,2002.4184613549187,-6921.0,2886.0,9807.0,-1526.0,2886.0,4412.0,1310.4102564102564,6387.0,-2047.125,2483.75323037032,-10065.0,350.0,10415.0,-454.0,-5963.0,-5509.0,957.6153846153846,4102.0,exercise_3_wrist_clockwise,exercise_3_wrist_clockwise_5
0.0,0.0,0.0,0.0,0.0,0.0,0.0,0.0,0.0,0.0,0.0,0.0,0.0,0.0,0.0,0.0,0.0,0.0,0.0,0.0,0.0,0.0,0.0,0.0,0.0,0.0,0.0,0.0,0.0,0.0,0.925,0.2633913438213189,0.0,1.0,1.0,0.0,1.0,1.0,0.02564102564102564,1.0,0.0,0.0,0.0,0.0,0.0,0.0,0.0,0.0,0.0,0.0,12545.5,2643.5672395458378,7992.0,16064.0,8072.0,7992.0,13992.0,6000.0,388.71794871794873,1812.0,-7761.9,5375.255676709713,-14160.0,116.0,14276.0,-13688.0,-520.0,13168.0,742.7692307692307,2852.0,2366.0,3940.403532634697,-4076.0,10476.0,14552.0,3024.0,9228.0,6204.0,909.4358974358975,3628.0,837.625,2600.7769674416527,-5063.0,5778.0,10841.0,-1483.0,-3984.0,-2501.0,1082.7435897435898,5245.0,995.375,5380.62435358342,-5746.0,9742.0,15488.0,-4879.0,4966.0,9845.0,1095.051282051282,6387.0,-3803.8,3023.070369673852,-10065.0,1660.0,11725.0,-1365.0,1660.0,3025.0,1223.1538461538462,4102.0,exercise_3_wrist_clockwise,exercise_3_wrist_clockwise_5
0.0,0.0,0.0,0.0,0.0,0.0,0.0,0.0,0.0,0.0,0.0,0.0,0.0,0.0,0.0,0.0,0.0,0.0,0.0,0.0,0.0,0.0,0.0,0.0,0.0,0.0,0.0,0.0,0.0,0.0,1.0,0.0,1.0,1.0,0.0,1.0,1.0,0.0,0.0,0.0,0.0,0.0,0.0,0.0,0.0,0.0,0.0,0.0,0.0,0.0,12638.7,2488.8957209975674,8748.0,16064.0,7316.0,13608.0,8784.0,-4824.0,370.87179487179486,1284.0,-5785.3,4655.093845455749,-14124.0,116.0,14240.0,-8876.0,-13596.0,-4720.0,1078.5641025641025,3084.0,6595.2,3945.946902835871,-2672.0,11680.0,14352.0,-324.0,3048.0,3372.0,973.4358974358975,3068.0,-2568.425,4649.55089168567,-9612.0,5778.0,15390.0,3848.0,-4561.0,-8409.0,1656.5897435897436,5245.0,3128.3,3992.6801537313254,-5669.0,9742.0,15411.0,3415.0,-2723.0,-6138.0,1240.0,5323.0,240.0,5131.612456138908,-9670.0,9362.0,19032.0,-8319.0,1532.0,9851.0,1328.5897435897436,4534.0,exercise_3_wrist_clockwise,exercise_3_wrist_clockwise_5
0.0,0.0,0.0,0.0,0.0,0.0,0.0,0.0,0.0,0.0,0.0,0.0,0.0,0.0,0.0,0.0,0.0,0.0,0.0,0.0,0.0,0.0,0.0,0.0,0.0,0.0,0.0,0.0,0.0,0.0,0.85,0.3570714214271425,0.0,1.0,1.0,1.0,0.0,-1.0,0.02564102564102564,1.0,0.0,0.0,0.0,0.0,0.0,0.0,0.0,0.0,0.0,0.0,9763.3,1273.562841009426,8352.0,13324.0,4972.0,13324.0,11008.0,-2316.0,346.56410256410254,1428.0,-11076.4,3934.7667580175566,-15472.0,-664.0,14808.0,-664.0,-10656.0,-9992.0,1013.5384615384615,4664.0,3372.9,5657.771397820877,-4440.0,11680.0,16120.0,10440.0,-4440.0,-14880.0,713.8461538461538,3068.0,-4292.2,3023.018989354847,-9612.0,3181.0,12793.0,-4259.0,3181.0,7440.0,1608.974358974359,5099.0,-713.2,2606.128442728792,-5669.0,5175.0,10844.0,4928.0,-2612.0,-7540.0,990.8717948717949,3414.0,1512.45,3886.560046815178,-8715.0,9362.0,18077.0,3475.0,-6144.0,-9619.0,1152.076923076923,6840.0,exercise_3_wrist_clockwise,exercise_3_wrist_clockwise_5
0.0,0.0,0.0,0.0,0.0,0.0,0.0,0.0,0.0,0.0,0.0,0.0,0.0,0.0,0.0,0.0,0.0,0.0,0.0,0.0,0.0,0.0,0.0,0.0,0.0,0.0,0.0,0.0,0.0,0.0,0.35,0.4769696007084728,0.0,1.0,1.0,1.0,0.0,-1.0,0.02564102564102564,1.0,0.0,0.0,0.0,0.0,0.0,0.0,0.0,0.0,0.0,0.0,11473.9,2581.513042771622,8352.0,15268.0,6916.0,8784.0,14892.0,6108.0,354.15384615384613,1428.0,-10467.7,3496.0585106659755,-15472.0,-3728.0,11744.0,-13696.0,-3728.0,9968.0,699.8974358974359,4664.0,-775.3,3447.6787422844377,-5056.0,6392.0,11448.0,2740.0,6392.0,3652.0,701.4358974358975,2772.0,185.975,3677.990589217841,-6749.0,7063.0,13812.0,-6749.0,-2372.0,4377.0,1048.6923076923076,3062.0,1334.325,4488.827872549248,-3803.0,11283.0,15086.0,-2618.0,5895.0,8513.0,1127.7692307692307,3414.0,-3215.425,2808.8665497625548,-9184.0,888.0,10072.0,730.0,-2684.0,-3414.0,1219.4358974358975,6840.0,exercise_3_wrist_clockwise,exercise_3_wrist_clockwise_5
0.0,0.0,0.0,0.0,0.0,0.0,0.0,0.0,0.0,0.0,0.0,0.0,0.0,0.0,0.0,0.0,0.0,0.0,0.0,0.0,0.0,0.0,0.0,0.0,0.0,0.0,0.0,0.0,0.0,0.0,0.0,0.0,0.0,0.0,0.0,0.0,0.0,0.0,0.0,0.0,0.0,0.0,0.0,0.0,0.0,0.0,0.0,0.0,0.0,0.0,12903.6,1800.440123969692,10124.0,15268.0,5144.0,11016.0,10404.0,-612.0,412.20512820512823,1172.0,-7318.3,2545.3367380368354,-11900.0,-3264.0,8636.0,-11900.0,-10656.0,1244.0,662.6666666666666,1648.0,4567.6,5391.825650000192,-5056.0,10816.0,15872.0,-3904.0,8728.0,12632.0,589.1282051282051,2772.0,-102.175,3569.0856314152793,-5462.0,7063.0,12525.0,119.0,-1064.0,-1183.0,796.0769230769231,2647.0,3873.85,3606.129306819155,-3803.0,11283.0,15086.0,-1473.0,912.0,2385.0,1067.7692307692307,2865.0,-1292.55,4131.233017816835,-9184.0,7853.0,17037.0,-3181.0,1098.0,4279.0,1241.2564102564102,5230.0,exercise_3_wrist_clockwise,exercise_3_wrist_clockwise_5
0.0,0.0,0.0,0.0,0.0,0.0,0.0,0.0,0.0,0.0,0.0,0.0,0.0,0.0,0.0,0.0,0.0,0.0,0.0,0.0,0.0,0.0,0.0,0.0,0.0,0.0,0.0,0.0,0.0,0.0,0.225,0.41758232721225164,0.0,1.0,1.0,0.0,1.0,1.0,0.02564102564102564,1.0,0.0,0.0,0.0,0.0,0.0,0.0,0.0,0.0,0.0,0.0,11177.8,1482.623876780622,9780.0,14820.0,5040.0,14552.0,11280.0,-3272.0,309.7435897435897,1228.0,-9348.7,2973.4978577426286,-12756.0,-3264.0,9492.0,-3740.0,-12100.0,-8360.0,621.3333333333334,1648.0,7071.8,2900.4874004208327,324.0,10816.0,10492.0,7076.0,324.0,-6752.0,575.3846153846154,3088.0,-2629.125,1332.7198540484794,-5503.0,696.0,6199.0,-832.0,-3167.0,-2335.0,893.5128205128206,3816.0,231.025,3784.970709843737,-6353.0,6087.0,12440.0,6087.0,-4265.0,-10352.0,1154.1025641025642,5045.0,1560.2,1884.3689023118588,-1111.0,7853.0,8964.0,-920.0,-517.0,403.0,882.5384615384615,3749.0,exercise_3_wrist_clockwise,exercise_3_wrist_clockwise_5
0.0,0.0,0.0,0.0,0.0,0.0,0.0,0.0,0.0,0.0,0.0,0.0,0.0,0.0,0.0,0.0,0.0,0.0,0.0,0.0,0.0,0.0,0.0,0.0,0.0,0.0,0.0,0.0,0.0,0.0,0.0,0.0,0.0,0.0,0.0,0.0,0.0,0.0,0.0,0.0,0.0,0.0,0.0,0.0,0.0,0.0,0.0,0.0,0.0,0.0,6535.1,754.1015780383966,5416.0,8880.0,3464.0,6604.0,8880.0,2276.0,237.43589743589743,864.0,-8598.4,3040.8277557270485,-14056.0,-4912.0,9144.0,-5108.0,-14056.0,-8948.0,536.5128205128206,1944.0,12294.3,3731.05077826609,584.0,15156.0,14572.0,15104.0,584.0,-14520.0,561.2307692307693,2196.0,-4169.075,3041.103684417057,-10753.0,-291.0,10462.0,-1066.0,-8683.0,-7617.0,897.6666666666666,2838.0,-606.05,3192.9353653808903,-8705.0,2132.0,10837.0,1464.0,-6653.0,-8117.0,585.0,2256.0,156.25,642.4133307303017,-2025.0,1267.0,3292.0,-415.0,-2025.0,-1610.0,516.5128205128206,1379.0,exercise_3_wrist_clockwise,exercise_3_wrist_clockwise_6
0.0,0.0,0.0,0.0,0.0,0.0,0.0,0.0,0.0,0.0,0.0,0.0,0.0,0.0,0.0,0.0,0.0,0.0,0.0,0.0,0.0,0.0,0.0,0.0,0.0,0.0,0.0,0.0,0.0,0.0,0.0,0.0,0.0,0.0,0.0,0.0,0.0,0.0,0.0,0.0,0.0,0.0,0.0,0.0,0.0,0.0,0.0,0.0,0.0,0.0,7742.2,1426.602383286948,5416.0,9672.0,4256.0,5864.0,8760.0,2896.0,325.12820512820514,864.0,-11897.6,1843.8179519681437,-14536.0,-7032.0,7504.0,-7156.0,-10756.0,-3600.0,577.2307692307693,1944.0,2866.4,7748.886980721811,-9444.0,14652.0,24096.0,14652.0,-9444.0,-24096.0,763.0769230769231,2196.0,-4402.65,2973.47996924479,-10753.0,1193.0,11946.0,-3294.0,1193.0,4487.0,1043.4615384615386,4379.0,-3753.725,3240.336957690512,-9026.0,1694.0,10720.0,1468.0,-6665.0,-8133.0,1198.6410256410256,4353.0,-1081.55,1709.2827143278553,-6724.0,1267.0,7991.0,-78.0,-3294.0,-3216.0,775.1794871794872,2418.0,exercise_3_wrist_clockwise,exercise_3_wrist_clockwise_6
0.0,0.0,0.0,0.0,0.0,0.0,0.0,0.0,0.0,0.0,0.0,0.0,0.0,0.0,0.0,0.0,0.0,0.0,0.0,0.0,0.0,0.0,0.0,0.0,0.0,0.0,0.0,0.0,0.0,0.0,0.0,0.0,0.0,0.0,0.0,0.0,0.0,0.0,0.0,0.0,0.075,0.26339134382131846,0.0,1.0,1.0,0.0,1.0,1.0,0.02564102564102564,1.0,8016.2,1066.9110365911488,6448.0,9672.0,3224.0,9448.0,7680.0,-1768.0,300.1025641025641,724.0,-12029.4,1224.009656824651,-14536.0,-9800.0,4736.0,-14536.0,-13372.0,1164.0,494.6666666666667,1524.0,-6491.2,3327.740037923636,-10416.0,-420.0,9996.0,-960.0,-5372.0,-4412.0,587.7948717948718,2112.0,1225.675,4111.394273160262,-4304.0,12019.0,16323.0,-4304.0,11862.0,16166.0,875.1794871794872,3873.0,-3812.75,2565.8532864331896,-9026.0,-74.0,8952.0,-3896.0,-1272.0,2624.0,1172.0,4353.0,-2341.975,1359.0759450358173,-6724.0,-346.0,6378.0,-889.0,-2747.0,-1858.0,855.3846153846154,2685.0,exercise_3_wrist_clockwise,exercise_3_wrist_clockwise_6
0.0,0.0,0.0,0.0,0.0,0.0,0.0,0.0,0.0,0.0,0.0,0.0,0.0,0.0,0.0,0.0,0.0,0.0,0.0,0.0,0.0,0.0,0.0,0.0,0.0,0.0,0.0,0.0,0.0,0.0,0.0,0.0,0.0,0.0,0.0,0.0,0.0,0.0,0.0,0.0,0.575,0.4943429983321295,0.0,1.0,1.0,0.0,1.0,1.0,0.02564102564102564,1.0,8159.1,1368.7011324609914,6144.0,10516.0,4372.0,8828.0,9156.0,328.0,414.15384615384613,2060.0,-11477.4,1934.9111710877066,-14824.0,-6600.0,8224.0,-9800.0,-6600.0,3200.0,546.6666666666666,1504.0,-2417.7,7523.276726932222,-10416.0,11040.0,21456.0,-9016.0,10748.0,19764.0,917.025641025641,4612.0,6252.2,3411.722601560684,-330.0,14394.0,14724.0,540.0,5102.0,4562.0,1506.3076923076924,4247.0,268.2,3790.398634708492,-6372.0,8286.0,14658.0,-6184.0,8286.0,14470.0,1041.025641025641,3316.0,-2707.125,851.5662976979538,-4376.0,-346.0,4030.0,-1399.0,-3881.0,-2482.0,619.9487179487179,2685.0,exercise_3_wrist_clockwise,exercise_3_wrist_clockwise_6
0.0,0.0,0.0,0.0,0.0,0.0,0.0,0.0,0.0,0.0,0.0,0.0,0.0,0.0,0.0,0.0,0.0,0.0,0.0,0.0,0.0,0.0,0.0,0.0,0.0,0.0,0.0,0.0,0.0,0.0,0.0,0.0,0.0,0.0,0.0,0.0,0.0,0.0,0.0,0.0,0.7,0.45825756949558405,0.0,1.0,1.0,1.0,0.0,-1.0,0.02564102564102564,1.0,4214.2,6116.869784456752,-6584.0,10516.0,17100.0,7724.0,-6584.0,-14308.0,676.2051282051282,2260.0,-9095.4,3416.5213360961175,-14824.0,-1804.0,13020.0,-12732.0,-10476.0,2256.0,1146.6666666666667,4824.0,9487.0,6717.64010646596,-5176.0,18528.0,23704.0,-3976.0,9824.0,13800.0,1577.4358974358975,4612.0,1883.175,7217.921670700993,-13471.0,14394.0,27865.0,8620.0,-12420.0,-21040.0,1867.2307692307693,7095.0,6719.525,4918.868258997693,451.0,18686.0,18235.0,1211.0,4948.0,3737.0,2098.7948717948716,10909.0,-2271.15,1777.234671477011,-6113.0,1303.0,7416.0,-2583.0,-1418.0,1165.0,940.3846153846154,3223.0,exercise_3_wrist_clockwise,exercise_3_wrist_clockwise_6
0.0,0.0,0.0,0.0,0.0,0.0,0.0,0.0,0.0,0.0,0.0,0.0,0.0,0.0,0.0,0.0,0.0,0.0,0.0,0.0,0.0,0.0,0.0,0.0,0.0,0.0,0.0,0.0,0.0,0.0,0.0,0.0,0.0,0.0,0.0,0.0,0.0,0.0,0.0,0.0,0.2,0.4000000000000001,0.0,1.0,1.0,1.0,0.0,-1.0,0.02564102564102564,1.0,-2006.1,4743.554784125508,-8084.0,8640.0,16724.0,8640.0,4408.0,-4232.0,802.6666666666666,2520.0,-10737.1,4482.796625991414,-16932.0,-1804.0,15128.0,-5876.0,-14268.0,-8392.0,1249.4358974358975,4824.0,9172.4,6462.984437548956,-2472.0,18528.0,21000.0,12304.0,-2472.0,-14776.0,1429.7435897435898,3952.0,-5019.575,3563.029187976854,-13471.0,4214.0,17685.0,3970.0,-5120.0,-9090.0,1895.179487179487,7095.0,6176.9,5689.150348690039,-3691.0,18686.0,22377.0,12457.0,-1767.0,-14224.0,2386.7179487179487,10909.0,-4049.95,3674.4838273558908,-11305.0,1303.0,12608.0,-4504.0,-4532.0,-28.0,1888.1025641025642,6261.0,exercise_3_wrist_clockwise,exercise_3_wrist_clockwise_6
0.0,0.0,0.0,0.0,0.0,0.0,0.0,0.0,0.0,0.0,0.0,0.0,0.0,0.0,0.0,0.0,0.0,0.0,0.0,0.0,0.0,0.0,0.0,0.0,0.0,0.0,0.0,0.0,0.0,0.0,0.0,0.0,0.0,0.0,0.0,0.0,0.0,0.0,0.0,0.0,0.0,0.0,0.0,0.0,0.0,0.0,0.0,0.0,0.0,0.0,1458.3,5649.105337130827,-8084.0,7532.0,15616.0,-6824.0,3468.0,10292.0,688.5128205128206,2520.0,-12665.1,2891.0851924493686,-16932.0,-6860.0,10072.0,-13192.0,-8616.0,4576.0,1043.2820512820513,4520.0,-2936.6,7312.140236620193,-13928.0,8832.0,22760.0,7948.0,-13448.0,-21396.0,888.9230769230769,3056.0,-4590.45,3219.5104049373717,-9991.0,4870.0,14861.0,-5960.0,-4055.0,1905.0,1813.3076923076924,4871.0,-1335.925,4980.506005354778,-11195.0,9127.0,20322.0,8083.0,-1236.0,-9319.0,1810.4871794871794,4950.0,-5599.725,2845.42009189768,-11305.0,-783.0,10522.0,-892.0,-783.0,109.0,2089.4102564102564,6261.0,exercise_3_wrist_clockwise,exercise_3_wrist_clockwise_6
0.0,0.0,0.0,0.0,0.0,0.0,0.0,0.0,0.0,0.0,0.0,0.0,0.0,0.0,0.0,0.0,0.0,0.0,0.0,0.0,0.0,0.0,0.0,0.0,0.0,0.0,0.0,0.0,0.0,0.0,0.0,0.0,0.0,0.0,0.0,0.0,0.0,0.0,0.0,0.0,0.0,0.0,0.0,0.0,0.0,0.0,0.0,0.0,0.0,0.0,5002.8,1861.7751099421218,1928.0,7884.0,5956.0,5048.0,7884.0,2836.0,505.3333333333333,1372.0,-10753.4,2127.7653160064438,-15976.0,-6860.0,9116.0,-15976.0,-13152.0,2824.0,1025.025641025641,4520.0,-10062.1,3232.8764885160704,-14608.0,-2136.0,12472.0,-3308.0,-4712.0,-1404.0,885.025641025641,3056.0,1291.3,6462.384351769864,-9991.0,14204.0,24195.0,-9991.0,12634.0,22625.0,1785.2051282051282,5661.0,-2756.2,3469.595979361285,-11195.0,3183.0,14378.0,3183.0,1880.0,-1303.0,1886.3846153846155,6003.0,-4846.125,1877.749346791259,-10652.0,-783.0,9869.0,-10652.0,-4751.0,5901.0,1378.025641025641,3815.0,exercise_3_wrist_clockwise,exercise_3_wrist_clockwise_6
0.0,0.0,0.0,0.0,0.0,0.0,0.0,0.0,0.0,0.0,0.0,0.0,0.0,0.0,0.0,0.0,0.0,0.0,0.0,0.0,0.0,0.0,0.0,0.0,0.0,0.0,0.0,0.0,0.0,0.0,0.0,0.0,0.0,0.0,0.0,0.0,0.0,0.0,0.0,0.0,0.0,0.0,0.0,0.0,0.0,0.0,0.0,0.0,0.0,0.0,6506.8,2940.062203423594,1928.0,10100.0,8172.0,2908.0,7404.0,4496.0,475.8974358974359,1372.0,-10833.5,2102.9066907497345,-13716.0,-6996.0,6720.0,-9104.0,-7000.0,2104.0,719.5897435897435,2280.0,-2392.5,9294.442691737897,-14608.0,13052.0,27660.0,-12032.0,13052.0,25084.0,965.4358974358975,2648.0,6710.8,3931.5331309808394,-2786.0,14204.0,16990.0,-2786.0,2359.0,5145.0,1593.6153846153845,5661.0,2071.975,3653.197404243987,-5507.0,13716.0,19223.0,-3955.0,13716.0,17671.0,1645.0,6003.0,-3588.275,1892.7484907866126,-7125.0,-855.0,6270.0,-1726.0,-2827.0,-1101.0,903.6153846153846,3609.0,exercise_3_wrist_clockwise,exercise_3_wrist_clockwise_6
0.325,0.46837484987987993,0.0,1.0,1.0,0.0,0.0,0.0,0.05128205128205128,1.0,0.0,0.0,0.0,0.0,0.0,0.0,0.0,0.0,0.0,0.0,0.0,0.0,0.0,0.0,0.0,0.0,0.0,0.0,0.0,0.0,0.375,0.4841229182759271,0.0,1.0,1.0,0.0,1.0,1.0,0.02564102564102564,1.0,0.4,0.4898979485566357,0.0,1.0,1.0,0.0,1.0,1.0,0.02564102564102564,1.0,6638.6,3012.2473404420166,1328.0,11240.0,9912.0,8032.0,5644.0,-2388.0,914.3589743589744,6036.0,-11210.0,3174.6327031642577,-17452.0,-5168.0,12284.0,-12784.0,-15592.0,-2808.0,1071.5897435897436,3980.0,8242.8,5442.186487065654,-2212.0,17084.0,19296.0,-2212.0,1836.0,4048.0,1323.076923076923,3680.0,-1542.925,9959.828119469481,-21376.0,11909.0,33285.0,8522.0,-11335.0,-19857.0,2892.5384615384614,9792.0,5553.95,4306.112271817817,-7965.0,17294.0,25259.0,3034.0,2015.0,-1019.0,2757.4102564102564,17081.0,-3674.0,2099.7323758041166,-9685.0,-855.0,8830.0,-4312.0,-4215.0,97.0,1753.3076923076924,6023.0,exercise_3_wrist_clockwise,exercise_3_wrist_clockwise_6
0.325,0.4683748498798798,0.0,1.0,1.0,0.0,0.0,0.0,0.05128205128205128,1.0,0.0,0.0,0.0,0.0,0.0,0.0,0.0,0.0,0.0,0.0,0.0,0.0,0.0,0.0,0.0,0.0,0.0,0.0,0.0,0.0,0.55,0.49749371855331,0.0,1.0,1.0,0.0,0.0,0.0,0.05128205128205128,1.0,0.85,0.3570714214271425,0.0,1.0,1.0,0.0,0.0,0.0,0.05128205128205128,1.0,4409.3,1898.593245010632,1328.0,11240.0,9912.0,6368.0,2060.0,-4308.0,793.5384615384615,6036.0,-11918.2,2911.1031517278802,-17452.0,-5168.0,12284.0,-6860.0,-9736.0,-2876.0,1082.7692307692307,3980.0,1219.8,10310.808424173149,-13272.0,17084.0,30356.0,15596.0,-13272.0,-28868.0,1337.5384615384614,3680.0,-8350.7,4966.218300679099,-21376.0,441.0,21817.0,441.0,-1784.0,-2225.0,2692.5384615384614,9792.0,1536.225,6208.017890146177,-7965.0,17294.0,25259.0,11042.0,-3183.0,-14225.0,2575.25641025641,17081.0,-2958.55,2661.5151976834545,-9685.0,271.0,9956.0,-3203.0,-1154.0,2049.0,1736.128205128205,6023.0,exercise_3_wrist_clockwise,exercise_3_wrist_clockwise_6
0.0,0.0,0.0,0.0,0.0,0.0,0.0,0.0,0.0,0.0,0.0,0.0,0.0,0.0,0.0,0.0,0.0,0.0,0.0,0.0,0.0,0.0,0.0,0.0,0.0,0.0,0.0,0.0,0.0,0.0,0.175,0.37996710383926624,0.0,1.0,1.0,1.0,0.0,-1.0,0.02564102564102564,1.0,0.65,0.476969600708473,0.0,1.0,1.0,1.0,1.0,0.0,0.05128205128205128,1.0,2467.0,2531.0922148353266,-1972.0,6716.0,8688.0,6036.0,1288.0,-4748.0,448.9230769230769,1896.0,-10986.5,1758.0597686085646,-15840.0,-7900.0,7940.0,-13444.0,-11200.0,2244.0,537.7435897435897,2396.0,-10303.2,3723.7528596833604,-15256.0,-80.0,15176.0,-80.0,-11484.0,-11404.0,866.1538461538462,2840.0,-2810.9,4332.6640580594285,-10457.0,3652.0,14109.0,-10213.0,3652.0,13865.0,1014.6923076923077,3557.0,-2877.85,2367.452486851637,-8265.0,2193.0,10458.0,-155.0,597.0,752.0,1294.1025641025642,4949.0,-2764.85,3121.5223974048304,-13105.0,271.0,13376.0,-3479.0,-4316.0,-837.0,937.5128205128206,5157.0,exercise_3_wrist_clockwise,exercise_3_wrist_clockwise_6
0.0,0.0,0.0,0.0,0.0,0.0,0.0,0.0,0.0,0.0,0.0,0.0,0.0,0.0,0.0,0.0,0.0,0.0,0.0,0.0,0.0,0.0,0.0,0.0,0.0,0.0,0.0,0.0,0.0,0.0,0.0,0.0,0.0,0.0,0.0,0.0,0.0,0.0,0.0,0.0,0.3,0.45825756949558394,0.0,1.0,1.0,0.0,0.0,0.0,0.05128205128205128,1.0,3157.7,3523.7025853496775,-1972.0,9876.0,11848.0,1416.0,8888.0,7472.0,547.2820512820513,1896.0,-11353.1,1925.5494774219644,-14720.0,-7900.0,6820.0,-9676.0,-9700.0,-24.0,525.1282051282051,2396.0,-8463.1,5781.1091314729565,-15256.0,9628.0,24884.0,-12472.0,9628.0,22100.0,946.5641025641025,3488.0,4396.05,4757.320921222364,-3822.0,16122.0,19944.0,677.0,9781.0,9104.0,1090.820512820513,4038.0,1247.35,5219.614533421027,-8265.0,15054.0,23319.0,-4243.0,12498.0,16741.0,1525.2051282051282,7410.0,-4781.45,2411.720505676393,-13105.0,-1505.0,11600.0,-1505.0,-2979.0,-1474.0,948.3076923076923,5157.0,exercise_3_wrist_clockwise,exercise_3_wrist_clockwise_6
0.0,0.0,0.0,0.0,0.0,0.0,0.0,0.0,0.0,0.0,0.0,0.0,0.0,0.0,0.0,0.0,0.0,0.0,0.0,0.0,0.0,0.0,0.0,0.0,0.0,0.0,0.0,0.0,0.0,0.0,0.0,0.0,0.0,0.0,0.0,0.0,0.0,0.0,0.0,0.0,0.1,0.2999999999999997,0.0,1.0,1.0,1.0,0.0,-1.0,0.02564102564102564,1.0,5146.4,3191.2510148842885,-336.0,9876.0,10212.0,1724.0,-336.0,-2060.0,540.4102564102565,1688.0,-10434.2,3028.5534434775955,-14720.0,-4312.0,10408.0,-11456.0,-11204.0,252.0,937.5384615384615,3544.0,4746.0,10049.493360363995,-11304.0,17160.0,28464.0,-11304.0,11828.0,23132.0,1262.4615384615386,3488.0,3094.525,7578.800007215853,-14445.0,16122.0,30567.0,3923.0,-14445.0,-18368.0,1783.3333333333333,6525.0,7182.525,3986.841306018463,552.0,15054.0,14502.0,2110.0,8573.0,6463.0,1647.3589743589744,7410.0,-4636.05,1975.6742387094084,-8771.0,-283.0,8488.0,-4350.0,-7673.0,-3323.0,1431.7692307692307,6489.0,exercise_3_wrist_clockwise,exercise_3_wrist_clockwise_6
0.0,0.0,0.0,0.0,0.0,0.0,0.0,0.0,0.0,0.0,0.0,0.0,0.0,0.0,0.0,0.0,0.0,0.0,0.0,0.0,0.0,0.0,0.0,0.0,0.0,0.0,0.0,0.0,0.0,0.0,0.0,0.0,0.0,0.0,0.0,0.0,0.0,0.0,0.0,0.0,0.0,0.0,0.0,0.0,0.0,0.0,0.0,0.0,0.0,0.0,3556.5,3103.6975609746514,-1904.0,9384.0,11288.0,9092.0,7140.0,-1952.0,594.2564102564103,1836.0,-11672.3,4109.913710773013,-17236.0,-4312.0,12924.0,-9380.0,-13912.0,-4532.0,1389.025641025641,7616.0,8656.4,6202.506383712957,-2356.0,17160.0,19516.0,12264.0,-2300.0,-14564.0,1072.923076923077,4900.0,-4565.95,6475.049567184796,-20284.0,6121.0,26405.0,5242.0,-4879.0,-10121.0,2198.6923076923076,11494.0,5107.1,5106.52488391078,-4868.0,13163.0,18031.0,7843.0,-4868.0,-12711.0,1344.4358974358975,6504.0,-4254.075,2208.786956538588,-8771.0,1137.0,9908.0,-283.0,-4666.0,-4383.0,1855.820512820513,8810.0,exercise_3_wrist_clockwise,exercise_3_wrist_clockwise_6
0.0,0.0,0.0,0.0,0.0,0.0,0.0,0.0,0.0,0.0,0.0,0.0,0.0,0.0,0.0,0.0,0.0,0.0,0.0,0.0,0.0,0.0,0.0,0.0,0.0,0.0,0.0,0.0,0.0,0.0,0.0,0.0,0.0,0.0,0.0,0.0,0.0,0.0,0.0,0.0,0.0,0.0,0.0,0.0,0.0,0.0,0.0,0.0,0.0,0.0,4738.2,2650.4933804859797,-1904.0,7552.0,9456.0,-156.0,5636.0,5792.0,550.5641025641025,1836.0,-13316.7,2590.3329341997724,-17236.0,-8312.0,8924.0,-9576.0,-8916.0,660.0,1040.923076923077,7616.0,-2622.2,7108.980852414782,-12056.0,13216.0,25272.0,12684.0,-11656.0,-24340.0,807.0769230769231,4900.0,-4464.75,4854.736706300353,-20284.0,5516.0,25800.0,-13675.0,1857.0,15532.0,1845.6410256410256,11494.0,-2425.1,4154.03722178798,-8582.0,8537.0,17119.0,8537.0,-4174.0,-12711.0,1242.179487179487,3689.0,-3964.325,1558.068698541563,-7066.0,1137.0,8203.0,1137.0,-1995.0,-3132.0,1391.4358974358975,4230.0,exercise_3_wrist_clockwise,exercise_3_wrist_clockwise_6
0.0,0.0,0.0,0.0,0.0,0.0,0.0,0.0,0.0,0.0,0.0,0.0,0.0,0.0,0.0,0.0,0.0,0.0,0.0,0.0,0.0,0.0,0.0,0.0,0.0,0.0,0.0,0.0,0.0,0.0,0.0,0.0,0.0,0.0,0.0,0.0,0.0,0.0,0.0,0.0,0.0,0.0,0.0,0.0,0.0,0.0,0.0,0.0,0.0,0.0,5536.1,1304.5261170248757,3388.0,7552.0,4164.0,7100.0,6560.0,-540.0,447.28205128205127,1616.0,-12144.9,1779.7929064922132,-14964.0,-8312.0,6652.0,-14256.0,-14232.0,24.0,631.5897435897435,2644.0,-8347.1,2790.433727935498,-12056.0,-2700.0,9356.0,-3704.0,-2700.0,1004.0,625.5384615384615,2036.0,1964.15,4833.773404649828,-7048.0,7810.0,14858.0,-3901.0,5378.0,9279.0,1392.2307692307693,4875.0,-4235.7,2045.1294971223706,-8582.0,441.0,9023.0,-6267.0,441.0,6708.0,1062.5641025641025,3600.0,-3723.2,1400.0673769501238,-7066.0,-895.0,6171.0,-2044.0,-3350.0,-1306.0,1220.974358974359,4230.0,exercise_3_wrist_clockwise,exercise_3_wrist_clockwise_6
0.0,0.0,0.0,0.0,0.0,0.0,0.0,0.0,0.0,0.0,0.05,0.21794494717703367,0.0,1.0,1.0,0.0,1.0,1.0,0.02564102564102564,1.0,0.075,0.26339134382131846,0.0,1.0,1.0,0.0,1.0,1.0,0.02564102564102564,1.0,0.075,0.26339134382131846,0.0,1.0,1.0,0.0,1.0,1.0,0.02564102564102564,1.0,0.0,0.0,0.0,0.0,0.0,0.0,0.0,0.0,0.0,0.0,6750.3,2431.866096231451,3388.0,10568.0,7180.0,5224.0,8664.0,3440.0,394.05128205128204,1068.0,-11771.6,3081.3703185433587,-15144.0,-4064.0,11080.0,-10024.0,-4064.0,5960.0,611.8974358974359,2016.0,-928.7,8120.202553508133,-11252.0,14700.0,25952.0,-11020.0,14700.0,25720.0,789.5384615384615,3088.0,6584.2,2648.2810292716294,-1146.0,11681.0,12827.0,-1146.0,1977.0,3123.0,1406.8461538461538,6603.0,693.15,4129.930589913104,-5652.0,11216.0,16868.0,-2738.0,9114.0,11852.0,1021.025641025641,4252.0,-3797.0,1136.580991394806,-6326.0,-895.0,5431.0,-2214.0,-4291.0,-2077.0,688.6410256410256,2364.0,exercise_3_wrist_clockwise,exercise_3_wrist_clockwise_6
0.0,0.0,0.0,0.0,0.0,0.0,0.0,0.0,0.0,0.0,0.55,0.4974937185533101,0.0,1.0,1.0,0.0,1.0,1.0,0.02564102564102564,1.0,0.575,0.4943429983321295,0.0,1.0,1.0,0.0,1.0,1.0,0.02564102564102564,1.0,0.575,0.4943429983321295,0.0,1.0,1.0,0.0,1.0,1.0,0.02564102564102564,1.0,0.0,0.0,0.0,0.0,0.0,0.0,0.0,0.0,0.0,0.0,4150.0,5621.294512832431,-4152.0,10568.0,14720.0,6948.0,-4096.0,-11044.0,727.4871794871794,3940.0,-9660.5,4106.605429061818,-15860.0,-2336.0,13524.0,-14872.0,-15860.0,-988.0,1184.3076923076924,6368.0,9799.1,5666.921456134715,-1832.0,20004.0,21836.0,-1832.0,4984.0,6816.0,1267.076923076923,5048.0,-308.3,8688.605455422638,-16687.0,11681.0,28368.0,4780.0,-9737.0,-14517.0,2514.5384615384614,12692.0,5600.75,5227.610035905509,-4788.0,20309.0,25097.0,1047.0,-2224.0,-3271.0,2047.3589743589744,10787.0,-2211.1,3356.8747504189073,-5885.0,6622.0,12507.0,-3105.0,1258.0,4363.0,1372.2307692307693,6518.0,exercise_3_wrist_clockwise,exercise_3_wrist_clockwise_6
0.0,0.0,0.0,0.0,0.0,0.0,0.0,0.0,0.0,0.0,0.0,0.0,0.0,0.0,0.0,0.0,0.0,0.0,0.0,0.0,0.0,0.0,0.0,0.0,0.0,0.0,0.0,0.0,0.0,0.0,0.0,0.0,0.0,0.0,0.0,0.0,0.0,0.0,0.0,0.0,0.0,0.0,0.0,0.0,0.0,0.0,0.0,0.0,0.0,0.0,11454.1,1344.9520400371161,9612.0,13284.0,3672.0,11896.0,10512.0,-1384.0,232.4102564102564,992.0,-9425.7,1257.7029498255936,-11156.0,-7408.0,3748.0,-11152.0,-11156.0,-4.0,366.87179487179486,1208.0,-5287.6,4295.478255095699,-10204.0,3612.0,13816.0,3612.0,-5576.0,-9188.0,584.9230769230769,2012.0,2202.875,4366.981372684683,-4180.0,9149.0,13329.0,-4180.0,8732.0,12912.0,674.8717948717949,4977.0,-4116.05,2656.391602813862,-9524.0,567.0,10091.0,-3621.0,-728.0,2893.0,1146.7948717948718,2500.0,-2599.725,1102.3754802130716,-4908.0,-916.0,3992.0,-916.0,-4477.0,-3561.0,562.7435897435897,1992.0,exercise_3_wrist_clockwise,exercise_3_wrist_clockwise_7
0.1,0.3,0.0,1.0,1.0,0.0,0.0,0.0,0.05128205128205128,1.0,0.2,0.40000000000000013,0.0,1.0,1.0,0.0,1.0,1.0,0.02564102564102564,1.0,0.075,0.26339134382131857,0.0,1.0,1.0,0.0,0.0,0.0,0.05128205128205128,1.0,0.325,0.46837484987987993,0.0,1.0,1.0,0.0,1.0,1.0,0.02564102564102564,1.0,0.0,0.0,0.0,0.0,0.0,0.0,0.0,0.0,0.0,0.0,11006.5,1143.1978612646194,8896.0,13136.0,4240.0,11092.0,8896.0,-2196.0,420.4102564102564,1520.0,-8792.0,2039.9337244136143,-11204.0,-3836.0,7368.0,-8264.0,-4184.0,4080.0,513.4358974358975,1208.0,-2082.4,7809.846287859961,-10204.0,15836.0,26040.0,-8448.0,15836.0,24284.0,1204.6153846153845,4480.0,5815.55,3571.2927697823934,-5183.0,11268.0,16451.0,2630.0,-1091.0,-3721.0,1188.128205128205,4977.0,2566.7,6774.312216749388,-7022.0,19958.0,26980.0,-4885.0,16685.0,21570.0,1598.0,5310.0,-3502.375,1266.4864327638886,-5743.0,455.0,6198.0,-2589.0,455.0,3044.0,701.6410256410256,5098.0,exercise_3_wrist_clockwise,exercise_3_wrist_clockwise_7
0.1,0.2999999999999998,0.0,1.0,1.0,0.0,0.0,0.0,0.05128205128205128,1.0,0.2,0.4000000000000001,0.0,1.0,1.0,0.0,0.0,0.0,0.05128205128205128,1.0,0.075,0.2633913438213188,0.0,1.0,1.0,0.0,0.0,0.0,0.05128205128205128,1.0,0.35,0.4769696007084729,0.0,1.0,1.0,0.0,0.0,0.0,0.05128205128205128,1.0,0.0,0.0,0.0,0.0,0.0,0.0,0.0,0.0,0.0,0.0,6359.7,6036.944882140304,-2544.0,13136.0,15680.0,10468.0,-372.0,-10840.0,897.8461538461538,5444.0,-8347.4,2617.52563311231,-13656.0,-3836.0,9820.0,-11204.0,-11868.0,-664.0,915.8974358974359,2752.0,9327.2,6792.744611716242,-5628.0,18516.0,24144.0,-5628.0,10768.0,16396.0,1535.6923076923076,5668.0,-16.775,6507.687183199189,-7095.0,11268.0,18363.0,10779.0,-6875.0,-17654.0,1232.974358974359,4092.0,7975.975,4800.433722527058,779.0,19958.0,19179.0,779.0,2042.0,1263.0,1806.3333333333333,7868.0,-3280.05,1574.9064884938407,-5743.0,535.0,6278.0,-4539.0,-4886.0,-347.0,1125.7179487179487,5098.0,exercise_3_wrist_clockwise,exercise_3_wrist_clockwise_7
0.0,0.0,0.0,0.0,0.0,0.0,0.0,0.0,0.0,0.0,0.0,0.0,0.0,0.0,0.0,0.0,0.0,0.0,0.0,0.0,0.0,0.0,0.0,0.0,0.0,0.0,0.0,0.0,0.0,0.0,0.025,0.1561249499599599,0.0,1.0,1.0,1.0,0.0,-1.0,0.02564102564102564,1.0,0.0,0.0,0.0,0.0,0.0,0.0,0.0,0.0,0.0,0.0,4055.3,5085.7865379899695,-2544.0,12716.0,15260.0,7472.0,11708.0,4236.0,966.2564102564103,5444.0,-10818.7,3249.8340126843405,-17216.0,-3960.0,13256.0,-6136.0,-9776.0,-3640.0,1178.871794871795,4240.0,8879.2,6325.682015403556,-3964.0,18516.0,22480.0,15384.0,-3964.0,-19348.0,1039.8974358974358,5668.0,-5734.45,1747.7537862925658,-9947.0,-2186.0,7761.0,-2380.0,-3366.0,-986.0,1048.923076923077,3625.0,3237.0,6685.97395672463,-10377.0,15746.0,26123.0,10843.0,-8864.0,-19707.0,1891.5641025641025,7868.0,-5188.725,4268.070190305567,-17371.0,535.0,17906.0,-2263.0,-4091.0,-1828.0,2260.5641025641025,7617.0,exercise_3_wrist_clockwise,exercise_3_wrist_clockwise_7
0.0,0.0,0.0,0.0,0.0,0.0,0.0,0.0,0.0,0.0,0.0,0.0,0.0,0.0,0.0,0.0,0.0,0.0,0.0,0.0,0.0,0.0,0.0,0.0,0.0,0.0,0.0,0.0,0.0,0.0,0.0,0.0,0.0,0.0,0.0,0.0,0.0,0.0,0.0,0.0,0.0,0.0,0.0,0.0,0.0,0.0,0.0,0.0,0.0,0.0,7441.4,3707.442520120844,-780.0,12716.0,13496.0,-780.0,4148.0,4928.0,666.6666666666666,3048.0,-10914.0,2560.0109374766353,-17216.0,-7780.0,9436.0,-14780.0,-10308.0,4472.0,761.025641025641,4240.0,-3740.1,7930.050011822119,-13656.0,9308.0,22964.0,9308.0,-12256.0,-21564.0,835.5897435897435,2776.0,-1939.275,4695.77605932981,-9947.0,5640.0,15587.0,-6769.0,2707.0,9476.0,1177.076923076923,3625.0,-4559.125,5255.17851831648,-13134.0,6638.0,19772.0,312.0,-1086.0,-1398.0,1964.974358974359,8862.0,-5984.8,3831.679241533665,-17371.0,-1761.0,15610.0,-3982.0,-7098.0,-3116.0,2110.153846153846,7617.0,exercise_3_wrist_clockwise,exercise_3_wrist_clockwise_7
0.275,0.4465142774872938,0.0,1.0,1.0,0.0,1.0,1.0,0.02564102564102564,1.0,0.275,0.4465142774872938,0.0,1.0,1.0,0.0,1.0,1.0,0.02564102564102564,1.0,0.1,0.30000000000000004,0.0,1.0,1.0,0.0,1.0,1.0,0.02564102564102564,1.0,0.25,0.4330127018922193,0.0,1.0,1.0,0.0,1.0,1.0,0.02564102564102564,1.0,0.2,0.40000000000000013,0.0,1.0,1.0,0.0,1.0,1.0,0.02564102564102564,1.0,8398.7,3081.269528944198,3508.0,13348.0,9840.0,11500.0,12688.0,1188.0,517.025641025641,1524.0,-9428.5,1429.4396629448897,-11704.0,-4564.0,7140.0,-9648.0,-4564.0,5084.0,694.0512820512821,2988.0,-7804.5,5345.631651170888,-13656.0,3900.0,17556.0,-5064.0,3900.0,8964.0,831.4871794871794,2712.0,5625.175,4473.59169397197,-3003.0,14897.0,17900.0,-1915.0,12481.0,14396.0,1286.3076923076924,4595.0,-1656.375,7200.559407738749,-13134.0,16490.0,29624.0,-10201.0,16490.0,26691.0,1796.8461538461538,8862.0,-5620.625,2035.1403107341273,-9886.0,-1761.0,8125.0,-3079.0,-9886.0,-6807.0,867.1538461538462,2800.0,exercise_3_wrist_clockwise,exercise_3_wrist_clockwise_7
0.75,0.4330127018922193,0.0,1.0,1.0,0.0,0.0,0.0,0.05128205128205128,1.0,0.775,0.4175823272122518,0.0,1.0,1.0,0.0,1.0,1.0,0.02564102564102564,1.0,0.425,0.4943429983321294,0.0,1.0,1.0,0.0,0.0,0.0,0.05128205128205128,1.0,0.7,0.4582575694955839,0.0,1.0,1.0,0.0,0.0,0.0,0.05128205128205128,1.0,0.375,0.4841229182759271,0.0,1.0,1.0,0.0,0.0,0.0,0.05128205128205128,1.0,8422.2,3115.6166580630547,3656.0,13348.0,9692.0,4420.0,5996.0,1576.0,648.2051282051282,2648.0,-7433.4,3666.241950553727,-11776.0,-500.0,11276.0,-9604.0,-11776.0,-2172.0,1152.1025641025642,5268.0,4691.3,10319.725922232625,-11616.0,17504.0,29120.0,-10872.0,11568.0,22440.0,1238.5641025641025,5540.0,1386.05,9548.369892159604,-17877.0,14897.0,32774.0,4335.0,-12958.0,-17293.0,1964.076923076923,7566.0,6067.45,4694.4716632971595,-2423.0,16490.0,18913.0,-2423.0,2247.0,4670.0,1735.2307692307693,6127.0,-5700.475,3378.821725006367,-13197.0,4150.0,17347.0,-5860.0,-36.0,5824.0,2092.5128205128203,9852.0,exercise_3_wrist_clockwise,exercise_3_wrist_clockwise_7
0.475,0.4993746088859546,0.0,1.0,1.0,1.0,0.0,-1.0,0.02564102564102564,1.0,0.5,0.5,0.0,1.0,1.0,1.0,0.0,-1.0,0.02564102564102564,1.0,0.325,0.4683748498798798,0.0,1.0,1.0,1.0,0.0,-1.0,0.02564102564102564,1.0,0.45,0.4974937185533101,0.0,1.0,1.0,1.0,0.0,-1.0,0.02564102564102564,1.0,0.175,0.37996710383926624,0.0,1.0,1.0,1.0,0.0,-1.0,0.02564102564102564,1.0,8442.7,2692.1181827698433,3656.0,12948.0,9292.0,12948.0,11436.0,-1512.0,680.8205128205128,2648.0,-8500.9,4512.844999554051,-16244.0,-500.0,15744.0,-4792.0,-9456.0,-4664.0,1344.0,5268.0,8023.0,7193.661974265958,-6584.0,17504.0,24088.0,9440.0,-6584.0,-16024.0,1251.8974358974358,4344.0,-7518.275,6372.171239018535,-17877.0,10175.0,28052.0,10175.0,-3809.0,-13984.0,2003.8461538461538,7566.0,3874.625,6573.39989536427,-8027.0,14967.0,22994.0,14967.0,-5530.0,-20497.0,1825.820512820513,4926.0,-5020.875,3763.6716792747743,-13366.0,4150.0,17516.0,-7173.0,-5712.0,1461.0,2693.6666666666665,9852.0,exercise_3_wrist_clockwise,exercise_3_wrist_clockwise_7
0.0,0.0,0.0,0.0,0.0,0.0,0.0,0.0,0.0,0.0,0.0,0.0,0.0,0.0,0.0,0.0,0.0,0.0,0.0,0.0,0.0,0.0,0.0,0.0,0.0,0.0,0.0,0.0,0.0,0.0,0.0,0.0,0.0,0.0,0.0,0.0,0.0,0.0,0.0,0.0,0.0,0.0,0.0,0.0,0.0,0.0,0.0,0.0,0.0,0.0,8820.5,2089.96730835676,4816.0,11796.0,6980.0,4816.0,6356.0,1540.0,453.02564102564105,1260.0,-10982.3,1973.445086644166,-16244.0,-8024.0,8220.0,-14460.0,-12516.0,1944.0,759.3846153846154,4812.0,-3764.9,6812.683787612632,-11504.0,9800.0,21304.0,8732.0,-8312.0,-17044.0,802.5641025641025,2424.0,-2245.475,7763.3177990711565,-16196.0,13999.0,30195.0,-12515.0,3718.0,16233.0,1602.076923076923,6431.0,-2925.95,5695.207678171184,-11893.0,12129.0,24022.0,5084.0,-1920.0,-7004.0,1536.974358974359,4926.0,-4438.6,2675.5977724613244,-13366.0,-844.0,12522.0,-2675.0,-2764.0,-89.0,1386.128205128205,6890.0,exercise_3_wrist_clockwise,exercise_3_wrist_clockwise_7
0.0,0.0,0.0,0.0,0.0,0.0,0.0,0.0,0.0,0.0,0.0,0.0,0.0,0.0,0.0,0.0,0.0,0.0,0.0,0.0,0.0,0.0,0.0,0.0,0.0,0.0,0.0,0.0,0.0,0.0,0.0,0.0,0.0,0.0,0.0,0.0,0.0,0.0,0.0,0.0,0.0,0.0,0.0,0.0,0.0,0.0,0.0,0.0,0.0,0.0,9167.5,2278.706508087428,6356.0,14156.0,7800.0,11796.0,13668.0,1872.0,415.1794871794872,1344.0,-10612.7,2127.841514305048,-14012.0,-5648.0,8364.0,-9140.0,-5648.0,3492.0,526.2564102564103,2288.0,-5491.9,5514.0475505748045,-11504.0,6536.0,18040.0,-6876.0,4916.0,11792.0,791.3846153846154,2208.0,7161.15,4546.477210709408,-2581.0,15297.0,17878.0,-2581.0,7688.0,10269.0,1445.974358974359,6431.0,-3295.675,3461.6807217556902,-11893.0,1436.0,13329.0,-4897.0,1436.0,6333.0,1243.0,4783.0,-4177.475,1740.4062167709585,-9258.0,-952.0,8306.0,-4981.0,-4850.0,131.0,853.5128205128206,3259.0,exercise_3_wrist_clockwise,exercise_3_wrist_clockwise_7
0.2,0.40000000000000013,0.0,1.0,1.0,0.0,1.0,1.0,0.02564102564102564,1.0,0.375,0.4841229182759271,0.0,1.0,1.0,0.0,1.0,1.0,0.02564102564102564,1.0,0.35,0.4769696007084729,0.0,1.0,1.0,0.0,1.0,1.0,0.02564102564102564,1.0,0.425,0.4943429983321295,0.0,1.0,1.0,0.0,1.0,1.0,0.02564102564102564,1.0,0.0,0.0,0.0,0.0,0.0,0.0,0.0,0.0,0.0,0.0,10288.2,2552.7685284804024,6408.0,14368.0,7960.0,6408.0,9592.0,3184.0,732.7179487179487,3256.0,-7756.2,4408.1114278112345,-14012.0,260.0,14272.0,-12708.0,-8596.0,4112.0,1112.820512820513,5548.0,5094.4,8012.631168349135,-8564.0,18108.0,26672.0,-8276.0,5836.0,14112.0,1352.0,5624.0,-62.75,13719.333973903398,-28592.0,15297.0,43889.0,6183.0,-11512.0,-17695.0,2512.5897435897436,16526.0,3315.325,5311.903403618613,-3347.0,14874.0,18221.0,-3276.0,-157.0,3119.0,1552.2307692307693,5096.0,-7286.95,4332.724910203739,-19749.0,-2050.0,17699.0,-3291.0,-2050.0,1241.0,1670.179487179487,8645.0,exercise_3_wrist_clockwise,exercise_3_wrist_clockwise_7
0.325,0.4683748498798799,0.0,1.0,1.0,0.0,0.0,0.0,0.05128205128205128,1.0,0.525,0.4993746088859544,0.0,1.0,1.0,0.0,0.0,0.0,0.05128205128205128,1.0,0.5,0.5,0.0,1.0,1.0,0.0,0.0,0.0,0.05128205128205128,1.0,0.575,0.4943429983321296,0.0,1.0,1.0,0.0,0.0,0.0,0.05128205128205128,1.0,0.0,0.0,0.0,0.0,0.0,0.0,0.0,0.0,0.0,0.0,9962.8,2250.8684901610754,7072.0,14368.0,7296.0,14304.0,7072.0,-7232.0,962.4615384615385,3256.0,-7304.0,3851.3602791741,-14872.0,260.0,15132.0,-5652.0,-9080.0,-3428.0,1350.051282051282,5548.0,3625.2,9843.15962280405,-12112.0,18108.0,30220.0,5344.0,-10964.0,-16308.0,1719.8974358974358,5624.0,-8327.575,10935.175428148146,-28592.0,10373.0,38965.0,7675.0,4604.0,-3071.0,3432.6923076923076,16526.0,823.4,7795.597933449363,-12545.0,14874.0,27419.0,1004.0,-7138.0,-8142.0,2078.051282051282,9421.0,-5460.025,6401.14540331455,-19749.0,10532.0,30281.0,-5942.0,-4696.0,1246.0,2339.4871794871797,8645.0,exercise_3_wrist_clockwise,exercise_3_wrist_clockwise_7
0.125,0.33071891388307384,0.0,1.0,1.0,1.0,0.0,-1.0,0.02564102564102564,1.0,0.15,0.3570714214271425,0.0,1.0,1.0,1.0,0.0,-1.0,0.02564102564102564,1.0,0.15,0.3570714214271425,0.0,1.0,1.0,1.0,0.0,-1.0,0.02564102564102564,1.0,0.15,0.3570714214271425,0.0,1.0,1.0,1.0,0.0,-1.0,0.02564102564102564,1.0,0.0,0.0,0.0,0.0,0.0,0.0,0.0,0.0,0.0,0.0,8245.6,2013.1550958632076,5312.0,13132.0,7820.0,12304.0,11568.0,-736.0,614.7692307692307,2792.0,-11040.4,1513.7544847167258,-14872.0,-8300.0,6572.0,-11124.0,-11868.0,-744.0,727.7948717948718,4224.0,-6273.6,5806.27975901954,-12112.0,9040.0,21152.0,9040.0,-1784.0,-10824.0,1114.2564102564102,4912.0,164.725,9097.695743943905,-16616.0,11271.0,27887.0,-15937.0,6955.0,22892.0,1869.4358974358975,7000.0,-3482.25,4662.568335960343,-12545.0,4977.0,17522.0,245.0,4526.0,4281.0,1723.923076923077,9421.0,-3394.75,4134.99890417156,-7528.0,10532.0,18060.0,-955.0,-7027.0,-6072.0,1465.4871794871794,7043.0,exercise_3_wrist_clockwise,exercise_3_wrist_clockwise_7
0.0,0.0,0.0,0.0,0.0,0.0,0.0,0.0,0.0,0.0,0.0,0.0,0.0,0.0,0.0,0.0,0.0,0.0,0.0,0.0,0.0,0.0,0.0,0.0,0.0,0.0,0.0,0.0,0.0,0.0,0.0,0.0,0.0,0.0,0.0,0.0,0.0,0.0,0.0,0.0,0.0,0.0,0.0,0.0,0.0,0.0,0.0,0.0,0.0,0.0,9471.7,2691.487824605566,5312.0,13436.0,8124.0,6776.0,9388.0,2612.0,403.1794871794872,1360.0,-8536.4,4202.261562539867,-13404.0,-448.0,12956.0,-9944.0,-460.0,9484.0,658.974358974359,2724.0,109.0,9242.854829542657,-11640.0,14628.0,26268.0,-11108.0,14628.0,25736.0,830.7692307692307,2404.0,3462.225,6043.2904426624245,-12442.0,11271.0,23713.0,5446.0,-12442.0,-17888.0,1288.7179487179487,4576.0,3295.075,5741.151493330846,-7689.0,14074.0,21763.0,-7689.0,8345.0,16034.0,1171.8974358974358,4733.0,-7195.95,3498.118636853244,-15795.0,-2758.0,13037.0,-5781.0,-15795.0,-10014.0,1054.7179487179487,3842.0,exercise_3_wrist_clockwise,exercise_3_wrist_clockwise_7
0.0,0.0,0.0,0.0,0.0,0.0,0.0,0.0,0.0,0.0,0.0,0.0,0.0,0.0,0.0,0.0,0.0,0.0,0.0,0.0,0.0,0.0,0.0,0.0,0.0,0.0,0.0,0.0,0.0,0.0,0.0,0.0,0.0,0.0,0.0,0.0,0.0,0.0,0.0,0.0,0.0,0.0,0.0,0.0,0.0,0.0,0.0,0.0,0.0,0.0,9824.2,2112.3378422970127,6564.0,13436.0,6872.0,11812.0,9892.0,-1920.0,401.84615384615387,1076.0,-6360.8,4826.879836913283,-13576.0,1252.0,14828.0,-10924.0,-12972.0,-2048.0,1104.2051282051282,3428.0,9696.4,5197.155360387064,-516.0,17100.0,17616.0,-516.0,1152.0,1668.0,1046.4615384615386,3436.0,-5359.4,7857.885713727327,-18363.0,9358.0,27721.0,7900.0,-7885.0,-15785.0,2240.4358974358975,7667.0,3319.7,5872.275539345885,-7389.0,14074.0,21463.0,5268.0,-7389.0,-12657.0,1292.8974358974358,4733.0,-5302.375,5445.136590056763,-15795.0,4893.0,20688.0,-6173.0,-3022.0,3151.0,2146.6923076923076,6419.0,exercise_3_wrist_clockwise,exercise_3_wrist_clockwise_7
0.0,0.0,0.0,0.0,0.0,0.0,0.0,0.0,0.0,0.0,0.1,0.30000000000000004,0.0,1.0,1.0,0.0,1.0,1.0,0.02564102564102564,1.0,0.1,0.30000000000000004,0.0,1.0,1.0,0.0,1.0,1.0,0.02564102564102564,1.0,0.1,0.30000000000000004,0.0,1.0,1.0,0.0,1.0,1.0,0.02564102564102564,1.0,0.0,0.0,0.0,0.0,0.0,0.0,0.0,0.0,0.0,0.0,7128.5,1958.8915615725134,3548.0,10400.0,6852.0,8768.0,4944.0,-3824.0,443.8974358974359,1768.0,-9898.7,4695.621568014185,-13784.0,1252.0,15036.0,-132.0,-13784.0,-13652.0,886.8717948717949,3428.0,1917.9,10043.052284539795,-11136.0,17100.0,28236.0,14400.0,-6884.0,-21284.0,1127.4871794871794,3632.0,-5199.325,7310.165939934263,-18363.0,13254.0,31617.0,-4775.0,13254.0,18029.0,1969.5128205128206,7139.0,-4893.55,5688.047964592072,-17709.0,6121.0,23830.0,5960.0,-7363.0,-13323.0,1789.3076923076924,6731.0,-1762.05,3507.9422739691713,-10906.0,4893.0,15799.0,-10906.0,-6174.0,4732.0,1881.4358974358975,6419.0,exercise_3_wrist_clockwise,exercise_3_wrist_clockwise_7
0.35,0.4769696007084729,0.0,1.0,1.0,0.0,1.0,1.0,0.02564102564102564,1.0,0.6,0.4898979485566357,0.0,1.0,1.0,0.0,1.0,1.0,0.02564102564102564,1.0,0.2,0.4000000000000001,0.0,1.0,1.0,0.0,0.0,0.0,0.05128205128205128,1.0,0.6,0.4898979485566357,0.0,1.0,1.0,0.0,1.0,1.0,0.02564102564102564,1.0,0.0,0.0,0.0,0.0,0.0,0.0,0.0,0.0,0.0,0.0,7945.3,3270.7068823115287,3548.0,13912.0,10364.0,10280.0,13848.0,3568.0,504.20512820512823,1768.0,-12153.3,2510.6272343778955,-15420.0,-4244.0,11176.0,-12900.0,-4244.0,8656.0,652.1025641025641,2388.0,-3041.3,5431.958643988372,-11136.0,7200.0,18336.0,48.0,7200.0,7152.0,1067.2820512820513,3632.0,5287.275,6342.7702582842285,-6931.0,16654.0,23585.0,-6931.0,2505.0,9436.0,1508.0,4537.0,-5599.875,5607.822292064452,-17709.0,8235.0,25944.0,-9369.0,8235.0,17604.0,2086.25641025641,6731.0,-4465.35,3353.3177492596787,-9412.0,2972.0,12384.0,-2320.0,-5934.0,-3614.0,959.3333333333334,2474.0,exercise_3_wrist_clockwise,exercise_3_wrist_clockwise_7
0.45,0.49749371855331015,0.0,1.0,1.0,0.0,0.0,0.0,0.05128205128205128,1.0,0.675,0.4683748498798799,0.0,1.0,1.0,1.0,0.0,-1.0,0.02564102564102564,1.0,0.1,0.2999999999999997,0.0,1.0,1.0,1.0,0.0,-1.0,0.02564102564102564,1.0,0.7,0.45825756949558405,0.0,1.0,1.0,1.0,0.0,-1.0,0.02564102564102564,1.0,0.0,0.0,0.0,0.0,0.0,0.0,0.0,0.0,0.0,0.0,7682.2,4417.326607802506,8.0,13912.0,13904.0,4476.0,2028.0,-2448.0,659.6923076923077,2032.0,-7963.5,5453.314088698725,-15420.0,548.0,15968.0,-15400.0,-13112.0,2288.0,918.5641025641025,3468.0,7665.7,7451.382362353981,-6188.0,19660.0,25848.0,-5772.0,10828.0,16600.0,1114.051282051282,4576.0,1139.05,11550.315019405314,-23700.0,16654.0,40354.0,16654.0,-23700.0,-40354.0,2334.153846153846,7889.0,4267.3,8354.632158868513,-11096.0,19904.0,31000.0,-11096.0,6793.0,17889.0,2390.7948717948716,6518.0,-7262.6,3923.186114626733,-21038.0,-249.0,20789.0,-7317.0,-21038.0,-13721.0,1514.948717948718,6466.0,exercise_3_wrist_clockwise,exercise_3_wrist_clockwise_7
0.1,0.2999999999999997,0.0,1.0,1.0,1.0,0.0,-1.0,0.02564102564102564,1.0,0.175,0.37996710383926624,0.0,1.0,1.0,1.0,0.0,-1.0,0.02564102564102564,1.0,0.0,0.0,0.0,0.0,0.0,0.0,0.0,0.0,0.0,0.0,0.2,0.4000000000000001,0.0,1.0,1.0,1.0,0.0,-1.0,0.02564102564102564,1.0,0.0,0.0,0.0,0.0,0.0,0.0,0.0,0.0,0.0,0.0,7166.2,3665.9786087755615,8.0,13372.0,13364.0,13372.0,7680.0,-5692.0,709.2307692307693,3052.0,-8152.2,5156.492369818849,-15012.0,548.0,15560.0,-3928.0,-8756.0,-4828.0,937.9487179487179,3468.0,6252.1,9310.190008265135,-11160.0,19660.0,30820.0,9624.0,-10732.0,-20356.0,1180.820512820513,4576.0,-7612.2,7770.254771241414,-23700.0,6466.0,30166.0,4824.0,406.0,-4418.0,2272.4102564102564,7889.0,3238.425,9525.714894136556,-13964.0,19904.0,33868.0,11915.0,-10387.0,-22302.0,2396.0,7531.0,-6539.85,4442.531353575346,-21038.0,-249.0,20789.0,-5711.0,-5482.0,229.0,2211.871794871795,7542.0,exercise_3_wrist_clockwise,exercise_3_wrist_clockwise_7
0.0,0.0,0.0,0.0,0.0,0.0,0.0,0.0,0.0,0.0,0.0,0.0,0.0,0.0,0.0,0.0,0.0,0.0,0.0,0.0,0.0,0.0,0.0,0.0,0.0,0.0,0.0,0.0,0.0,0.0,0.0,0.0,0.0,0.0,0.0,0.0,0.0,0.0,0.0,0.0,0.0,0.0,0.0,0.0,0.0,0.0,0.0,0.0,0.0,0.0,9176.4,1391.06342055278,6236.0,11108.0,4872.0,6992.0,6236.0,-756.0,287.6923076923077,984.0,-10943.8,2029.5483142807907,-13828.0,-7488.0,6340.0,-9060.0,-8748.0,312.0,411.6923076923077,1268.0,-1293.1,7765.086476659483,-13096.0,12672.0,25768.0,12672.0,-13096.0,-25768.0,668.9230769230769,1936.0,-3573.375,3317.326880844726,-9586.0,4132.0,13718.0,-8147.0,4132.0,12279.0,674.6410256410256,2217.0,-4947.9,2009.9375462934165,-8278.0,700.0,8978.0,700.0,-8223.0,-8923.0,813.5641025641025,2121.0,-1796.725,1568.3461031848167,-4504.0,2220.0,6724.0,2220.0,-4504.0,-6724.0,514.4615384615385,1762.0,exercise_3_wrist_clockwise,exercise_3_wrist_clockwise_8
0.0,0.0,0.0,0.0,0.0,0.0,0.0,0.0,0.0,0.0,0.1,0.30000000000000004,0.0,1.0,1.0,0.0,1.0,1.0,0.02564102564102564,1.0,0.025,0.15612494995995996,0.0,1.0,1.0,0.0,0.0,0.0,0.05128205128205128,1.0,0.175,0.3799671038392666,0.0,1.0,1.0,0.0,1.0,1.0,0.02564102564102564,1.0,0.3,0.45825756949558405,0.0,1.0,1.0,0.0,1.0,1.0,0.02564102564102564,1.0,8254.4,1911.184930874038,4916.0,11108.0,6192.0,10420.0,8632.0,-1788.0,417.3333333333333,1412.0,-10145.9,1904.1260436221125,-14468.0,-7488.0,6980.0,-12520.0,-14468.0,-1948.0,453.43589743589746,1268.0,-8412.0,3893.079603604324,-13256.0,-444.0,12812.0,-1588.0,-444.0,1144.0,718.974358974359,2372.0,3122.775,5608.939010577223,-5354.0,17207.0,22561.0,-3431.0,8540.0,11971.0,1116.025641025641,6271.0,-3254.075,3916.659223033707,-8248.0,5449.0,13697.0,-4360.0,5154.0,9514.0,1125.8461538461538,5101.0,-3698.1,1839.9034458362212,-7212.0,1678.0,8890.0,-2474.0,-4811.0,-2337.0,720.7948717948718,2466.0,exercise_3_wrist_clockwise,exercise_3_wrist_clockwise_8
0.25,0.4330127018922193,0.0,1.0,1.0,0.0,0.0,0.0,0.05128205128205128,1.0,0.525,0.49937460888595453,0.0,1.0,1.0,0.0,0.0,0.0,0.05128205128205128,1.0,0.025,0.15612494995995993,0.0,1.0,1.0,0.0,0.0,0.0,0.05128205128205128,1.0,0.675,0.4683748498798798,0.0,1.0,1.0,0.0,1.0,1.0,0.02564102564102564,1.0,0.775,0.4175823272122518,0.0,1.0,1.0,0.0,0.0,0.0,0.05128205128205128,1.0,8183.3,1904.1249722641635,4916.0,11120.0,6204.0,5964.0,5980.0,16.0,504.0,1896.0,-9214.9,3428.7430918632563,-14468.0,-2852.0,11616.0,-8528.0,-3708.0,4820.0,746.1538461538462,2400.0,474.4,10421.402623447575,-13256.0,18032.0,31288.0,-13016.0,17252.0,30268.0,1068.2051282051282,3688.0,5892.875,4184.759223584434,-3377.0,17207.0,20584.0,4226.0,621.0,-3605.0,1743.6153846153845,6271.0,4051.775,5511.49448646871,-8248.0,14575.0,22823.0,-8248.0,7000.0,15248.0,1768.974358974359,5244.0,-4744.1,2851.5370486809393,-12394.0,1678.0,14072.0,-4160.0,-716.0,3444.0,1230.820512820513,4502.0,exercise_3_wrist_clockwise,exercise_3_wrist_clockwise_8
0.25,0.4330127018922193,0.0,1.0,1.0,0.0,0.0,0.0,0.05128205128205128,1.0,0.425,0.49434299833212947,0.0,1.0,1.0,1.0,0.0,-1.0,0.02564102564102564,1.0,0.0,0.0,0.0,0.0,0.0,0.0,0.0,0.0,0.0,0.0,0.575,0.4943429983321296,0.0,1.0,1.0,1.0,0.0,-1.0,0.02564102564102564,1.0,0.475,0.4993746088859546,0.0,1.0,1.0,1.0,0.0,-1.0,0.02564102564102564,1.0,3913.4,6123.846474234962,-4936.0,11120.0,16056.0,9324.0,-2388.0,-11712.0,622.7692307692307,2548.0,-7743.5,3500.625222728077,-13244.0,-2852.0,10392.0,-13244.0,-12076.0,1168.0,926.5641025641025,2400.0,11949.9,4606.087970284544,220.0,18032.0,17812.0,220.0,9776.0,9556.0,1017.5384615384615,3688.0,-952.575,5904.516440350981,-8310.0,9887.0,18197.0,9887.0,-6575.0,-16462.0,1531.7435897435898,4701.0,7826.8,3582.4009979342068,451.0,14575.0,14124.0,4322.0,3025.0,-1297.0,1812.6923076923076,5244.0,-3987.925,3200.865393823208,-12394.0,1180.0,13574.0,-5412.0,-4534.0,878.0,1399.5897435897436,4502.0,exercise_3_wrist_clockwise,exercise_3_wrist_clockwise_8
0.0,0.0,0.0,0.0,0.0,0.0,0.0,0.0,0.0,0.0,0.0,0.0,0.0,0.0,0.0,0.0,0.0,0.0,0.0,0.0,0.0,0.0,0.0,0.0,0.0,0.0,0.0,0.0,0.0,0.0,0.075,0.2633913438213189,0.0,1.0,1.0,1.0,0.0,-1.0,0.02564102564102564,1.0,0.0,0.0,0.0,0.0,0.0,0.0,0.0,0.0,0.0,0.0,2341.0,5996.672527327134,-4936.0,11768.0,16704.0,4528.0,11324.0,6796.0,857.7435897435897,3984.0,-10578.5,3881.088474899793,-20012.0,-3148.0,16864.0,-4096.0,-10244.0,-6148.0,1181.025641025641,6384.0,8259.2,6705.441861652371,-5392.0,17592.0,22984.0,15552.0,-5392.0,-20944.0,847.5897435897435,2864.0,-5812.725,2232.2859582443734,-11708.0,-10.0,11698.0,-10.0,-4434.0,-4424.0,1226.820512820513,4258.0,2699.5,6266.11768960654,-11022.0,14299.0,25321.0,5315.0,-7969.0,-13284.0,2308.358974358974,10665.0,-5610.15,6158.814811106109,-28168.0,1515.0,29683.0,-1805.0,-7268.0,-5463.0,2599.923076923077,16084.0,exercise_3_wrist_clockwise,exercise_3_wrist_clockwise_8
0.0,0.0,0.0,0.0,0.0,0.0,0.0,0.0,0.0,0.0,0.0,0.0,0.0,0.0,0.0,0.0,0.0,0.0,0.0,0.0,0.0,0.0,0.0,0.0,0.0,0.0,0.0,0.0,0.0,0.0,0.0,0.0,0.0,0.0,0.0,0.0,0.0,0.0,0.0,0.0,0.0,0.0,0.0,0.0,0.0,0.0,0.0,0.0,0.0,0.0,7723.7,4354.242656306606,-3432.0,12628.0,16060.0,-2840.0,5648.0,8488.0,831.3846153846154,3984.0,-10631.5,3221.4379630841877,-20012.0,-6480.0,13532.0,-13992.0,-9612.0,4380.0,896.9230769230769,6384.0,-4061.2,7171.040605100491,-12988.0,9148.0,22136.0,9148.0,-11632.0,-20780.0,816.1025641025641,2600.0,-1725.5,4925.430356831776,-11708.0,8541.0,20249.0,-5803.0,5080.0,10883.0,1328.948717948718,4258.0,-3890.525,4361.195799247611,-11022.0,6103.0,17125.0,799.0,-1745.0,-2544.0,2292.4615384615386,10665.0,-5949.775,5828.406877044101,-28168.0,1515.0,29683.0,1515.0,-3810.0,-5325.0,2575.25641025641,16084.0,exercise_3_wrist_clockwise,exercise_3_wrist_clockwise_8
0.2,0.40000000000000013,0.0,1.0,1.0,0.0,1.0,1.0,0.02564102564102564,1.0,0.0,0.0,0.0,0.0,0.0,0.0,0.0,0.0,0.0,0.0,0.125,0.33071891388307384,0.0,1.0,1.0,0.0,0.0,0.0,0.05128205128205128,1.0,0.25,0.4330127018922193,0.0,1.0,1.0,0.0,1.0,1.0,0.02564102564102564,1.0,0.225,0.41758232721225164,0.0,1.0,1.0,0.0,1.0,1.0,0.02564102564102564,1.0,9060.9,2478.7938175653094,5268.0,13356.0,8088.0,12628.0,12980.0,352.0,505.2307692307692,2052.0,-9159.1,1550.6544392610494,-12032.0,-6480.0,5552.0,-8676.0,-7852.0,824.0,438.35897435897436,1524.0,-8819.5,3448.1423622002617,-12988.0,584.0,13572.0,-5496.0,584.0,6080.0,770.8717948717949,3336.0,5096.575,4359.239543128479,-2828.0,13930.0,16758.0,-2828.0,13419.0,16247.0,1164.6410256410256,4436.0,-2018.325,5054.319431869637,-10559.0,10871.0,21430.0,-4946.0,10871.0,15817.0,1325.923076923077,5993.0,-4799.425,2149.0544419290545,-8625.0,-137.0,8488.0,-6794.0,-5768.0,1026.0,1130.0,4848.0,exercise_3_wrist_clockwise,exercise_3_wrist_clockwise_8
0.625,0.4841229182759271,0.0,1.0,1.0,0.0,0.0,0.0,0.05128205128205128,1.0,0.35,0.47696960070847294,0.0,1.0,1.0,0.0,0.0,0.0,0.05128205128205128,1.0,0.125,0.33071891388307384,0.0,1.0,1.0,0.0,0.0,0.0,0.05128205128205128,1.0,0.7,0.4582575694955839,0.0,1.0,1.0,0.0,0.0,0.0,0.05128205128205128,1.0,0.5,0.5,0.0,1.0,1.0,0.0,0.0,0.0,0.05128205128205128,1.0,10184.5,2967.1379054570416,5628.0,13872.0,8244.0,5948.0,5628.0,-320.0,582.1538461538462,2728.0,-6990.8,3888.0351027221964,-12032.0,696.0,12728.0,-9232.0,-5168.0,4064.0,1121.6410256410256,5636.0,2004.9,9806.29815934637,-11300.0,17484.0,28784.0,-11300.0,15388.0,26688.0,1051.8974358974358,4156.0,2973.925,7421.2039972887815,-14457.0,13930.0,28387.0,4855.0,-10128.0,-14983.0,2183.6153846153848,9592.0,5462.275,4462.097780122595,-2165.0,12501.0,14666.0,-2153.0,10198.0,12351.0,1169.3589743589744,5993.0,-5282.4,2075.9389899512944,-9288.0,-34.0,9254.0,-3817.0,-4700.0,-883.0,1354.948717948718,3705.0,exercise_3_wrist_clockwise,exercise_3_wrist_clockwise_8
0.425,0.49434299833212947,0.0,1.0,1.0,1.0,0.0,-1.0,0.02564102564102564,1.0,0.35,0.47696960070847283,0.0,1.0,1.0,0.0,0.0,0.0,0.05128205128205128,1.0,0.0,0.0,0.0,0.0,0.0,0.0,0.0,0.0,0.0,0.0,0.45,0.4974937185533101,0.0,1.0,1.0,1.0,0.0,-1.0,0.02564102564102564,1.0,0.275,0.44651427748729344,0.0,1.0,1.0,1.0,0.0,-1.0,0.02564102564102564,1.0,8936.3,3686.211647477664,3116.0,13872.0,10756.0,13636.0,10708.0,-2928.0,698.6666666666666,2728.0,-7643.3,4690.39980278867,-14696.0,696.0,15392.0,-6980.0,-10968.0,-3988.0,1437.4358974358975,5636.0,9163.9,5404.724413880878,-3000.0,17484.0,20484.0,4740.0,-3000.0,-7740.0,1020.8205128205128,3812.0,-6468.425,7630.4706404241515,-20706.0,10466.0,31172.0,10466.0,-5173.0,-15639.0,2517.871794871795,9592.0,5206.75,6959.752940119354,-13380.0,12501.0,25881.0,10032.0,-13380.0,-23412.0,1641.4358974358975,6663.0,-5990.375,3156.0115944614336,-14279.0,-34.0,14245.0,-4555.0,-5414.0,-859.0,2137.358974358974,7722.0,exercise_3_wrist_clockwise,exercise_3_wrist_clockwise_8
0.0,0.0,0.0,0.0,0.0,0.0,0.0,0.0,0.0,0.0,0.0,0.0,0.0,0.0,0.0,0.0,0.0,0.0,0.0,0.0,0.0,0.0,0.0,0.0,0.0,0.0,0.0,0.0,0.0,0.0,0.0,0.0,0.0,0.0,0.0,0.0,0.0,0.0,0.0,0.0,0.0,0.0,0.0,0.0,0.0,0.0,0.0,0.0,0.0,0.0,7662.4,2607.3230409751686,3116.0,11348.0,8232.0,5236.0,5864.0,628.0,517.8461538461538,1872.0,-10241.2,2255.0617197762017,-14696.0,-6260.0,8436.0,-6260.0,-7608.0,-1348.0,831.4871794871794,3324.0,-1460.4,9827.594081971438,-13200.0,15608.0,28808.0,15148.0,-13200.0,-28348.0,781.6410256410256,2940.0,-5236.875,7021.99425799929,-20706.0,4798.0,25504.0,-11677.0,3173.0,14850.0,1345.025641025641,4187.0,-2535.45,7074.451490928466,-13380.0,11238.0,24618.0,10650.0,-6604.0,-17254.0,1531.7948717948718,6663.0,-5933.525,2995.5928377159335,-14279.0,-559.0,13720.0,-3725.0,-5679.0,-1954.0,1653.5897435897436,7722.0,exercise_3_wrist_clockwise,exercise_3_wrist_clockwise_8
0.0,0.0,0.0,0.0,0.0,0.0,0.0,0.0,0.0,0.0,0.0,0.0,0.0,0.0,0.0,0.0,0.0,0.0,0.0,0.0,0.0,0.0,0.0,0.0,0.0,0.0,0.0,0.0,0.0,0.0,0.0,0.0,0.0,0.0,0.0,0.0,0.0,0.0,0.0,0.0,0.075,0.26339134382131846,0.0,1.0,1.0,0.0,1.0,1.0,0.02564102564102564,1.0,9323.8,2941.3917726137743,5144.0,15580.0,10436.0,10936.0,15580.0,4644.0,508.4102564102564,2196.0,-7880.2,2466.9832508551817,-11528.0,-1068.0,10460.0,-11528.0,-3068.0,8460.0,697.9487179487179,2548.0,-8538.8,5249.638174198294,-13484.0,5988.0,19472.0,-5032.0,5016.0,10048.0,816.8205128205128,3140.0,3145.05,4551.5949893965735,-5252.0,11766.0,17018.0,-5252.0,634.0,5886.0,1458.923076923077,5825.0,-414.85,8184.645675134629,-10511.0,18952.0,29463.0,-10511.0,6768.0,17279.0,1569.051282051282,5721.0,-7073.25,3949.0804040307917,-15377.0,-1680.0,13697.0,-5655.0,-3724.0,1931.0,1151.051282051282,3776.0,exercise_3_wrist_clockwise,exercise_3_wrist_clockwise_8
0.0,0.0,0.0,0.0,0.0,0.0,0.0,0.0,0.0,0.0,0.0,0.0,0.0,0.0,0.0,0.0,0.0,0.0,0.0,0.0,0.0,0.0,0.0,0.0,0.0,0.0,0.0,0.0,0.0,0.0,0.0,0.0,0.0,0.0,0.0,0.0,0.0,0.0,0.0,0.0,0.375,0.4841229182759271,0.0,1.0,1.0,0.0,0.0,0.0,0.05128205128205128,1.0,10791.7,3416.5231903208273,5144.0,15936.0,10792.0,6520.0,8372.0,1852.0,526.8717948717949,2196.0,-5207.4,3414.8513935455526,-9984.0,56.0,10040.0,-8136.0,-7828.0,308.0,890.3589743589744,2584.0,2001.9,10392.605447624768,-13484.0,15564.0,29048.0,-12932.0,12540.0,25472.0,1003.2820512820513,3140.0,-1041.85,8613.964654994817,-16232.0,11766.0,27998.0,1211.0,-10544.0,-11755.0,1803.974358974359,7106.0,6817.0,5832.0430211033245,-3911.0,18952.0,22863.0,-3911.0,3850.0,7761.0,1887.6666666666667,5721.0,-6363.75,4562.437099566415,-15377.0,-571.0,14806.0,-5375.0,-1796.0,3579.0,1263.2051282051282,4515.0,exercise_3_wrist_clockwise,exercise_3_wrist_clockwise_8
0.0,0.0,0.0,0.0,0.0,0.0,0.0,0.0,0.0,0.0,0.0,0.0,0.0,0.0,0.0,0.0,0.0,0.0,0.0,0.0,0.0,0.0,0.0,0.0,0.0,0.0,0.0,0.0,0.0,0.0,0.0,0.0,0.0,0.0,0.0,0.0,0.0,0.0,0.0,0.0,0.3,0.4582575694955839,0.0,1.0,1.0,1.0,0.0,-1.0,0.02564102564102564,1.0,10601.4,2463.740660053326,7824.0,15936.0,8112.0,15936.0,11104.0,-4832.0,466.87179487179486,1444.0,-7480.1,4559.975832172799,-13572.0,56.0,13628.0,-1844.0,-10192.0,-8348.0,734.2564102564103,2584.0,7231.6,6125.4455380812915,-6888.0,15564.0,22452.0,4960.0,-6888.0,-11848.0,937.8461538461538,2752.0,-7428.375,4434.55317189624,-16232.0,780.0,17012.0,780.0,-3311.0,-4091.0,1336.948717948718,7106.0,1380.275,7877.25980588269,-12873.0,14371.0,27244.0,6583.0,-7415.0,-13998.0,1633.4358974358975,3756.0,-2497.375,1872.4656563939964,-7478.0,912.0,8390.0,-3234.0,-2568.0,666.0,1148.871794871795,4515.0,exercise_3_wrist_clockwise,exercise_3_wrist_clockwise_8
0.0,0.0,0.0,0.0,0.0,0.0,0.0,0.0,0.0,0.0,0.0,0.0,0.0,0.0,0.0,0.0,0.0,0.0,0.0,0.0,0.0,0.0,0.0,0.0,0.0,0.0,0.0,0.0,0.0,0.0,0.0,0.0,0.0,0.0,0.0,0.0,0.0,0.0,0.0,0.0,0.0,0.0,0.0,0.0,0.0,0.0,0.0,0.0,0.0,0.0,8613.1,1573.1982678607296,6180.0,11400.0,5220.0,8544.0,7936.0,-608.0,467.8974358974359,1444.0,-10256.6,1609.4425246028513,-13572.0,-7276.0,6296.0,-9700.0,-10800.0,-1100.0,530.1538461538462,1932.0,-3831.5,8575.639226903148,-13524.0,11544.0,25068.0,11304.0,-10164.0,-21468.0,871.0769230769231,2752.0,-1908.075,6041.711671320886,-10174.0,13044.0,23218.0,-9575.0,6344.0,15919.0,1331.6153846153845,5903.0,-5147.975,4571.872906629732,-12873.0,3439.0,16312.0,2875.0,1961.0,-914.0,1608.7692307692307,3630.0,-3706.175,2418.9762699073754,-9713.0,912.0,10625.0,-1335.0,-4491.0,-3156.0,1219.025641025641,4879.0,exercise_3_wrist_clockwise,exercise_3_wrist_clockwise_8
0.0,0.0,0.0,0.0,0.0,0.0,0.0,0.0,0.0,0.0,0.0,0.0,0.0,0.0,0.0,0.0,0.0,0.0,0.0,0.0,0.0,0.0,0.0,0.0,0.0,0.0,0.0,0.0,0.0,0.0,0.0,0.0,0.0,0.0,0.0,0.0,0.0,0.0,0.0,0.0,0.0,0.0,0.0,0.0,0.0,0.0,0.0,0.0,0.0,0.0,9685.4,2485.4470100969766,6180.0,13884.0,7704.0,10692.0,11872.0,1180.0,415.4871794871795,1240.0,-8986.7,1644.8239753846003,-11100.0,-3220.0,7880.0,-10140.0,-3220.0,6920.0,620.5128205128206,2164.0,-6112.5,6878.769435734854,-13524.0,10944.0,24468.0,-7744.0,10944.0,18688.0,923.8974358974359,1976.0,5334.25,3738.6841385038133,-2774.0,13044.0,15818.0,-2774.0,3366.0,6140.0,1337.948717948718,5903.0,1135.325,7635.040423558672,-9315.0,15175.0,24490.0,-7404.0,14609.0,22013.0,1391.1025641025642,3606.0,-5577.525,1815.90544890834,-9713.0,-1847.0,7866.0,-2441.0,-8649.0,-6208.0,1262.2564102564102,4879.0,exercise_3_wrist_clockwise,exercise_3_wrist_clockwise_8
0.0,0.0,0.0,0.0,0.0,0.0,0.0,0.0,0.0,0.0,0.0,0.0,0.0,0.0,0.0,0.0,0.0,0.0,0.0,0.0,0.0,0.0,0.0,0.0,0.0,0.0,0.0,0.0,0.0,0.0,0.0,0.0,0.0,0.0,0.0,0.0,0.0,0.0,0.0,0.0,0.0,0.0,0.0,0.0,0.0,0.0,0.0,0.0,0.0,0.0,8926.0,3434.238896757184,3676.0,13884.0,10208.0,8244.0,5024.0,-3220.0,583.2820512820513,1708.0,-5697.8,3972.1208390480774,-11100.0,700.0,11800.0,-10944.0,-6576.0,4368.0,919.3846153846154,2592.0,7300.5,9576.891027363734,-9356.0,17556.0,26912.0,-9356.0,14372.0,23728.0,982.1538461538462,2768.0,555.975,7860.523950372203,-13149.0,10209.0,23358.0,7266.0,-7221.0,-14487.0,1278.6410256410256,3830.0,6838.125,4376.574192147895,-967.0,15175.0,16142.0,2089.0,1668.0,-421.0,1415.0,4348.0,-7707.35,3900.9171392763515,-18572.0,-1384.0,17188.0,-6100.0,-1384.0,4716.0,1858.2564102564102,6177.0,exercise_3_wrist_clockwise,exercise_3_wrist_clockwise_8
0.0,0.0,0.0,0.0,0.0,0.0,0.0,0.0,0.0,0.0,0.0,0.0,0.0,0.0,0.0,0.0,0.0,0.0,0.0,0.0,0.0,0.0,0.0,0.0,0.0,0.0,0.0,0.0,0.0,0.0,0.0,0.0,0.0,0.0,0.0,0.0,0.0,0.0,0.0,0.0,0.0,0.0,0.0,0.0,0.0,0.0,0.0,0.0,0.0,0.0,7423.7,2623.2060365133348,3676.0,11720.0,8044.0,11720.0,9184.0,-2536.0,756.5128205128206,2740.0,-6841.9,4797.17942024269,-12760.0,700.0,13460.0,-2820.0,-12024.0,-9204.0,956.8205128205128,3096.0,9485.4,8389.738472681971,-7828.0,17556.0,25384.0,12640.0,-7828.0,-20468.0,1094.051282051282,3688.0,-6068.325,4229.17600950528,-13149.0,3676.0,16825.0,3676.0,-671.0,-4347.0,1456.179487179487,4124.0,-1874.975,9225.070472596672,-19031.0,12725.0,31756.0,12688.0,-5828.0,-18516.0,1844.1025641025642,4565.0,-5135.0,5649.64163907765,-18572.0,1886.0,20458.0,-6130.0,-621.0,5509.0,2034.8461538461538,6177.0,exercise_3_wrist_clockwise,exercise_3_wrist_clockwise_8
0.0,0.0,0.0,0.0,0.0,0.0,0.0,0.0,0.0,0.0,0.0,0.0,0.0,0.0,0.0,0.0,0.0,0.0,0.0,0.0,0.0,0.0,0.0,0.0,0.0,0.0,0.0,0.0,0.0,0.0,0.0,0.0,0.0,0.0,0.0,0.0,0.0,0.0,0.0,0.0,0.0,0.0,0.0,0.0,0.0,0.0,0.0,0.0,0.0,0.0,7736.7,1911.9644112796661,3896.0,10852.0,6956.0,3896.0,7992.0,4096.0,592.2051282051282,2740.0,-11887.7,1441.7271274412506,-15500.0,-7416.0,8084.0,-9672.0,-15500.0,-5828.0,934.0512820512821,2876.0,-2289.5,7962.357072500579,-9596.0,15568.0,25164.0,15568.0,-4564.0,-20132.0,1208.923076923077,3688.0,-479.125,6311.618846173698,-11345.0,12555.0,23900.0,-11345.0,11254.0,22599.0,1573.3589743589744,4192.0,-7651.15,4586.184353850158,-19031.0,1250.0,20281.0,1250.0,-2618.0,-3868.0,2065.3333333333335,4565.0,-2268.4,2724.4744153689535,-10010.0,1886.0,11896.0,-5826.0,-10010.0,-4184.0,1354.820512820513,4533.0,exercise_3_wrist_clockwise,exercise_3_wrist_clockwise_8
0.0,0.0,0.0,0.0,0.0,0.0,0.0,0.0,0.0,0.0,0.0,0.0,0.0,0.0,0.0,0.0,0.0,0.0,0.0,0.0,0.0,0.0,0.0,0.0,0.0,0.0,0.0,0.0,0.0,0.0,0.0,0.0,0.0,0.0,0.0,0.0,0.0,0.0,0.0,0.0,0.0,0.0,0.0,0.0,0.0,0.0,0.0,0.0,0.0,0.0,9363.4,2837.3333325501253,5672.0,14192.0,8520.0,8768.0,8560.0,-208.0,528.2051282051282,1936.0,-9571.4,4033.7708958244025,-15500.0,0.0,15500.0,-11952.0,-1740.0,10212.0,1185.3333333333333,4988.0,-706.0,8277.014872524998,-9596.0,15084.0,24680.0,-8516.0,14396.0,22912.0,1157.3333333333333,2948.0,4542.825,6166.529019178862,-8680.0,18613.0,27293.0,3521.0,-3446.0,-6967.0,1982.4358974358975,6738.0,1060.325,7172.685659456644,-9782.0,14457.0,24239.0,-5252.0,6045.0,11297.0,2055.0,6471.0,-6025.525,3678.532798463948,-14882.0,500.0,15382.0,500.0,-2229.0,-2729.0,1763.1538461538462,8743.0,exercise_3_wrist_clockwise,exercise_3_wrist_clockwise_8
0.0,0.0,0.0,0.0,0.0,0.0,0.0,0.0,0.0,0.0,0.0,0.0,0.0,0.0,0.0,0.0,0.0,0.0,0.0,0.0,0.0,0.0,0.0,0.0,0.0,0.0,0.0,0.0,0.0,0.0,0.0,0.0,0.0,0.0,0.0,0.0,0.0,0.0,0.0,0.0,0.025,0.15612494995995996,0.0,1.0,1.0,0.0,1.0,1.0,0.02564102564102564,1.0,7831.7,2515.269112838624,3904.0,11284.0,7380.0,11260.0,9952.0,-1308.0,376.9230769230769,1320.0,-9448.7,2082.430481432694,-12144.0,-6032.0,6112.0,-11988.0,-11504.0,484.0,399.6923076923077,1200.0,-8648.2,5480.59901470633,-15372.0,1508.0,16880.0,1508.0,-4240.0,-5748.0,824.9230769230769,2236.0,1454.925,7205.651637386795,-7996.0,15600.0,23596.0,-3166.0,14967.0,18133.0,1055.051282051282,3835.0,-3488.925,4435.053874461391,-9660.0,6311.0,15971.0,-2060.0,6311.0,8371.0,1045.974358974359,4042.0,-4178.6,2795.3602165016227,-9123.0,487.0,9610.0,487.0,-5674.0,-6161.0,586.2307692307693,1775.0,exercise_3_wrist_clockwise,exercise_3_wrist_clockwise_10
0.0,0.0,0.0,0.0,0.0,0.0,0.0,0.0,0.0,0.0,0.0,0.0,0.0,0.0,0.0,0.0,0.0,0.0,0.0,0.0,0.0,0.0,0.0,0.0,0.0,0.0,0.0,0.0,0.0,0.0,0.0,0.0,0.0,0.0,0.0,0.0,0.0,0.0,0.0,0.0,0.5,0.5,0.0,1.0,1.0,0.0,0.0,0.0,0.05128205128205128,1.0,8279.8,2835.7833415125347,3904.0,12124.0,8220.0,6216.0,8392.0,2176.0,391.79487179487177,1320.0,-7516.6,3290.2914825285616,-12312.0,-1304.0,11008.0,-6588.0,-2188.0,4400.0,661.7435897435897,3124.0,-1709.2,11208.673363070226,-15372.0,14952.0,30324.0,-12888.0,14952.0,27840.0,946.0512820512821,2236.0,6097.775,5394.716412785291,-3064.0,15600.0,18664.0,-133.0,-3064.0,-2931.0,1814.6923076923076,8483.0,3756.825,5933.866239171137,-7550.0,13368.0,20918.0,-6066.0,5824.0,11890.0,1146.2564102564102,4042.0,-6069.1,1526.6053648536677,-9123.0,-3329.0,5794.0,-4561.0,-4146.0,415.0,856.2820512820513,4111.0,exercise_3_wrist_clockwise,exercise_3_wrist_clockwise_10
0.0,0.0,0.0,0.0,0.0,0.0,0.0,0.0,0.0,0.0,0.0,0.0,0.0,0.0,0.0,0.0,0.0,0.0,0.0,0.0,0.0,0.0,0.0,0.0,0.0,0.0,0.0,0.0,0.0,0.0,0.0,0.0,0.0,0.0,0.0,0.0,0.0,0.0,0.0,0.0,0.475,0.4993746088859546,0.0,1.0,1.0,1.0,0.0,-1.0,0.02564102564102564,1.0,9570.9,1912.661807534202,6048.0,12124.0,6076.0,10104.0,10356.0,252.0,421.84615384615387,1664.0,-4783.3,3204.640870674902,-12312.0,-1304.0,11008.0,-11756.0,-3416.0,8340.0,874.5641025641025,3124.0,11571.2,5130.466271207715,-2280.0,16932.0,19212.0,-2280.0,13728.0,16008.0,863.1794871794872,1804.0,-639.975,6678.5243148748805,-10244.0,13680.0,23924.0,11909.0,-3540.0,-15449.0,1714.5384615384614,8483.0,5065.925,4422.837863790058,-3289.0,13368.0,16657.0,6020.0,3061.0,-2959.0,1067.820512820513,3267.0,-7130.9,3132.2005906391123,-18841.0,-3329.0,15512.0,-4758.0,-5511.0,-753.0,1744.3846153846155,7221.0,exercise_3_wrist_clockwise,exercise_3_wrist_clockwise_10
0.0,0.0,0.0,0.0,0.0,0.0,0.0,0.0,0.0,0.0,0.0,0.0,0.0,0.0,0.0,0.0,0.0,0.0,0.0,0.0,0.0,0.0,0.0,0.0,0.0,0.0,0.0,0.0,0.0,0.0,0.0,0.0,0.0,0.0,0.0,0.0,0.0,0.0,0.0,0.0,0.0,0.0,0.0,0.0,0.0,0.0,0.0,0.0,0.0,0.0,9779.4,2053.4995592889713,6048.0,12740.0,6692.0,7912.0,9668.0,1756.0,756.4102564102565,3172.0,-4311.4,3096.118673436146,-12140.0,860.0,13000.0,-2280.0,-12076.0,-9796.0,1003.5897435897435,3312.0,11817.6,5024.816876265243,-3764.0,16932.0,20696.0,15244.0,-3764.0,-19008.0,1175.3846153846155,5392.0,-6681.275,3625.8286707144616,-16016.0,-577.0,15439.0,-4781.0,-11760.0,-6979.0,1536.4358974358975,4819.0,-2167.625,6498.977033685763,-19097.0,6278.0,25375.0,6278.0,-13313.0,-19591.0,1837.5128205128206,5330.0,-2747.025,7426.212060961831,-18841.0,10607.0,29448.0,-5693.0,3892.0,9585.0,2435.2051282051284,7221.0,exercise_3_wrist_clockwise,exercise_3_wrist_clockwise_10
0.0,0.0,0.0,0.0,0.0,0.0,0.0,0.0,0.0,0.0,0.0,0.0,0.0,0.0,0.0,0.0,0.0,0.0,0.0,0.0,0.0,0.0,0.0,0.0,0.0,0.0,0.0,0.0,0.0,0.0,0.5,0.5,0.0,1.0,1.0,0.0,1.0,1.0,0.02564102564102564,1.0,0.15,0.3570714214271425,0.0,1.0,1.0,0.0,1.0,1.0,0.02564102564102564,1.0,8515.6,3093.888918497236,2624.0,12740.0,10116.0,9224.0,10804.0,1580.0,882.5641025641025,3172.0,-8583.3,4428.725314354007,-14764.0,860.0,15624.0,-916.0,-9676.0,-8760.0,1309.3333333333333,5092.0,-207.9,10310.541653569904,-13304.0,14432.0,27736.0,14032.0,-1488.0,-15520.0,1408.0,5392.0,-1645.125,8050.266791192389,-16016.0,14833.0,30849.0,-5982.0,7491.0,13473.0,2067.871794871795,10227.0,-5508.175,8247.241435436155,-19097.0,14756.0,33853.0,1498.0,10428.0,8930.0,2647.5384615384614,8528.0,-2187.95,7257.628538131448,-14915.0,10607.0,25522.0,-10707.0,-12186.0,-1479.0,1952.8974358974358,7209.0,exercise_3_wrist_clockwise,exercise_3_wrist_clockwise_10
0.0,0.0,0.0,0.0,0.0,0.0,0.0,0.0,0.0,0.0,0.0,0.0,0.0,0.0,0.0,0.0,0.0,0.0,0.0,0.0,0.0,0.0,0.0,0.0,0.0,0.0,0.0,0.0,0.0,0.0,1.0,0.0,1.0,1.0,0.0,1.0,1.0,0.0,0.0,0.0,0.425,0.49434299833212936,0.0,1.0,1.0,0.0,0.0,0.0,0.05128205128205128,1.0,9457.6,3975.436056585491,2624.0,14644.0,12020.0,8100.0,10248.0,2148.0,633.9487179487179,1792.0,-8526.7,3676.024960470209,-14764.0,-2740.0,12024.0,-12564.0,-4704.0,7860.0,1277.2307692307693,5092.0,-1141.2,9114.744283851303,-13304.0,13196.0,26500.0,-6200.0,12504.0,18704.0,1117.948717948718,5120.0,1488.125,5592.942969437021,-9203.0,14833.0,24036.0,-9203.0,-4487.0,4716.0,1983.8974358974358,10227.0,2355.725,10016.202411561728,-15465.0,14756.0,30221.0,-14010.0,11401.0,25411.0,2324.076923076923,8528.0,-5986.275,4391.472691407178,-14915.0,2141.0,17056.0,2141.0,-1132.0,-3273.0,1678.6923076923076,7209.0,exercise_3_wrist_clockwise,exercise_3_wrist_clockwise_10
0.0,0.0,0.0,0.0,0.0,0.0,0.0,0.0,0.0,0.0,0.0,0.0,0.0,0.0,0.0,0.0,0.0,0.0,0.0,0.0,0.0,0.0,0.0,0.0,0.0,0.0,0.0,0.0,0.0,0.0,0.5,0.5,0.0,1.0,1.0,1.0,0.0,-1.0,0.02564102564102564,1.0,0.275,0.44651427748729344,0.0,1.0,1.0,1.0,0.0,-1.0,0.02564102564102564,1.0,8559.7,4862.33165364108,1564.0,14644.0,13080.0,11820.0,1944.0,-9876.0,538.974358974359,1908.0,-6326.0,2255.0460749173176,-11660.0,-2400.0,9260.0,-8924.0,-11660.0,-2736.0,1051.6923076923076,4328.0,10997.4,4979.7618055485345,-248.0,16716.0,16964.0,-248.0,12384.0,12632.0,960.2051282051282,3652.0,-3304.375,3156.4367147742723,-10205.0,5899.0,16104.0,5899.0,-10146.0,-16045.0,1566.3333333333333,4867.0,7070.975,4410.27100350704,-7394.0,14415.0,21809.0,9656.0,-3095.0,-12751.0,1687.7692307692307,5430.0,-2841.075,4005.653450983372,-11259.0,5215.0,16474.0,-11259.0,-2780.0,8479.0,1867.3076923076924,6590.0,exercise_3_wrist_clockwise,exercise_3_wrist_clockwise_10
0.0,0.0,0.0,0.0,0.0,0.0,0.0,0.0,0.0,0.0,0.0,0.0,0.0,0.0,0.0,0.0,0.0,0.0,0.0,0.0,0.0,0.0,0.0,0.0,0.0,0.0,0.0,0.0,0.0,0.0,0.0,0.0,0.0,0.0,0.0,0.0,0.0,0.0,0.0,0.0,0.0,0.0,0.0,0.0,0.0,0.0,0.0,0.0,0.0,0.0,6265.1,3002.4315462637946,1564.0,11312.0,9748.0,8468.0,7340.0,-1128.0,736.4102564102565,2804.0,-9082.2,2900.2915646534575,-14660.0,-2400.0,12260.0,-6728.0,-7376.0,-648.0,1253.5384615384614,4328.0,6274.1,10327.525472735471,-12980.0,16716.0,29696.0,14388.0,-12976.0,-27364.0,1089.948717948718,3044.0,-5933.125,3541.853619134337,-12830.0,3997.0,16827.0,-8978.0,3997.0,12975.0,1989.871794871795,6073.0,-3213.075,8528.315110229863,-14855.0,12741.0,27596.0,12741.0,-8797.0,-21538.0,1871.7948717948718,5826.0,-2914.225,3374.9285435954043,-7722.0,5215.0,12937.0,-7722.0,-6312.0,1410.0,2139.128205128205,7419.0,exercise_3_wrist_clockwise,exercise_3_wrist_clockwise_10
0.0,0.0,0.0,0.0,0.0,0.0,0.0,0.0,0.0,0.0,0.0,0.0,0.0,0.0,0.0,0.0,0.0,0.0,0.0,0.0,0.0,0.0,0.0,0.0,0.0,0.0,0.0,0.0,0.0,0.0,0.0,0.0,0.0,0.0,0.0,0.0,0.0,0.0,0.0,0.0,0.0,0.0,0.0,0.0,0.0,0.0,0.0,0.0,0.0,0.0,7002.3,2077.319597462076,4108.0,11312.0,7204.0,4748.0,8340.0,3592.0,660.9230769230769,2604.0,-10631.2,2349.946075977064,-14660.0,-7068.0,7592.0,-13600.0,-13908.0,-308.0,944.9230769230769,3360.0,-6435.4,7392.28752417004,-13988.0,12072.0,26060.0,12072.0,-4356.0,-16428.0,1023.6923076923077,2816.0,186.225,7546.39549880438,-12830.0,9889.0,22719.0,-8024.0,7620.0,15644.0,1943.7435897435898,6073.0,-6282.425,5426.45837949348,-14855.0,3414.0,18269.0,-6119.0,2935.0,9054.0,1620.051282051282,5826.0,-4548.975,1542.2656465003035,-7170.0,249.0,7419.0,-3282.0,-4935.0,-1653.0,1711.820512820513,7419.0,exercise_3_wrist_clockwise,exercise_3_wrist_clockwise_10
0.0,0.0,0.0,0.0,0.0,0.0,0.0,0.0,0.0,0.0,0.0,0.0,0.0,0.0,0.0,0.0,0.0,0.0,0.0,0.0,0.0,0.0,0.0,0.0,0.0,0.0,0.0,0.0,0.0,0.0,0.0,0.0,0.0,0.0,0.0,0.0,0.0,0.0,0.0,0.0,0.0,0.0,0.0,0.0,0.0,0.0,0.0,0.0,0.0,0.0,8296.3,2967.1104310422966,4108.0,12488.0,8380.0,5880.0,8304.0,2424.0,435.0769230769231,1332.0,-9846.1,2453.0842606808274,-13908.0,-4776.0,9132.0,-8332.0,-6044.0,2288.0,674.8717948717949,2468.0,-2355.3,9119.828809248558,-13988.0,14056.0,28044.0,-13284.0,14056.0,27340.0,935.8974358974359,2456.0,5938.775,3640.8682102453254,-3818.0,13938.0,17756.0,5290.0,1168.0,-4122.0,1635.3333333333333,6991.0,2764.825,5450.464305394084,-8199.0,14718.0,22917.0,-8199.0,11828.0,20027.0,1552.025641025641,5171.0,-4475.0,1543.185892885235,-7852.0,296.0,8148.0,-4466.0,-5031.0,-565.0,1214.8461538461538,4631.0,exercise_3_wrist_clockwise,exercise_3_wrist_clockwise_10
0.0,0.0,0.0,0.0,0.0,0.0,0.0,0.0,0.0,0.0,0.0,0.0,0.0,0.0,0.0,0.0,0.0,0.0,0.0,0.0,0.0,0.0,0.0,0.0,0.0,0.0,0.0,0.0,0.0,0.0,0.0,0.0,0.0,0.0,0.0,0.0,0.0,0.0,0.0,0.0,0.0,0.0,0.0,0.0,0.0,0.0,0.0,0.0,0.0,0.0,7122.7,4305.87351300523,1300.0,12488.0,11188.0,8792.0,1536.0,-7256.0,455.1794871794872,1972.0,-9350.5,3556.5239982319813,-15188.0,-1408.0,13780.0,-13380.0,-15188.0,-1808.0,981.9487179487179,3464.0,9288.1,5105.230375800879,-3348.0,17276.0,20624.0,-3348.0,7716.0,11064.0,1028.3076923076924,2456.0,-1280.975,8383.412394387802,-20233.0,13938.0,34171.0,8500.0,-8197.0,-16697.0,2269.0,8054.0,6234.45,4018.2748658472833,-1893.0,14718.0,16611.0,4598.0,-1893.0,-6491.0,1641.4102564102564,7681.0,-3127.75,2886.4141399840737,-7852.0,1737.0,9589.0,-5598.0,1017.0,6615.0,1502.128205128205,7606.0,exercise_3_wrist_clockwise,exercise_3_wrist_clockwise_10
0.0,0.0,0.0,0.0,0.0,0.0,0.0,0.0,0.0,0.0,0.0,0.0,0.0,0.0,0.0,0.0,0.0,0.0,0.0,0.0,0.0,0.0,0.0,0.0,0.0,0.0,0.0,0.0,0.0,0.0,0.0,0.0,0.0,0.0,0.0,0.0,0.0,0.0,0.0,0.0,0.0,0.0,0.0,0.0,0.0,0.0,0.0,0.0,0.0,0.0,2896.9,1746.3370780006937,1140.0,8140.0,7000.0,7924.0,2124.0,-5800.0,430.97435897435895,1972.0,-11731.3,4132.514865067033,-17488.0,-1408.0,16080.0,-5272.0,-9272.0,-4000.0,951.3846153846154,3464.0,4369.8,9789.03664105922,-13764.0,17276.0,31040.0,12968.0,-13696.0,-26664.0,973.9487179487179,3104.0,-8635.425,4924.3465347571755,-20233.0,5596.0,25829.0,5596.0,-4610.0,-10206.0,1900.7692307692307,8054.0,-187.725,6553.28372263669,-9313.0,11426.0,20739.0,10721.0,-4837.0,-15558.0,1542.7179487179487,7681.0,-2484.6,2842.6607588665943,-7237.0,1737.0,8974.0,-5313.0,-5010.0,303.0,1457.2051282051282,7606.0,exercise_3_wrist_clockwise,exercise_3_wrist_clockwise_10
0.0,0.0,0.0,0.0,0.0,0.0,0.0,0.0,0.0,0.0,0.0,0.0,0.0,0.0,0.0,0.0,0.0,0.0,0.0,0.0,0.0,0.0,0.0,0.0,0.0,0.0,0.0,0.0,0.0,0.0,0.0,0.0,0.0,0.0,0.0,0.0,0.0,0.0,0.0,0.0,0.0,0.0,0.0,0.0,0.0,0.0,0.0,0.0,0.0,0.0,3114.5,1587.1208366094877,868.0,6996.0,6128.0,1140.0,6996.0,5856.0,431.38461538461536,1288.0,-11952.8,2892.185083980622,-17488.0,-7840.0,9648.0,-15088.0,-13164.0,1924.0,639.4871794871794,2248.0,-7762.1,6378.64248802204,-14732.0,6312.0,21044.0,6312.0,-6640.0,-12952.0,846.1538461538462,3104.0,-2630.525,7687.433898862155,-13265.0,9246.0,22511.0,-8401.0,8276.0,16677.0,1387.5641025641025,5121.0,-2713.6,4130.127430237474,-9313.0,5017.0,14330.0,-4692.0,3196.0,7888.0,1655.2820512820513,4827.0,-3973.475,2020.8897791257696,-7091.0,707.0,7798.0,707.0,-4504.0,-5211.0,1059.1025641025642,4038.0,exercise_3_wrist_clockwise,exercise_3_wrist_clockwise_10
0.0,0.0,0.0,0.0,0.0,0.0,0.0,0.0,0.0,0.0,0.0,0.0,0.0,0.0,0.0,0.0,0.0,0.0,0.0,0.0,0.0,0.0,0.0,0.0,0.0,0.0,0.0,0.0,0.0,0.0,0.0,0.0,0.0,0.0,0.0,0.0,0.0,0.0,0.0,0.0,0.0,0.0,0.0,0.0,0.0,0.0,0.0,0.0,0.0,0.0,7453.3,4209.360463300809,868.0,13224.0,12356.0,2544.0,11888.0,9344.0,439.5897435897436,1288.0,-9823.1,2762.743344938143,-13680.0,-2436.0,11244.0,-8820.0,-2436.0,6384.0,763.8974358974359,2216.0,-4548.3,8093.1925165536495,-14732.0,11144.0,25876.0,-13436.0,11144.0,24580.0,778.974358974359,2208.0,4197.65,3062.120454440028,-1645.0,9246.0,10891.0,-1097.0,1346.0,2443.0,1224.128205128205,5121.0,4190.15,4962.988950975006,-8187.0,12459.0,20646.0,-3993.0,10038.0,14031.0,1352.3846153846155,4307.0,-5522.475,1515.7281911262985,-10166.0,-3216.0,6950.0,-4643.0,-5616.0,-973.0,1044.5897435897436,3970.0,exercise_3_wrist_clockwise,exercise_3_wrist_clockwise_10
0.0,0.0,0.0,0.0,0.0,0.0,0.0,0.0,0.0,0.0,0.0,0.0,0.0,0.0,0.0,0.0,0.0,0.0,0.0,0.0,0.0,0.0,0.0,0.0,0.0,0.0,0.0,0.0,0.0,0.0,0.0,0.0,0.0,0.0,0.0,0.0,0.0,0.0,0.0,0.0,0.0,0.0,0.0,0.0,0.0,0.0,0.0,0.0,0.0,0.0,10040.8,1906.8997246840222,6732.0,13224.0,6492.0,7600.0,8724.0,1124.0,536.7179487179487,1404.0,-8559.1,3972.4605460595835,-15372.0,-2376.0,12996.0,-13232.0,-14064.0,-832.0,1428.923076923077,5080.0,6490.4,6911.891249144475,-5340.0,18496.0,23836.0,-5340.0,-3532.0,1808.0,1690.871794871795,7888.0,-4185.175,9237.469664057087,-20494.0,8408.0,28902.0,8408.0,-11139.0,-19547.0,3267.6153846153848,12296.0,3913.975,8213.223114245406,-14900.0,13161.0,28061.0,4512.0,-11889.0,-16401.0,1788.3846153846155,5205.0,-4767.95,4544.181081064002,-15723.0,7123.0,22846.0,-5130.0,-465.0,4665.0,2395.2051282051284,7851.0,exercise_3_wrist_clockwise,exercise_3_wrist_clockwise_10
0.0,0.0,0.0,0.0,0.0,0.0,0.0,0.0,0.0,0.0,0.0,0.0,0.0,0.0,0.0,0.0,0.0,0.0,0.0,0.0,0.0,0.0,0.0,0.0,0.0,0.0,0.0,0.0,0.0,0.0,0.0,0.0,0.0,0.0,0.0,0.0,0.0,0.0,0.0,0.0,0.0,0.0,0.0,0.0,0.0,0.0,0.0,0.0,0.0,0.0,7091.6,2363.1727486580407,3296.0,11548.0,8252.0,11548.0,4112.0,-7436.0,592.7179487179487,1452.0,-8438.4,3254.288591996721,-15372.0,-2376.0,12996.0,-2376.0,-9104.0,-6728.0,1432.0,5080.0,-620.3,12105.384005061549,-16200.0,18496.0,34696.0,13268.0,-11908.0,-25176.0,1724.1025641025642,7888.0,-6764.875,7827.69143230461,-20494.0,6526.0,27020.0,94.0,6526.0,6432.0,3443.948717948718,12296.0,-3333.925,8219.79622736324,-14900.0,13161.0,28061.0,8983.0,3524.0,-5459.0,2120.846153846154,9031.0,-3985.7,4425.296561813684,-15723.0,7123.0,22846.0,-3018.0,-5147.0,-2129.0,2438.948717948718,7851.0,exercise_3_wrist_clockwise,exercise_3_wrist_clockwise_10
0.0,0.0,0.0,0.0,0.0,0.0,0.0,0.0,0.0,0.0,0.0,0.0,0.0,0.0,0.0,0.0,0.0,0.0,0.0,0.0,0.0,0.0,0.0,0.0,0.0,0.0,0.0,0.0,0.0,0.0,0.0,0.0,0.0,0.0,0.0,0.0,0.0,0.0,0.0,0.0,0.0,0.0,0.0,0.0,0.0,0.0,0.0,0.0,0.0,0.0,7675.8,3643.1980401839264,3296.0,14820.0,11524.0,8852.0,14820.0,5968.0,519.5897435897435,1452.0,-9705.6,1607.3027841698029,-12992.0,-6816.0,6176.0,-11344.0,-6816.0,4528.0,785.025641025641,3056.0,-8116.0,5645.3765153442155,-16200.0,3332.0,19532.0,-5172.0,3332.0,8504.0,859.0769230769231,3596.0,1984.175,5196.308708532913,-11145.0,9311.0,20456.0,-11145.0,1147.0,12292.0,1496.1538461538462,5373.0,-258.75,7279.17107832341,-14529.0,10094.0,24623.0,-11743.0,5889.0,17632.0,1446.3076923076924,9031.0,-5326.575,1846.4175704252275,-8783.0,-1355.0,7428.0,-2016.0,-4586.0,-2570.0,1149.948717948718,6163.0,exercise_3_wrist_clockwise,exercise_3_wrist_clockwise_10
0.0,0.0,0.0,0.0,0.0,0.0,0.0,0.0,0.0,0.0,0.0,0.0,0.0,0.0,0.0,0.0,0.0,0.0,0.0,0.0,0.0,0.0,0.0,0.0,0.0,0.0,0.0,0.0,0.0,0.0,0.0,0.0,0.0,0.0,0.0,0.0,0.0,0.0,0.0,0.0,0.0,0.0,0.0,0.0,0.0,0.0,0.0,0.0,0.0,0.0,10265.4,3740.1481842301387,2344.0,14900.0,12556.0,4508.0,2344.0,-2164.0,595.3846153846154,2356.0,-7098.0,3247.0602088658597,-12992.0,-1700.0,11292.0,-9356.0,-4432.0,4924.0,663.0769230769231,2108.0,3143.3,9069.457928123378,-11396.0,17816.0,29212.0,-11396.0,17816.0,29212.0,820.0,2868.0,2118.45,4047.6218940879344,-8204.0,9311.0,17515.0,5587.0,-8204.0,-13791.0,1139.6153846153845,3213.0,7833.65,3566.621227085938,1071.0,16397.0,15326.0,1903.0,10542.0,8639.0,1328.8461538461538,6733.0,-3007.15,4097.4097888178085,-8783.0,5659.0,14442.0,-4521.0,5379.0,9900.0,965.4871794871794,3367.0,exercise_3_wrist_clockwise,exercise_3_wrist_clockwise_10
0.0,0.0,0.0,0.0,0.0,0.0,0.0,0.0,0.0,0.0,0.0,0.0,0.0,0.0,0.0,0.0,0.0,0.0,0.0,0.0,0.0,0.0,0.0,0.0,0.0,0.0,0.0,0.0,0.0,0.0,0.0,0.0,0.0,0.0,0.0,0.0,0.0,0.0,0.0,0.0,0.0,0.0,0.0,0.0,0.0,0.0,0.0,0.0,0.0,0.0,6793.0,5380.055074067551,-2788.0,14900.0,17688.0,14784.0,4596.0,-10188.0,856.3076923076923,5084.0,-7524.3,3979.927877487228,-18076.0,-1700.0,16376.0,-6076.0,-8636.0,-2560.0,1163.2820512820513,5032.0,5707.9,10068.356310242501,-12668.0,17816.0,30484.0,4324.0,-11656.0,-15980.0,1421.8461538461538,9960.0,-7295.675,9734.94481080273,-32768.0,3171.0,35939.0,3070.0,535.0,-2535.0,2001.4102564102564,10989.0,2210.875,9811.814700114091,-24622.0,16397.0,41019.0,5580.0,-4051.0,-9631.0,2640.025641025641,16860.0,-2439.775,5638.69052833856,-18992.0,5659.0,24651.0,-3570.0,-7355.0,-3785.0,1894.3846153846155,11963.0,exercise_3_wrist_clockwise,exercise_3_wrist_clockwise_10
0.0,0.0,0.0,0.0,0.0,0.0,0.0,0.0,0.0,0.0,0.0,0.0,0.0,0.0,0.0,0.0,0.0,0.0,0.0,0.0,0.0,0.0,0.0,0.0,0.0,0.0,0.0,0.0,0.0,0.0,0.0,0.0,0.0,0.0,0.0,0.0,0.0,0.0,0.0,0.0,0.0,0.0,0.0,0.0,0.0,0.0,0.0,0.0,0.0,0.0,7191.7,952.166114708983,4780.0,8480.0,3700.0,8204.0,8200.0,-4.0,361.7435897435897,1148.0,-14067.4,873.3295139865595,-17528.0,-12568.0,4960.0,-12568.0,-13648.0,-1080.0,593.4358974358975,2420.0,5145.2,330.72792443336255,4280.0,5744.0,1464.0,5400.0,4924.0,-476.0,385.12820512820514,1052.0,-461.55,978.783018600139,-2929.0,2673.0,5602.0,595.0,912.0,317.0,651.0,3896.0,1341.225,990.7635057747132,-259.0,3642.0,3901.0,962.0,-166.0,-1128.0,563.2820512820513,2049.0,16.25,2981.2606289118703,-5091.0,10933.0,16024.0,1694.0,-909.0,-2603.0,1593.4615384615386,10253.0,exercise_4_hand_wave,exercise_4_hand_wave_4
0.0,0.0,0.0,0.0,0.0,0.0,0.0,0.0,0.0,0.0,0.0,0.0,0.0,0.0,0.0,0.0,0.0,0.0,0.0,0.0,0.0,0.0,0.0,0.0,0.0,0.0,0.0,0.0,0.0,0.0,0.0,0.0,0.0,0.0,0.0,0.0,0.0,0.0,0.0,0.0,0.0,0.0,0.0,0.0,0.0,0.0,0.0,0.0,0.0,0.0,9998.5,3195.591173789288,7024.0,16656.0,9632.0,7024.0,15620.0,8596.0,376.1025641025641,1852.0,-10888.7,4210.348953471672,-15184.0,-2184.0,13000.0,-13864.0,-2592.0,11272.0,544.4102564102565,2904.0,5827.2,813.539525776099,4924.0,7964.0,3040.0,5744.0,6512.0,768.0,394.2564102564103,1776.0,1992.25,2874.2606157932164,-1593.0,7178.0,8771.0,-744.0,-1593.0,-849.0,616.1282051282051,1902.0,-302.475,1856.5729852001507,-5258.0,2769.0,8027.0,313.0,2769.0,2456.0,597.8461538461538,2031.0,-2020.225,2171.4534704605117,-7413.0,435.0,7848.0,-1866.0,-337.0,1529.0,931.8205128205128,3481.0,exercise_4_hand_wave,exercise_4_hand_wave_4
0.0,0.0,0.0,0.0,0.0,0.0,0.0,0.0,0.0,0.0,0.0,0.0,0.0,0.0,0.0,0.0,0.0,0.0,0.0,0.0,0.0,0.0,0.0,0.0,0.0,0.0,0.0,0.0,0.0,0.0,0.0,0.0,0.0,0.0,0.0,0.0,0.0,0.0,0.0,0.0,0.0,0.0,0.0,0.0,0.0,0.0,0.0,0.0,0.0,0.0,11892.5,3122.96925217012,4940.0,16656.0,11716.0,7924.0,6284.0,-1640.0,722.2564102564103,3172.0,-8171.9,4117.13759668049,-16464.0,-2184.0,14280.0,-14656.0,-14396.0,260.0,1011.5897435897435,3896.0,6851.0,894.8223287334755,5056.0,8996.0,3940.0,5200.0,5896.0,696.0,524.9230769230769,1776.0,-978.475,5745.15201272995,-9515.0,7178.0,16693.0,2207.0,-4157.0,-6364.0,1204.5641025641025,3191.0,1597.425,3647.292378515191,-5258.0,7299.0,12557.0,-790.0,2440.0,3230.0,1274.923076923077,5984.0,-160.1,4150.735819104849,-7413.0,10381.0,17794.0,-317.0,-1654.0,-1337.0,2111.25641025641,10354.0,exercise_4_hand_wave,exercise_4_hand_wave_4
0.0,0.0,0.0,0.0,0.0,0.0,0.0,0.0,0.0,0.0,0.0,0.0,0.0,0.0,0.0,0.0,0.0,0.0,0.0,0.0,0.0,0.0,0.0,0.0,0.0,0.0,0.0,0.0,0.0,0.0,0.0,0.0,0.0,0.0,0.0,0.0,0.0,0.0,0.0,0.0,0.0,0.0,0.0,0.0,0.0,0.0,0.0,0.0,0.0,0.0,9667.0,2995.8644495370613,4940.0,15708.0,10768.0,15448.0,11064.0,-4384.0,633.6410256410256,3172.0,-10858.4,3961.9593940372483,-16464.0,-2856.0,13608.0,-3044.0,-9528.0,-6484.0,968.9230769230769,3896.0,6796.2,985.7573535104874,5172.0,8996.0,3824.0,6640.0,7860.0,1220.0,493.64102564102564,2240.0,-2183.55,4840.088309886503,-9515.0,7970.0,17485.0,-2409.0,6545.0,8954.0,1157.179487179487,3191.0,2595.725,2656.8898263524216,-2579.0,7299.0,9878.0,2883.0,-1669.0,-4552.0,1356.0,5984.0,434.9,4111.715048492539,-12114.0,10381.0,22495.0,413.0,-2651.0,-3064.0,2458.6666666666665,10354.0,exercise_4_hand_wave,exercise_4_hand_wave_4
0.0,0.0,0.0,0.0,0.0,0.0,0.0,0.0,0.0,0.0,0.0,0.0,0.0,0.0,0.0,0.0,0.0,0.0,0.0,0.0,0.0,0.0,0.0,0.0,0.0,0.0,0.0,0.0,0.0,0.0,0.0,0.0,0.0,0.0,0.0,0.0,0.0,0.0,0.0,0.0,0.0,0.0,0.0,0.0,0.0,0.0,0.0,0.0,0.0,0.0,11048.6,3475.0702496496383,6184.0,16172.0,9988.0,6300.0,14928.0,8628.0,395.5897435897436,2232.0,-8684.5,5012.382043499877,-15896.0,-1420.0,14476.0,-15320.0,-4104.0,11216.0,649.025641025641,3664.0,7117.4,1161.5818696932213,5172.0,9320.0,4148.0,5584.0,7312.0,1728.0,415.79487179487177,2240.0,2308.45,3564.8795207552243,-5891.0,7970.0,13861.0,-1895.0,-5891.0,-3996.0,798.3076923076923,2512.0,-177.025,2457.413167209576,-5103.0,6559.0,11662.0,611.0,6559.0,5948.0,909.8461538461538,3711.0,-1200.3,3028.0339017256724,-12114.0,6122.0,18236.0,2431.0,1951.0,-480.0,1634.1025641025642,7402.0,exercise_4_hand_wave,exercise_4_hand_wave_4
0.0,0.0,0.0,0.0,0.0,0.0,0.0,0.0,0.0,0.0,0.0,0.0,0.0,0.0,0.0,0.0,0.0,0.0,0.0,0.0,0.0,0.0,0.0,0.0,0.0,0.0,0.0,0.0,0.0,0.0,0.0,0.0,0.0,0.0,0.0,0.0,0.0,0.0,0.0,0.0,0.0,0.0,0.0,0.0,0.0,0.0,0.0,0.0,0.0,0.0,11685.9,3086.5689673162983,6520.0,16172.0,9652.0,11768.0,9128.0,-2640.0,493.7435897435897,1312.0,-7696.5,4609.019608333208,-15744.0,-1420.0,14324.0,-7872.0,-12896.0,-5024.0,749.9487179487179,2648.0,7436.8,1224.6959459392358,4756.0,9320.0,4564.0,8648.0,5584.0,-3064.0,458.2564102564103,1600.0,-1471.375,5623.308646550979,-9904.0,7057.0,16961.0,6177.0,-798.0,-6975.0,944.9487179487179,2825.0,1466.9,3696.2738521381225,-5103.0,9152.0,14255.0,-1028.0,1407.0,2435.0,952.1282051282051,3012.0,1038.675,2842.264443955734,-3233.0,6564.0,9797.0,-3233.0,60.0,3293.0,1584.076923076923,4613.0,exercise_4_hand_wave,exercise_4_hand_wave_4
0.0,0.0,0.0,0.0,0.0,0.0,0.0,0.0,0.0,0.0,0.0,0.0,0.0,0.0,0.0,0.0,0.0,0.0,0.0,0.0,0.0,0.0,0.0,0.0,0.0,0.0,0.0,0.0,0.0,0.0,0.0,0.0,0.0,0.0,0.0,0.0,0.0,0.0,0.0,0.0,0.0,0.0,0.0,0.0,0.0,0.0,0.0,0.0,0.0,0.0,9478.0,1841.1161831888828,6520.0,14224.0,7704.0,14224.0,12808.0,-1416.0,568.4102564102565,1656.0,-11393.3,3125.1500299985596,-15744.0,-3760.0,11984.0,-3760.0,-5844.0,-2084.0,892.6153846153846,2648.0,6695.2,1288.9804342968127,4620.0,8872.0,4252.0,7888.0,8128.0,240.0,684.7179487179487,3016.0,-779.025,6070.0358297439225,-9904.0,10523.0,20427.0,-5412.0,6331.0,11743.0,984.6923076923077,4614.0,1299.025,3560.791783350299,-6345.0,9152.0,15497.0,6123.0,-4010.0,-10133.0,1166.179487179487,5392.0,127.225,3477.4339856243137,-6432.0,6564.0,12996.0,6564.0,-4032.0,-10596.0,1694.2564102564102,8806.0,exercise_4_hand_wave,exercise_4_hand_wave_4
0.0,0.0,0.0,0.0,0.0,0.0,0.0,0.0,0.0,0.0,0.0,0.0,0.0,0.0,0.0,0.0,0.0,0.0,0.0,0.0,0.0,0.0,0.0,0.0,0.0,0.0,0.0,0.0,0.0,0.0,0.0,0.0,0.0,0.0,0.0,0.0,0.0,0.0,0.0,0.0,0.0,0.0,0.0,0.0,0.0,0.0,0.0,0.0,0.0,0.0,12503.7,3135.4071362424374,7764.0,17216.0,9452.0,8692.0,12716.0,4024.0,493.3333333333333,1656.0,-7178.8,4880.734387364263,-14904.0,-436.0,14468.0,-13672.0,-6200.0,7472.0,741.1282051282051,2024.0,6378.0,893.900665622305,4620.0,8712.0,4092.0,5392.0,6680.0,1288.0,574.5641025641025,3016.0,1183.475,5856.92466225877,-10252.0,10523.0,20775.0,-606.0,-9949.0,-9343.0,995.974358974359,4614.0,14.275,3624.2428932640537,-6345.0,5838.0,12183.0,1104.0,5140.0,4036.0,1052.974358974359,5392.0,-787.65,3008.467321993044,-6432.0,6896.0,13328.0,-245.0,6896.0,7141.0,1539.4102564102564,8806.0,exercise_4_hand_wave,exercise_4_hand_wave_4
0.0,0.0,0.0,0.0,0.0,0.0,0.0,0.0,0.0,0.0,0.0,0.0,0.0,0.0,0.0,0.0,0.0,0.0,0.0,0.0,0.0,0.0,0.0,0.0,0.0,0.0,0.0,0.0,0.0,0.0,0.0,0.0,0.0,0.0,0.0,0.0,0.0,0.0,0.0,0.0,0.0,0.0,0.0,0.0,0.0,0.0,0.0,0.0,0.0,0.0,12144.6,3324.6043433768177,7096.0,17216.0,10120.0,13248.0,8520.0,-4728.0,489.43589743589746,1268.0,-8053.9,5483.592106457227,-16404.0,-436.0,15968.0,-4864.0,-13824.0,-8960.0,836.1025641025641,3900.0,5196.8,1473.4661719903854,2460.0,7336.0,4876.0,7336.0,3340.0,-3996.0,454.2564102564103,1804.0,-3012.175,5508.247960502052,-12772.0,6807.0,19579.0,6335.0,-712.0,-7047.0,1043.7692307692307,3055.0,1801.375,3409.202448429104,-5661.0,7366.0,13027.0,-4760.0,2176.0,6936.0,1077.5384615384614,3308.0,1341.775,3768.632195422498,-3742.0,14663.0,18405.0,-3452.0,-939.0,2513.0,1874.3333333333333,9566.0,exercise_4_hand_wave,exercise_4_hand_wave_4
0.0,0.0,0.0,0.0,0.0,0.0,0.0,0.0,0.0,0.0,0.0,0.0,0.0,0.0,0.0,0.0,0.0,0.0,0.0,0.0,0.0,0.0,0.0,0.0,0.0,0.0,0.0,0.0,0.0,0.0,0.0,0.0,0.0,0.0,0.0,0.0,0.0,0.0,0.0,0.0,0.0,0.0,0.0,0.0,0.0,0.0,0.0,0.0,0.0,0.0,10042.1,2077.2585756231697,7096.0,15384.0,8288.0,11812.0,15384.0,3572.0,525.4358974358975,1412.0,-11826.7,3289.0718918868283,-16404.0,-4192.0,12212.0,-7848.0,-4732.0,3116.0,854.8717948717949,3900.0,4339.3,1180.3280518567708,2460.0,6568.0,4108.0,5972.0,5436.0,-536.0,484.5128205128205,1804.0,333.175,6125.445726179852,-12772.0,9661.0,22433.0,-12772.0,4638.0,17410.0,856.4615384615385,3055.0,340.2,2952.6501672226586,-4756.0,7366.0,12122.0,5197.0,-4756.0,-9953.0,1089.1538461538462,3308.0,-410.3,4252.563539795731,-7330.0,14663.0,21993.0,10341.0,-2119.0,-12460.0,1906.051282051282,9566.0,exercise_4_hand_wave,exercise_4_hand_wave_4
0.0,0.0,0.0,0.0,0.0,0.0,0.0,0.0,0.0,0.0,0.0,0.0,0.0,0.0,0.0,0.0,0.0,0.0,0.0,0.0,0.0,0.0,0.0,0.0,0.0,0.0,0.0,0.0,0.0,0.0,0.0,0.0,0.0,0.0,0.0,0.0,0.0,0.0,0.0,0.0,0.0,0.0,0.0,0.0,0.0,0.0,0.0,0.0,0.0,0.0,12865.6,2916.7197739926955,7784.0,17292.0,9508.0,8588.0,10336.0,1748.0,558.6666666666666,1412.0,-7775.2,4263.724775357809,-14716.0,-2236.0,12480.0,-13484.0,-11112.0,2372.0,757.6410256410256,3108.0,4963.1,900.7887599209929,3296.0,6368.0,3072.0,3432.0,5128.0,1696.0,415.1794871794872,1116.0,16.9,6508.400570800787,-11328.0,9661.0,20989.0,-382.0,-10486.0,-10104.0,912.6666666666666,2841.0,1003.35,3708.0170209291114,-4756.0,8012.0,12768.0,725.0,5373.0,4648.0,780.2564102564103,2958.0,-605.025,3588.7289357619366,-7330.0,8038.0,15368.0,820.0,3898.0,3078.0,1508.3589743589744,8977.0,exercise_4_hand_wave,exercise_4_hand_wave_4
0.0,0.0,0.0,0.0,0.0,0.0,0.0,0.0,0.0,0.0,0.0,0.0,0.0,0.0,0.0,0.0,0.0,0.0,0.0,0.0,0.0,0.0,0.0,0.0,0.0,0.0,0.0,0.0,0.0,0.0,0.0,0.0,0.0,0.0,0.0,0.0,0.0,0.0,0.0,0.0,0.0,0.0,0.0,0.0,0.0,0.0,0.0,0.0,0.0,0.0,12187.0,2964.4459516071465,8348.0,17292.0,8944.0,16376.0,9448.0,-6928.0,398.7692307692308,1564.0,-9191.4,4582.799541764836,-15268.0,-2236.0,13032.0,-3664.0,-14216.0,-10552.0,653.7435897435897,3108.0,4652.4,762.8068169595758,3564.0,6184.0,2620.0,4520.0,3952.0,-568.0,324.1025641025641,1116.0,-3187.25,4332.320739222801,-11328.0,3352.0,14680.0,3352.0,2024.0,-1328.0,1009.1282051282051,4789.0,2485.6,2577.99677850846,-2793.0,8012.0,10805.0,-2728.0,1.0,2729.0,952.6923076923077,3938.0,1201.975,2767.214443149465,-4465.0,8325.0,12790.0,-4465.0,-183.0,4282.0,1609.6410256410256,8977.0,exercise_4_hand_wave,exercise_4_hand_wave_4
0.0,0.0,0.0,0.0,0.0,0.0,0.0,0.0,0.0,0.0,0.0,0.0,0.0,0.0,0.0,0.0,0.0,0.0,0.0,0.0,0.0,0.0,0.0,0.0,0.0,0.0,0.0,0.0,0.0,0.0,0.0,0.0,0.0,0.0,0.0,0.0,0.0,0.0,0.0,0.0,0.0,0.0,0.0,0.0,0.0,0.0,0.0,0.0,0.0,0.0,11422.4,2576.622564521238,8348.0,16364.0,8016.0,9912.0,15956.0,6044.0,395.1794871794872,1564.0,-10334.3,4176.663059189717,-15268.0,-2416.0,12852.0,-13476.0,-2640.0,10836.0,717.4358974358975,2556.0,4599.6,828.4118782344927,3564.0,6368.0,2804.0,4428.0,5132.0,704.0,260.71794871794873,932.0,2279.925,4762.801289091851,-9645.0,10542.0,20187.0,-7851.0,-1152.0,6699.0,1046.6410256410256,4789.0,-698.575,2468.071898137289,-5212.0,5011.0,10223.0,2507.0,1356.0,-1151.0,982.3333333333334,3938.0,-767.65,2610.0155320419076,-6749.0,8325.0,15074.0,8325.0,431.0,-7894.0,1574.6666666666667,6756.0,exercise_4_hand_wave,exercise_4_hand_wave_4
0.0,0.0,0.0,0.0,0.0,0.0,0.0,0.0,0.0,0.0,0.0,0.0,0.0,0.0,0.0,0.0,0.0,0.0,0.0,0.0,0.0,0.0,0.0,0.0,0.0,0.0,0.0,0.0,0.0,0.0,0.0,0.0,0.0,0.0,0.0,0.0,0.0,0.0,0.0,0.0,0.0,0.0,0.0,0.0,0.0,0.0,0.0,0.0,0.0,0.0,12243.2,3498.995764501581,5504.0,16544.0,11040.0,8500.0,6396.0,-2104.0,560.0,1504.0,-8333.1,4614.023059110131,-17532.0,-2416.0,15116.0,-14712.0,-15252.0,-540.0,992.7179487179487,2676.0,5197.3,837.2404135014028,3100.0,6504.0,3404.0,3924.0,4384.0,460.0,336.71794871794873,1284.0,-382.425,7062.731305548514,-10506.0,10542.0,21048.0,2586.0,-2097.0,-4683.0,1088.3333333333333,2330.0,1340.875,4389.929926476617,-5212.0,7666.0,12878.0,125.0,2666.0,2541.0,942.1794871794872,2877.0,904.15,4281.880057579848,-6749.0,13053.0,19802.0,-2955.0,-792.0,2163.0,1878.076923076923,4803.0,exercise_4_hand_wave,exercise_4_hand_wave_4
0.0,0.0,0.0,0.0,0.0,0.0,0.0,0.0,0.0,0.0,0.0,0.0,0.0,0.0,0.0,0.0,0.0,0.0,0.0,0.0,0.0,0.0,0.0,0.0,0.0,0.0,0.0,0.0,0.0,0.0,0.0,0.0,0.0,0.0,0.0,0.0,0.0,0.0,0.0,0.0,0.0,0.0,0.0,0.0,0.0,0.0,0.0,0.0,0.0,0.0,9560.3,3413.048536133056,5504.0,16544.0,11040.0,16516.0,10164.0,-6352.0,505.84615384615387,1504.0,-11707.8,4331.296244774768,-17532.0,-3836.0,13696.0,-3836.0,-10588.0,-6752.0,810.6666666666666,2676.0,4627.4,938.7364060267397,3100.0,6504.0,3404.0,4952.0,5984.0,1032.0,332.3076923076923,1284.0,-2563.3,5085.834322901209,-10506.0,7074.0,17580.0,-1395.0,7074.0,8469.0,824.3333333333334,2330.0,2761.15,3075.4932575929993,-3194.0,7666.0,10860.0,1100.0,-3194.0,-4294.0,763.6410256410256,2590.0,1037.825,4073.2868477895095,-5596.0,13053.0,18649.0,3633.0,-2395.0,-6028.0,1622.6666666666667,4803.0,exercise_4_hand_wave,exercise_4_hand_wave_4
0.0,0.0,0.0,0.0,0.0,0.0,0.0,0.0,0.0,0.0,0.0,0.0,0.0,0.0,0.0,0.0,0.0,0.0,0.0,0.0,0.0,0.0,0.0,0.0,0.0,0.0,0.0,0.0,0.0,0.0,0.0,0.0,0.0,0.0,0.0,0.0,0.0,0.0,0.0,0.0,0.0,0.0,0.0,0.0,0.0,0.0,0.0,0.0,0.0,0.0,10965.7,3445.5000087070093,6344.0,16116.0,9772.0,6344.0,15852.0,9508.0,415.4871794871795,1232.0,-9965.8,4640.191371053568,-15964.0,-2072.0,13892.0,-15964.0,-3160.0,12804.0,677.2307692307693,1868.0,5184.4,1211.3614819697711,3428.0,6828.0,3400.0,3544.0,6696.0,3152.0,321.2307692307692,1256.0,2585.1,3263.310051159712,-2480.0,8334.0,10814.0,-469.0,-2480.0,-2011.0,717.3589743589744,2084.0,-487.425,1965.049578095932,-3653.0,3106.0,6759.0,1131.0,3106.0,1975.0,611.2051282051282,1751.0,-1825.875,1830.3954789539337,-5596.0,917.0,6513.0,182.0,372.0,190.0,1279.4358974358975,3150.0,exercise_4_hand_wave,exercise_4_hand_wave_4
0.0,0.0,0.0,0.0,0.0,0.0,0.0,0.0,0.0,0.0,0.0,0.0,0.0,0.0,0.0,0.0,0.0,0.0,0.0,0.0,0.0,0.0,0.0,0.0,0.0,0.0,0.0,0.0,0.0,0.0,0.0,0.0,0.0,0.0,0.0,0.0,0.0,0.0,0.0,0.0,0.0,0.0,0.0,0.0,0.0,0.0,0.0,0.0,0.0,0.0,12838.1,2442.7107872198053,8508.0,16116.0,7608.0,11092.0,8736.0,-2356.0,426.15384615384613,976.0,-7620.0,3861.3703267104543,-14652.0,-2072.0,12580.0,-10344.0,-13504.0,-3160.0,746.0512820512821,2040.0,5987.0,768.6782161607027,4164.0,6828.0,2664.0,5128.0,4464.0,-664.0,317.7435897435897,1100.0,-1664.4,6108.598107585733,-10059.0,8334.0,18393.0,7174.0,-579.0,-7753.0,902.9487179487179,2084.0,1574.425,3280.471047635537,-3653.0,5975.0,9628.0,-3653.0,1125.0,4778.0,616.1025641025641,2291.0,278.025,2740.45371688248,-5004.0,5903.0,10907.0,-3367.0,194.0,3561.0,1196.2820512820513,4255.0,exercise_4_hand_wave,exercise_4_hand_wave_4
0.0,0.0,0.0,0.0,0.0,0.0,0.0,0.0,0.0,0.0,0.0,0.0,0.0,0.0,0.0,0.0,0.0,0.0,0.0,0.0,0.0,0.0,0.0,0.0,0.0,0.0,0.0,0.0,0.0,0.0,0.0,0.0,0.0,0.0,0.0,0.0,0.0,0.0,0.0,0.0,0.0,0.0,0.0,0.0,0.0,0.0,0.0,0.0,0.0,0.0,10668.9,2048.208678333338,8508.0,15864.0,7356.0,15864.0,10900.0,-4964.0,382.87179487179486,1380.0,-11003.3,3429.704930456846,-14652.0,-2784.0,11868.0,-2784.0,-9848.0,-7064.0,641.025641025641,2540.0,5307.2,900.2858212812197,4084.0,6804.0,2720.0,6428.0,6416.0,-12.0,315.79487179487177,1408.0,-2268.875,5406.039308900278,-10059.0,6528.0,16587.0,-4230.0,5864.0,10094.0,690.1025641025641,1943.0,2048.3,2649.495029246139,-3056.0,5975.0,9031.0,3656.0,-2495.0,-6151.0,657.2564102564103,2291.0,559.175,2511.6717827723824,-5744.0,5903.0,11647.0,590.0,-2269.0,-2859.0,1158.4358974358975,4255.0,exercise_4_hand_wave,exercise_4_hand_wave_4
0.0,0.0,0.0,0.0,0.0,0.0,0.0,0.0,0.0,0.0,0.0,0.0,0.0,0.0,0.0,0.0,0.0,0.0,0.0,0.0,0.0,0.0,0.0,0.0,0.0,0.0,0.0,0.0,0.0,0.0,0.0,0.0,0.0,0.0,0.0,0.0,0.0,0.0,0.0,0.0,0.0,0.0,0.0,0.0,0.0,0.0,0.0,0.0,0.0,0.0,12309.3,2790.314589790908,8768.0,16820.0,8052.0,8924.0,15808.0,6884.0,369.94871794871796,1380.0,-8858.8,4024.3718714850393,-14576.0,-2968.0,11608.0,-13560.0,-4160.0,9400.0,508.3076923076923,2540.0,5255.1,684.3387976726148,4084.0,6596.0,2512.0,4516.0,5532.0,1016.0,356.3076923076923,1408.0,2505.5,3028.789271309577,-2762.0,7425.0,10187.0,-209.0,-2762.0,-2553.0,580.5384615384615,1513.0,-793.725,2203.500760012349,-4918.0,3417.0,8335.0,1277.0,3417.0,2140.0,692.7179487179487,2309.0,-1092.3,1551.8880468642062,-5744.0,784.0,6528.0,74.0,784.0,710.0,1064.1538461538462,3726.0,exercise_4_hand_wave,exercise_4_hand_wave_4
0.0,0.0,0.0,0.0,0.0,0.0,0.0,0.0,0.0,0.0,0.0,0.0,0.0,0.0,0.0,0.0,0.0,0.0,0.0,0.0,0.0,0.0,0.0,0.0,0.0,0.0,0.0,0.0,0.0,0.0,0.0,0.0,0.0,0.0,0.0,0.0,0.0,0.0,0.0,0.0,0.0,0.0,0.0,0.0,0.0,0.0,0.0,0.0,0.0,0.0,10352.3,2839.641440393487,5700.0,14212.0,8512.0,10720.0,13224.0,2504.0,418.6666666666667,1352.0,-2322.0,5446.749122182882,-11868.0,5804.0,17672.0,-784.0,2412.0,3196.0,841.9487179487179,2852.0,11850.9,1769.556099704104,8604.0,14192.0,5588.0,11944.0,10488.0,-1456.0,387.4871794871795,1232.0,508.025,4370.618774770342,-6592.0,7447.0,14039.0,1148.0,-2393.0,-3541.0,1012.1282051282051,6038.0,113.85,2869.184941320444,-4547.0,4677.0,9224.0,2796.0,1522.0,-1274.0,632.8205128205128,1881.0,-497.475,4336.53682094076,-11045.0,8111.0,19156.0,8111.0,356.0,-7755.0,1209.5128205128206,4230.0,exercise_4_hand_wave,exercise_4_hand_wave_5
0.0,0.0,0.0,0.0,0.0,0.0,0.0,0.0,0.0,0.0,0.0,0.0,0.0,0.0,0.0,0.0,0.0,0.0,0.0,0.0,0.0,0.0,0.0,0.0,0.0,0.0,0.0,0.0,0.0,0.0,0.0,0.0,0.0,0.0,0.0,0.0,0.0,0.0,0.0,0.0,0.0,0.0,0.0,0.0,0.0,0.0,0.0,0.0,0.0,0.0,12422.7,1000.481239204414,10352.0,14212.0,3860.0,10576.0,10352.0,-224.0,249.43589743589743,760.0,377.0,3422.163964511344,-7248.0,5804.0,13052.0,-2564.0,-7248.0,-4684.0,661.6410256410256,2228.0,10907.1,1067.4273698945517,8604.0,12568.0,3964.0,12208.0,11984.0,-224.0,340.9230769230769,800.0,-1407.275,4463.801373199192,-6783.0,7447.0,14230.0,6093.0,-2907.0,-9000.0,812.0512820512821,2449.0,938.575,2268.3358425010606,-3961.0,3495.0,7456.0,-3323.0,1133.0,4456.0,520.7179487179487,1655.0,1.4,2506.0200597760586,-7682.0,3759.0,11441.0,-7682.0,1301.0,8983.0,909.8717948717949,3460.0,exercise_4_hand_wave,exercise_4_hand_wave_5
0.0,0.0,0.0,0.0,0.0,0.0,0.0,0.0,0.0,0.0,0.0,0.0,0.0,0.0,0.0,0.0,0.0,0.0,0.0,0.0,0.0,0.0,0.0,0.0,0.0,0.0,0.0,0.0,0.0,0.0,0.0,0.0,0.0,0.0,0.0,0.0,0.0,0.0,0.0,0.0,0.0,0.0,0.0,0.0,0.0,0.0,0.0,0.0,0.0,0.0,11351.4,903.0785347908562,10120.0,12988.0,2868.0,12988.0,11340.0,-1648.0,204.92307692307693,760.0,-3636.3,3043.535889389182,-7440.0,2944.0,10384.0,2944.0,-3420.0,-6364.0,566.2564102564103,1640.0,11723.2,505.1163826287958,10356.0,12568.0,2212.0,10356.0,11960.0,1604.0,294.87179487179486,728.0,-1487.725,3696.1595946840553,-6783.0,4478.0,11261.0,-3107.0,4453.0,7560.0,709.1282051282051,2449.0,1265.4,1419.4895350089764,-1746.0,3495.0,5241.0,2261.0,-1746.0,-4007.0,448.1794871794872,1655.0,954.7,1052.8905498673641,-816.0,3759.0,4575.0,339.0,840.0,501.0,827.2564102564103,2823.0,exercise_4_hand_wave,exercise_4_hand_wave_5
0.0,0.0,0.0,0.0,0.0,0.0,0.0,0.0,0.0,0.0,0.0,0.0,0.0,0.0,0.0,0.0,0.0,0.0,0.0,0.0,0.0,0.0,0.0,0.0,0.0,0.0,0.0,0.0,0.0,0.0,0.0,0.0,0.0,0.0,0.0,0.0,0.0,0.0,0.0,0.0,0.0,0.0,0.0,0.0,0.0,0.0,0.0,0.0,0.0,0.0,12032.3,1404.2875453410527,10120.0,14164.0,4044.0,10332.0,11988.0,1656.0,242.25641025641025,636.0,-2825.2,3033.4442734291324,-7440.0,1360.0,8800.0,-6960.0,-1664.0,5296.0,437.3333333333333,1336.0,11268.1,774.6093144288932,9964.0,12204.0,2240.0,12172.0,11880.0,-292.0,249.74358974358975,940.0,841.925,3550.2724218537087,-7251.0,5132.0,12383.0,-1931.0,-6502.0,-4571.0,654.9487179487179,1586.0,559.925,2003.8562122505195,-2376.0,5419.0,7795.0,1140.0,5419.0,4279.0,386.79487179487177,917.0,144.325,619.6007741885091,-987.0,1379.0,2366.0,33.0,926.0,893.0,593.8205128205128,1637.0,exercise_4_hand_wave,exercise_4_hand_wave_5
0.0,0.0,0.0,0.0,0.0,0.0,0.0,0.0,0.0,0.0,0.0,0.0,0.0,0.0,0.0,0.0,0.0,0.0,0.0,0.0,0.0,0.0,0.0,0.0,0.0,0.0,0.0,0.0,0.0,0.0,0.0,0.0,0.0,0.0,0.0,0.0,0.0,0.0,0.0,0.0,0.0,0.0,0.0,0.0,0.0,0.0,0.0,0.0,0.0,0.0,10760.0,2979.3111955618197,4864.0,14164.0,9300.0,11640.0,4864.0,-6776.0,356.3076923076923,1020.0,-3460.8,3845.017263940437,-9684.0,1360.0,11044.0,-2884.0,-8928.0,-6044.0,493.43589743589746,1492.0,11719.6,1236.7359621196433,9964.0,14008.0,4044.0,11764.0,13664.0,1900.0,346.56410256410254,1116.0,-1805.275,3719.967560258422,-7251.0,5132.0,12383.0,4397.0,-661.0,-5058.0,728.3076923076923,2240.0,2791.75,2631.2556199464925,-2376.0,7111.0,9487.0,-1968.0,3878.0,5846.0,613.3846153846154,2052.0,799.125,1629.80729209775,-987.0,6947.0,7934.0,-797.0,-479.0,318.0,825.5384615384615,3944.0,exercise_4_hand_wave,exercise_4_hand_wave_5
0.0,0.0,0.0,0.0,0.0,0.0,0.0,0.0,0.0,0.0,0.0,0.0,0.0,0.0,0.0,0.0,0.0,0.0,0.0,0.0,0.0,0.0,0.0,0.0,0.0,0.0,0.0,0.0,0.0,0.0,0.0,0.0,0.0,0.0,0.0,0.0,0.0,0.0,0.0,0.0,0.0,0.0,0.0,0.0,0.0,0.0,0.0,0.0,0.0,0.0,7346.8,2374.968328209873,3816.0,11364.0,7548.0,11364.0,10676.0,-688.0,481.2307692307692,1592.0,-6769.6,2841.4463640899503,-10496.0,-12.0,10484.0,-2836.0,-12.0,2824.0,661.1282051282051,1908.0,13346.0,678.9662730946214,11716.0,14456.0,2740.0,11716.0,13568.0,1852.0,407.28205128205127,1116.0,-136.725,4164.809881540213,-6819.0,6399.0,13218.0,-6819.0,5402.0,12221.0,755.8717948717949,2240.0,1399.975,3555.7283113836193,-4849.0,7111.0,11960.0,4937.0,-1949.0,-6886.0,854.6666666666666,2052.0,42.825,2511.8188120115274,-5642.0,6947.0,12589.0,290.0,-4835.0,-5125.0,1253.7692307692307,5582.0,exercise_4_hand_wave,exercise_4_hand_wave_5
0.0,0.0,0.0,0.0,0.0,0.0,0.0,0.0,0.0,0.0,0.0,0.0,0.0,0.0,0.0,0.0,0.0,0.0,0.0,0.0,0.0,0.0,0.0,0.0,0.0,0.0,0.0,0.0,0.0,0.0,0.15,0.3570714214271425,0.0,1.0,1.0,0.0,0.0,0.0,0.05128205128205128,1.0,0.0,0.0,0.0,0.0,0.0,0.0,0.0,0.0,0.0,0.0,8457.0,2715.515089260231,3816.0,11544.0,7728.0,4716.0,8128.0,3412.0,433.7435897435897,1592.0,-2623.8,5121.191185652026,-10496.0,4260.0,14756.0,-8912.0,-6060.0,2852.0,807.0769230769231,2828.0,13347.7,755.7393135202111,11956.0,14456.0,2500.0,13368.0,13964.0,596.0,381.64102564102564,1220.0,389.9,5333.26447778469,-9633.0,8926.0,18559.0,-755.0,-8181.0,-7426.0,1053.6923076923076,5215.0,162.5,3078.1001202040197,-4849.0,5101.0,9950.0,3567.0,5101.0,1534.0,939.2307692307693,3140.0,-181.35,2763.7238334356057,-5642.0,7187.0,12829.0,-365.0,5916.0,6281.0,1331.5641025641025,5582.0,exercise_4_hand_wave,exercise_4_hand_wave_5
0.0,0.0,0.0,0.0,0.0,0.0,0.0,0.0,0.0,0.0,0.0,0.0,0.0,0.0,0.0,0.0,0.0,0.0,0.0,0.0,0.0,0.0,0.0,0.0,0.0,0.0,0.0,0.0,0.0,0.0,0.15,0.3570714214271425,0.0,1.0,1.0,0.0,0.0,0.0,0.05128205128205128,1.0,0.0,0.0,0.0,0.0,0.0,0.0,0.0,0.0,0.0,0.0,7750.9,3078.962031269629,3120.0,11544.0,8424.0,10320.0,8400.0,-1920.0,426.46153846153845,1732.0,-3334.9,5357.8280664836575,-11364.0,4260.0,15624.0,456.0,-5656.0,-6112.0,759.5897435897435,2828.0,13507.9,859.9569698537248,11956.0,14732.0,2776.0,12832.0,13932.0,1100.0,258.35897435897436,1220.0,-1416.775,4701.066089130741,-9633.0,8926.0,18559.0,6443.0,2713.0,-3730.0,1086.051282051282,5215.0,1305.2,2903.3659276777357,-3187.0,6940.0,10127.0,-3136.0,-2000.0,1136.0,862.974358974359,3140.0,745.75,4251.305927300457,-7704.0,7624.0,15328.0,-2357.0,-2745.0,-388.0,1349.6923076923076,4468.0,exercise_4_hand_wave,exercise_4_hand_wave_5
0.0,0.0,0.0,0.0,0.0,0.0,0.0,0.0,0.0,0.0,0.0,0.0,0.0,0.0,0.0,0.0,0.0,0.0,0.0,0.0,0.0,0.0,0.0,0.0,0.0,0.0,0.0,0.0,0.0,0.0,0.0,0.0,0.0,0.0,0.0,0.0,0.0,0.0,0.0,0.0,0.0,0.0,0.0,0.0,0.0,0.0,0.0,0.0,0.0,0.0,7972.9,3304.9852632046636,3120.0,12664.0,9544.0,7716.0,11984.0,4268.0,458.97435897435895,1732.0,-3409.4,5552.391956625541,-11364.0,5268.0,16632.0,-6608.0,4148.0,10756.0,875.3846153846154,3584.0,13290.6,1237.8072709432597,10408.0,14732.0,4324.0,14004.0,11556.0,-2448.0,332.71794871794873,1584.0,910.25,2891.7400968102233,-6830.0,4666.0,11496.0,-5830.0,-607.0,5223.0,721.5128205128206,3777.0,-257.575,2480.136305603988,-3187.0,6940.0,10127.0,5337.0,1052.0,-4285.0,689.8205128205128,2481.0,-1430.75,5136.098094614237,-11668.0,7624.0,19292.0,6247.0,-271.0,-6518.0,2090.6153846153848,11764.0,exercise_4_hand_wave,exercise_4_hand_wave_5
0.0,0.0,0.0,0.0,0.0,0.0,0.0,0.0,0.0,0.0,0.0,0.0,0.0,0.0,0.0,0.0,0.0,0.0,0.0,0.0,0.0,0.0,0.0,0.0,0.0,0.0,0.0,0.0,0.0,0.0,0.0,0.0,0.0,0.0,0.0,0.0,0.0,0.0,0.0,0.0,0.0,0.0,0.0,0.0,0.0,0.0,0.0,0.0,0.0,0.0,11190.3,1119.4812682666914,8424.0,12664.0,4240.0,8424.0,10164.0,1740.0,321.3333333333333,1376.0,2191.7,3077.11662274929,-5860.0,5268.0,11128.0,-5400.0,-2488.0,2912.0,779.2820512820513,3584.0,12163.1,990.3472067916384,10408.0,14036.0,3628.0,13980.0,13160.0,-820.0,362.15384615384613,1584.0,-436.825,3363.7580537807708,-6251.0,4666.0,10917.0,2637.0,-5802.0,-8439.0,586.3846153846154,1355.0,462.075,1969.9022486851982,-3094.0,3543.0,6637.0,-1484.0,2195.0,3679.0,452.02564102564105,1405.0,-603.0,4529.288956337407,-11668.0,9567.0,21235.0,-7596.0,9567.0,17163.0,1627.2564102564102,11764.0,exercise_4_hand_wave,exercise_4_hand_wave_5
0.0,0.0,0.0,0.0,0.0,0.0,0.0,0.0,0.0,0.0,0.0,0.0,0.0,0.0,0.0,0.0,0.0,0.0,0.0,0.0,0.0,0.0,0.0,0.0,0.0,0.0,0.0,0.0,0.0,0.0,0.0,0.0,0.0,0.0,0.0,0.0,0.0,0.0,0.0,0.0,0.0,0.0,0.0,0.0,0.0,0.0,0.0,0.0,0.0,0.0,9990.5,1670.499012271483,7504.0,12268.0,4764.0,11652.0,9176.0,-2476.0,266.15384615384613,968.0,-1945.4,5337.284144581399,-9476.0,4900.0,14376.0,4268.0,-4656.0,-8924.0,621.2307692307693,2356.0,12528.3,775.4453623563687,11224.0,13688.0,2464.0,11520.0,12824.0,1304.0,237.53846153846155,864.0,-1741.875,3628.177629247912,-6251.0,5519.0,11770.0,-304.0,4213.0,4517.0,665.0,1522.0,1427.575,1512.1375084214399,-2824.0,3543.0,6367.0,1179.0,-2379.0,-3558.0,444.7692307692308,1548.0,1344.575,3617.450938765445,-10837.0,9567.0,20404.0,651.0,-10837.0,-11488.0,1234.871794871795,6771.0,exercise_4_hand_wave,exercise_4_hand_wave_5
0.0,0.0,0.0,0.0,0.0,0.0,0.0,0.0,0.0,0.0,0.0,0.0,0.0,0.0,0.0,0.0,0.0,0.0,0.0,0.0,0.0,0.0,0.0,0.0,0.0,0.0,0.0,0.0,0.0,0.0,0.0,0.0,0.0,0.0,0.0,0.0,0.0,0.0,0.0,0.0,0.0,0.0,0.0,0.0,0.0,0.0,0.0,0.0,0.0,0.0,10466.2,2197.856401132704,7504.0,14040.0,6536.0,10020.0,13020.0,3000.0,316.1025641025641,1204.0,-2232.2,5067.795572041161,-9476.0,4548.0,14024.0,-2992.0,3412.0,6404.0,635.3846153846154,3008.0,12094.4,1294.8287299870976,9868.0,13688.0,3820.0,12968.0,10340.0,-2628.0,297.7435897435897,1148.0,1062.125,3824.8643779060976,-5983.0,5771.0,11754.0,-5923.0,-538.0,5385.0,663.3076923076923,1558.0,56.0,1900.4509464861228,-3175.0,3135.0,6310.0,3018.0,987.0,-2031.0,481.1025641025641,1548.0,-367.075,3398.012282110675,-10837.0,8723.0,19560.0,8723.0,-49.0,-8772.0,1339.4871794871794,6771.0,exercise_4_hand_wave,exercise_4_hand_wave_5
0.0,0.0,0.0,0.0,0.0,0.0,0.0,0.0,0.0,0.0,0.0,0.0,0.0,0.0,0.0,0.0,0.0,0.0,0.0,0.0,0.0,0.0,0.0,0.0,0.0,0.0,0.0,0.0,0.0,0.0,0.0,0.0,0.0,0.0,0.0,0.0,0.0,0.0,0.0,0.0,0.0,0.0,0.0,0.0,0.0,0.0,0.0,0.0,0.0,0.0,12433.6,1028.6215241768957,9996.0,14040.0,4044.0,10380.0,9996.0,-384.0,263.79487179487177,1168.0,2001.3,2584.9311615592396,-5040.0,4928.0,9968.0,-1648.0,-5040.0,-3392.0,527.3846153846154,1560.0,11046.7,938.5028023399823,9868.0,13404.0,3536.0,13404.0,12404.0,-1000.0,234.66666666666666,1148.0,-811.0,4357.164284256448,-7722.0,5771.0,13493.0,5771.0,-5751.0,-11522.0,519.1282051282051,1924.0,889.3,2173.1743740436477,-3175.0,3996.0,7171.0,-2914.0,3996.0,6910.0,360.8205128205128,1308.0,383.575,2824.218935276619,-7347.0,5897.0,13244.0,-7347.0,5427.0,12774.0,841.9487179487179,3169.0,exercise_4_hand_wave,exercise_4_hand_wave_5
0.0,0.0,0.0,0.0,0.0,0.0,0.0,0.0,0.0,0.0,0.0,0.0,0.0,0.0,0.0,0.0,0.0,0.0,0.0,0.0,0.0,0.0,0.0,0.0,0.0,0.0,0.0,0.0,0.0,0.0,0.0,0.0,0.0,0.0,0.0,0.0,0.0,0.0,0.0,0.0,0.0,0.0,0.0,0.0,0.0,0.0,0.0,0.0,0.0,0.0,10943.3,1775.3633740730372,8108.0,13424.0,5316.0,13100.0,11136.0,-1964.0,265.7435897435897,1088.0,-2687.2,4989.973322573979,-9512.0,4928.0,14440.0,3768.0,-1596.0,-5364.0,654.2564102564103,3088.0,11654.0,851.6647227636003,10040.0,12568.0,2528.0,10344.0,12224.0,1880.0,205.53846153846155,928.0,-1919.85,3948.4802174380966,-7722.0,4737.0,12459.0,-690.0,4737.0,5427.0,753.6666666666666,1924.0,1462.55,1829.2583326310148,-2226.0,3996.0,6222.0,895.0,-1111.0,-2006.0,437.8974358974359,1094.0,347.525,3807.6093286174987,-12594.0,5897.0,18491.0,-249.0,-1599.0,-1350.0,1385.948717948718,9623.0,exercise_4_hand_wave,exercise_4_hand_wave_5
0.0,0.0,0.0,0.0,0.0,0.0,0.0,0.0,0.0,0.0,0.0,0.0,0.0,0.0,0.0,0.0,0.0,0.0,0.0,0.0,0.0,0.0,0.0,0.0,0.0,0.0,0.0,0.0,0.0,0.0,0.0,0.0,0.0,0.0,0.0,0.0,0.0,0.0,0.0,0.0,0.0,0.0,0.0,0.0,0.0,0.0,0.0,0.0,0.0,0.0,11338.4,2075.862770030813,8108.0,14312.0,6204.0,9640.0,13596.0,3956.0,266.35897435897436,1088.0,-2827.5,4412.410967940316,-9512.0,2540.0,12052.0,-5828.0,1460.0,7288.0,573.5384615384615,3088.0,11452.7,927.872356523245,9968.0,12568.0,2600.0,12356.0,10300.0,-2056.0,243.07692307692307,928.0,707.225,3031.6527545837107,-5896.0,5448.0,11344.0,-5214.0,-401.0,4813.0,673.1538461538462,2145.0,212.7,1551.0285007052578,-2526.0,3333.0,5859.0,3333.0,622.0,-2711.0,466.4871794871795,1680.0,-748.675,3234.51833653405,-12594.0,4224.0,16818.0,4224.0,923.0,-3301.0,1447.051282051282,9623.0,exercise_4_hand_wave,exercise_4_hand_wave_5
0.0,0.0,0.0,0.0,0.0,0.0,0.0,0.0,0.0,0.0,0.0,0.0,0.0,0.0,0.0,0.0,0.0,0.0,0.0,0.0,0.0,0.0,0.0,0.0,0.0,0.0,0.0,0.0,0.0,0.0,0.0,0.0,0.0,0.0,0.0,0.0,0.0,0.0,0.0,0.0,0.0,0.0,0.0,0.0,0.0,0.0,0.0,0.0,0.0,0.0,12043.8,1962.2364689302867,8128.0,14312.0,6184.0,11492.0,8216.0,-3276.0,279.4871794871795,1028.0,-1159.3,3837.6051790146416,-10052.0,2540.0,12592.0,-1732.0,-10052.0,-8320.0,612.1025641025641,2356.0,11135.8,1000.8060551375575,9848.0,12960.0,3112.0,11796.0,12696.0,900.0,245.64102564102564,856.0,-1316.8,3102.953860436858,-6064.0,5448.0,11512.0,5448.0,-995.0,-6443.0,492.5897435897436,2145.0,1681.075,2105.5088979567386,-2526.0,5187.0,7713.0,-988.0,1255.0,2243.0,408.4871794871795,1680.0,1558.625,2363.5021333552886,-3754.0,6700.0,10454.0,-3754.0,1588.0,5342.0,842.0,3280.0,exercise_4_hand_wave,exercise_4_hand_wave_5
0.0,0.0,0.0,0.0,0.0,0.0,0.0,0.0,0.0,0.0,0.0,0.0,0.0,0.0,0.0,0.0,0.0,0.0,0.0,0.0,0.0,0.0,0.0,0.0,0.0,0.0,0.0,0.0,0.0,0.0,0.0,0.0,0.0,0.0,0.0,0.0,0.0,0.0,0.0,0.0,0.0,0.0,0.0,0.0,0.0,0.0,0.0,0.0,0.0,0.0,10726.2,2162.80150730482,7756.0,14340.0,6584.0,13800.0,14340.0,540.0,377.7435897435897,1204.0,-4010.0,4268.318638527354,-10052.0,4748.0,14800.0,1520.0,4748.0,3228.0,932.0,2368.0,11542.8,1269.6299303340322,8392.0,12960.0,4568.0,9948.0,8392.0,-1556.0,350.2564102564103,1120.0,-59.55,4031.7829923620643,-6064.0,6572.0,12636.0,-1060.0,3631.0,4691.0,658.4358974358975,1739.0,541.775,3122.9223612467536,-4671.0,5187.0,9858.0,1389.0,-1660.0,-3049.0,578.2820512820513,1717.0,76.475,3981.437240416456,-8818.0,6700.0,15518.0,-346.0,-1856.0,-1510.0,1305.7948717948718,5910.0,exercise_4_hand_wave,exercise_4_hand_wave_5
0.0,0.0,0.0,0.0,0.0,0.0,0.0,0.0,0.0,0.0,0.0,0.0,0.0,0.0,0.0,0.0,0.0,0.0,0.0,0.0,0.0,0.0,0.0,0.0,0.0,0.0,0.0,0.0,0.0,0.0,0.0,0.0,0.0,0.0,0.0,0.0,0.0,0.0,0.0,0.0,0.0,0.0,0.0,0.0,0.0,0.0,0.0,0.0,0.0,0.0,11951.4,2230.970111857172,7756.0,15012.0,7256.0,7952.0,11244.0,3292.0,333.43589743589746,1204.0,-1825.2,4443.870763197328,-9560.0,4748.0,14308.0,-9560.0,-4708.0,4852.0,817.9487179487179,2368.0,10714.8,1501.1620032494827,8080.0,12928.0,4848.0,12860.0,11248.0,-1612.0,329.53846153846155,1120.0,-285.85,4415.63790719982,-7442.0,6572.0,14014.0,304.0,-7442.0,-7746.0,738.8205128205128,2092.0,134.175,2724.2068284869633,-4671.0,4422.0,9093.0,904.0,2754.0,1850.0,591.4871794871794,1717.0,-641.375,3439.567216144351,-8818.0,5554.0,14372.0,-100.0,5554.0,5654.0,1250.5641025641025,5910.0,exercise_4_hand_wave,exercise_4_hand_wave_5
0.0,0.0,0.0,0.0,0.0,0.0,0.0,0.0,0.0,0.0,0.0,0.0,0.0,0.0,0.0,0.0,0.0,0.0,0.0,0.0,0.0,0.0,0.0,0.0,0.0,0.0,0.0,0.0,0.0,0.0,0.0,0.0,0.0,0.0,0.0,0.0,0.0,0.0,0.0,0.0,0.0,0.0,0.0,0.0,0.0,0.0,0.0,0.0,0.0,0.0,11991.0,1570.894203948821,10128.0,15012.0,4884.0,14932.0,10720.0,-4212.0,175.48717948717947,580.0,-3273.1,4503.25251235149,-8388.0,4404.0,12792.0,4404.0,-7412.0,-11816.0,444.9230769230769,1536.0,10538.9,1022.9932502221117,8080.0,11556.0,3476.0,8232.0,11072.0,2840.0,168.2051282051282,652.0,-2655.825,2524.8901945183675,-7442.0,1788.0,9230.0,1788.0,-140.0,-1928.0,557.8974358974359,2092.0,1829.025,1131.4772531407777,-300.0,4422.0,4722.0,-300.0,813.0,1113.0,336.5897435897436,1162.0,1348.025,1955.6119309246917,-559.0,7839.0,8398.0,916.0,213.0,-703.0,651.0512820512821,3228.0,exercise_4_hand_wave,exercise_4_hand_wave_5
0.0,0.0,0.0,0.0,0.0,0.0,0.0,0.0,0.0,0.0,0.0,0.0,0.0,0.0,0.0,0.0,0.0,0.0,0.0,0.0,0.0,0.0,0.0,0.0,0.0,0.0,0.0,0.0,0.0,0.0,0.0,0.0,0.0,0.0,0.0,0.0,0.0,0.0,0.0,0.0,0.0,0.0,0.0,0.0,0.0,0.0,0.0,0.0,0.0,0.0,11615.5,4425.595027790048,4004.0,19076.0,15072.0,14252.0,4004.0,-10248.0,715.0769230769231,4200.0,-1319.5,8620.199403146078,-16900.0,10120.0,27020.0,4512.0,-15480.0,-19992.0,1141.7435897435898,4388.0,7523.2,2996.7676186184335,1752.0,12420.0,10668.0,8128.0,7844.0,-284.0,682.1538461538462,2868.0,-6133.825,7010.757009366035,-17903.0,9260.0,27163.0,9188.0,311.0,-8877.0,1572.6923076923076,4148.0,3400.475,4358.096545439877,-6194.0,9617.0,15811.0,-6015.0,1981.0,7996.0,1100.4102564102564,3808.0,1217.975,2600.5220580443074,-5469.0,6299.0,11768.0,814.0,-1043.0,-1857.0,1803.6153846153845,11755.0,exercise_4_hand_wave,exercise_4_hand_wave_6
0.0,0.0,0.0,0.0,0.0,0.0,0.0,0.0,0.0,0.0,0.0,0.0,0.0,0.0,0.0,0.0,0.0,0.0,0.0,0.0,0.0,0.0,0.0,0.0,0.0,0.0,0.0,0.0,0.0,0.0,0.0,0.0,0.0,0.0,0.0,0.0,0.0,0.0,0.0,0.0,0.0,0.0,0.0,0.0,0.0,0.0,0.0,0.0,0.0,0.0,8269.9,3043.6767223212128,4004.0,13824.0,9820.0,13364.0,13824.0,460.0,642.3589743589744,2252.0,-9217.4,5219.385753132259,-16900.0,2512.0,19412.0,2512.0,-3104.0,-5616.0,1132.7179487179487,3900.0,9535.2,1385.5526550802751,7056.0,12420.0,5364.0,8624.0,7964.0,-660.0,494.46153846153845,1296.0,-1468.95,9659.50971051326,-17903.0,12149.0,30052.0,-12819.0,12149.0,24968.0,1535.8974358974358,4148.0,1072.4,5324.158571079565,-7881.0,9617.0,17498.0,7786.0,-7881.0,-15667.0,1097.6666666666667,3492.0,110.2,3413.4131173943774,-9874.0,6299.0,16173.0,2658.0,-797.0,-3455.0,1854.128205128205,11755.0,exercise_4_hand_wave,exercise_4_hand_wave_6
0.0,0.0,0.0,0.0,0.0,0.0,0.0,0.0,0.0,0.0,0.0,0.0,0.0,0.0,0.0,0.0,0.0,0.0,0.0,0.0,0.0,0.0,0.0,0.0,0.0,0.0,0.0,0.0,0.0,0.0,0.0,0.0,0.0,0.0,0.0,0.0,0.0,0.0,0.0,0.0,0.0,0.0,0.0,0.0,0.0,0.0,0.0,0.0,0.0,0.0,12555.5,4496.85696348016,4200.0,17684.0,13484.0,4200.0,14580.0,10380.0,596.4102564102565,2004.0,-3466.8,7068.154565372776,-15056.0,5548.0,20604.0,-14796.0,732.0,15528.0,897.6410256410256,3900.0,6545.7,2909.3057436440054,2252.0,10528.0,8276.0,7968.0,5748.0,-2220.0,498.56410256410254,1684.0,4380.875,7161.216622151225,-12397.0,13000.0,25397.0,1459.0,-12397.0,-13856.0,1227.7948717948718,2707.0,-1772.55,4398.997220674275,-7881.0,8010.0,15891.0,533.0,8010.0,7477.0,943.2051282051282,3076.0,-1199.075,2108.580439389258,-9874.0,2110.0,11984.0,-1377.0,2110.0,3487.0,1160.179487179487,6897.0,exercise_4_hand_wave,exercise_4_hand_wave_6
0.0,0.0,0.0,0.0,0.0,0.0,0.0,0.0,0.0,0.0,0.0,0.0,0.0,0.0,0.0,0.0,0.0,0.0,0.0,0.0,0.0,0.0,0.0,0.0,0.0,0.0,0.0,0.0,0.0,0.0,0.0,0.0,0.0,0.0,0.0,0.0,0.0,0.0,0.0,0.0,0.0,0.0,0.0,0.0,0.0,0.0,0.0,0.0,0.0,0.0,13051.6,4272.890525159754,4284.0,17684.0,13400.0,15828.0,4284.0,-11544.0,475.28205128205127,1196.0,-2623.5,7054.196662271332,-18232.0,5548.0,23780.0,-1068.0,-18232.0,-17164.0,1165.8461538461538,8012.0,6246.5,2807.312834366701,2252.0,10208.0,7956.0,7536.0,5608.0,-1928.0,552.0,1844.0,-4374.5,8586.948089979349,-12874.0,13000.0,25874.0,12611.0,-3331.0,-15942.0,1180.2564102564102,3668.0,2599.025,4897.520640525673,-7332.0,8374.0,15706.0,-7332.0,2224.0,9556.0,870.2564102564103,3735.0,1871.675,4412.686553492668,-3288.0,19947.0,23235.0,-598.0,-283.0,315.0,2150.6923076923076,19126.0,exercise_4_hand_wave,exercise_4_hand_wave_6
0.0,0.0,0.0,0.0,0.0,0.0,0.0,0.0,0.0,0.0,0.0,0.0,0.0,0.0,0.0,0.0,0.0,0.0,0.0,0.0,0.0,0.0,0.0,0.0,0.0,0.0,0.0,0.0,0.0,0.0,0.0,0.0,0.0,0.0,0.0,0.0,0.0,0.0,0.0,0.0,0.0,0.0,0.0,0.0,0.0,0.0,0.0,0.0,0.0,0.0,9072.6,3785.047270510634,3836.0,14712.0,10876.0,14712.0,14688.0,-24.0,597.3333333333334,1832.0,-9431.4,5644.307188663635,-18232.0,1192.0,19424.0,-4.0,-3112.0,-3108.0,1381.025641025641,8012.0,7813.8,1427.018416139049,5608.0,10208.0,4600.0,6276.0,6052.0,-224.0,482.05128205128204,1844.0,-2013.95,8738.505183811474,-12874.0,10286.0,23160.0,-11608.0,9869.0,21477.0,1116.7435897435898,3668.0,627.175,5438.964703358077,-7226.0,8374.0,15600.0,7380.0,-7226.0,-14606.0,859.7948717948718,3735.0,-37.925,5906.5236661995195,-9406.0,19947.0,29353.0,-742.0,-5046.0,-4304.0,2433.6923076923076,19126.0,exercise_4_hand_wave,exercise_4_hand_wave_6
0.0,0.0,0.0,0.0,0.0,0.0,0.0,0.0,0.0,0.0,0.0,0.0,0.0,0.0,0.0,0.0,0.0,0.0,0.0,0.0,0.0,0.0,0.0,0.0,0.0,0.0,0.0,0.0,0.0,0.0,0.025,0.15612494995995996,0.0,1.0,1.0,0.0,1.0,1.0,0.02564102564102564,1.0,0.0,0.0,0.0,0.0,0.0,0.0,0.0,0.0,0.0,0.0,12721.8,5149.716803864073,3836.0,18840.0,15004.0,4112.0,13012.0,8900.0,760.5128205128206,2116.0,-5287.0,6624.002883453479,-16864.0,2488.0,19352.0,-16864.0,-4540.0,12324.0,1063.076923076923,2944.0,3850.7,3753.034973191697,-4192.0,8956.0,13148.0,6016.0,2460.0,-3556.0,703.2820512820513,3068.0,1898.25,7376.52917960066,-15244.0,10286.0,25530.0,-163.0,-15244.0,-15081.0,1305.4102564102564,3936.0,-1562.5,6328.125121234567,-7719.0,17085.0,24804.0,2325.0,17085.0,14760.0,1659.7948717948718,5363.0,-1700.325,3703.4607895014897,-9406.0,4650.0,14056.0,-1313.0,4579.0,5892.0,1368.1025641025642,4286.0,exercise_4_hand_wave,exercise_4_hand_wave_6
0.0,0.0,0.0,0.0,0.0,0.0,0.0,0.0,0.0,0.0,0.0,0.0,0.0,0.0,0.0,0.0,0.0,0.0,0.0,0.0,0.0,0.0,0.0,0.0,0.0,0.0,0.0,0.0,0.0,0.0,0.525,0.4993746088859546,0.0,1.0,1.0,0.0,1.0,1.0,0.02564102564102564,1.0,0.0,0.0,0.0,0.0,0.0,0.0,0.0,0.0,0.0,0.0,12236.8,4988.119260803614,4996.0,18840.0,13844.0,15388.0,10440.0,-4948.0,780.8205128205128,2116.0,-5170.0,5746.058753615385,-13656.0,2488.0,16144.0,-1380.0,-9404.0,-8024.0,1382.7692307692307,5220.0,5619.9,5538.511026440229,-4192.0,13284.0,17476.0,4960.0,9752.0,4792.0,1030.3589743589744,3068.0,-1882.1,6944.609181948254,-15244.0,9127.0,24371.0,9127.0,5873.0,-3254.0,1590.820512820513,5551.0,1785.575,8359.844250605092,-10330.0,18743.0,29073.0,-7719.0,-8944.0,-1225.0,2100.641025641026,5363.0,1903.45,3679.380490993015,-4706.0,10614.0,15320.0,-4378.0,-1270.0,3108.0,1789.025641025641,6445.0,exercise_4_hand_wave,exercise_4_hand_wave_6
0.0,0.0,0.0,0.0,0.0,0.0,0.0,0.0,0.0,0.0,0.0,0.0,0.0,0.0,0.0,0.0,0.0,0.0,0.0,0.0,0.0,0.0,0.0,0.0,0.0,0.0,0.0,0.0,0.0,0.0,1.0,0.0,1.0,1.0,0.0,1.0,1.0,0.0,0.0,0.0,0.275,0.4465142774872938,0.0,1.0,1.0,0.0,1.0,1.0,0.02564102564102564,1.0,11512.4,4417.477271022455,4996.0,17552.0,12556.0,11212.0,16600.0,5388.0,554.974358974359,1900.0,-5767.1,5872.5987084084,-13656.0,4728.0,18384.0,-6068.0,2040.0,8108.0,1527.2820512820513,5220.0,7181.1,4279.264515077329,-228.0,13284.0,13512.0,4160.0,2268.0,-1892.0,840.1025641025641,3016.0,707.025,5407.073254023381,-13964.0,7064.0,21028.0,-13964.0,-4660.0,9304.0,1326.7179487179487,5551.0,-404.775,7717.535945777965,-10330.0,18743.0,29073.0,18743.0,5307.0,-13436.0,1416.7692307692307,3299.0,62.825,4870.686224175706,-6879.0,10614.0,17493.0,6137.0,5624.0,-513.0,1858.7948717948718,6445.0,exercise_4_hand_wave,exercise_4_hand_wave_6
0.0,0.0,0.0,0.0,0.0,0.0,0.0,0.0,0.0,0.0,0.0,0.0,0.0,0.0,0.0,0.0,0.0,0.0,0.0,0.0,0.0,0.0,0.0,0.0,0.0,0.0,0.0,0.0,0.0,0.0,0.925,0.26339134382131846,0.0,1.0,1.0,1.0,0.0,-1.0,0.02564102564102564,1.0,0.375,0.4841229182759271,0.0,1.0,1.0,0.0,0.0,0.0,0.10256410256410256,1.0,11714.3,5610.239416459872,-1328.0,17552.0,18880.0,10624.0,-1328.0,-11952.0,692.3076923076923,2680.0,-4560.0,5819.208743463324,-12900.0,4728.0,17628.0,-8120.0,-12304.0,-4184.0,1375.3846153846155,5528.0,6400.3,4332.884525347981,-228.0,15012.0,15240.0,8468.0,12900.0,4432.0,791.7948717948718,3396.0,915.35,4033.6735834100405,-7674.0,7064.0,14738.0,4033.0,-2142.0,-6175.0,1373.3076923076924,5963.0,3140.4,7541.048225545304,-9462.0,12768.0,22230.0,-8561.0,9905.0,18466.0,1010.6153846153846,2935.0,2053.05,8116.252432465367,-6879.0,25808.0,32687.0,-4837.0,6434.0,11271.0,2537.153846153846,10704.0,exercise_4_hand_wave,exercise_4_hand_wave_6
0.0,0.0,0.0,0.0,0.0,0.0,0.0,0.0,0.0,0.0,0.0,0.0,0.0,0.0,0.0,0.0,0.0,0.0,0.0,0.0,0.0,0.0,0.0,0.0,0.0,0.0,0.0,0.0,0.0,0.0,0.425,0.49434299833212947,0.0,1.0,1.0,1.0,0.0,-1.0,0.02564102564102564,1.0,0.1,0.2999999999999997,0.0,1.0,1.0,0.0,0.0,0.0,0.05128205128205128,1.0,6042.6,6062.320648068691,-3192.0,16232.0,19424.0,16232.0,12320.0,-3912.0,986.6666666666666,2680.0,-8646.0,4466.464104859682,-13084.0,240.0,13324.0,240.0,-880.0,-1120.0,1245.3333333333333,5528.0,10480.2,3226.6596907638095,2676.0,15012.0,12336.0,2676.0,10536.0,7860.0,830.2564102564103,3396.0,819.825,4082.000244288944,-7674.0,8361.0,16035.0,-4229.0,8101.0,12330.0,1358.4615384615386,5963.0,3728.975,6941.869605832063,-8193.0,12768.0,20961.0,5871.0,-4789.0,-10660.0,1138.7179487179487,3779.0,-272.05,10200.477873487103,-17499.0,25808.0,43307.0,7285.0,-2711.0,-9996.0,3102.6153846153848,10704.0,exercise_4_hand_wave,exercise_4_hand_wave_6
0.0,0.0,0.0,0.0,0.0,0.0,0.0,0.0,0.0,0.0,0.0,0.0,0.0,0.0,0.0,0.0,0.0,0.0,0.0,0.0,0.0,0.0,0.0,0.0,0.0,0.0,0.0,0.0,0.0,0.0,0.0,0.0,0.0,0.0,0.0,0.0,0.0,0.0,0.0,0.0,0.0,0.0,0.0,0.0,0.0,0.0,0.0,0.0,0.0,0.0,9688.1,6993.665104221103,-3192.0,16316.0,19508.0,-1148.0,13952.0,15100.0,776.5128205128206,2044.0,-2006.2,7907.627049880387,-13084.0,8936.0,22020.0,-10840.0,3404.0,14244.0,942.8717948717949,2456.0,8705.8,3555.59670941461,3404.0,14624.0,11220.0,14624.0,7212.0,-7412.0,590.2564102564103,2516.0,962.1,6053.3634856994995,-12091.0,8361.0,20452.0,-2137.0,-12091.0,-9954.0,1093.8974358974358,4527.0,-1222.175,4464.196847628361,-8193.0,7331.0,15524.0,7331.0,6982.0,-349.0,1038.7948717948718,3779.0,-4581.25,5347.000686132366,-17499.0,3334.0,20833.0,909.0,1314.0,405.0,1773.3076923076924,7121.0,exercise_4_hand_wave,exercise_4_hand_wave_6
0.0,0.0,0.0,0.0,0.0,0.0,0.0,0.0,0.0,0.0,0.0,0.0,0.0,0.0,0.0,0.0,0.0,0.0,0.0,0.0,0.0,0.0,0.0,0.0,0.0,0.0,0.0,0.0,0.0,0.0,0.0,0.0,0.0,0.0,0.0,0.0,0.0,0.0,0.0,0.0,0.0,0.0,0.0,0.0,0.0,0.0,0.0,0.0,0.0,0.0,12881.5,2705.038215996218,8436.0,16316.0,7880.0,12948.0,8948.0,-4000.0,482.6666666666667,1820.0,-1378.9,7667.060609516531,-14624.0,8936.0,23560.0,-388.0,-11452.0,-11064.0,1050.2564102564102,2760.0,7162.7,2177.5015752003487,3404.0,10236.0,6832.0,8968.0,7836.0,-1132.0,519.8974358974359,1760.0,-4674.85,7484.274258570434,-16112.0,8032.0,24144.0,8032.0,1265.0,-6767.0,1497.6153846153845,5965.0,1607.6,3692.0863058709774,-6110.0,6982.0,13092.0,-6110.0,-310.0,5800.0,831.8974358974359,2959.0,830.575,3556.3546988981566,-6086.0,9032.0,15118.0,-2989.0,509.0,3498.0,1633.7435897435898,7121.0,exercise_4_hand_wave,exercise_4_hand_wave_6
0.0,0.0,0.0,0.0,0.0,0.0,0.0,0.0,0.0,0.0,0.0,0.0,0.0,0.0,0.0,0.0,0.0,0.0,0.0,0.0,0.0,0.0,0.0,0.0,0.0,0.0,0.0,0.0,0.0,0.0,0.0,0.0,0.0,0.0,0.0,0.0,0.0,0.0,0.0,0.0,0.0,0.0,0.0,0.0,0.0,0.0,0.0,0.0,0.0,0.0,10335.4,1540.0926076051403,8344.0,13116.0,4772.0,13116.0,12608.0,-508.0,384.3076923076923,1820.0,-9016.2,4209.418672453478,-14624.0,3304.0,17928.0,3304.0,-4660.0,-7964.0,884.6153846153846,2760.0,8560.9,912.3812744680812,7048.0,10236.0,3188.0,8768.0,9376.0,608.0,340.5128205128205,1760.0,-2082.9,7980.254863724592,-16112.0,9525.0,25637.0,-14240.0,9093.0,23333.0,1156.6410256410256,5965.0,1159.775,2724.7852895916403,-3342.0,6471.0,9813.0,6471.0,-2841.0,-9312.0,693.8974358974359,2391.0,1019.0,2995.6101381855415,-4348.0,9032.0,13380.0,4066.0,-873.0,-4939.0,1285.2564102564102,5417.0,exercise_4_hand_wave,exercise_4_hand_wave_6
0.0,0.0,0.0,0.0,0.0,0.0,0.0,0.0,0.0,0.0,0.0,0.0,0.0,0.0,0.0,0.0,0.0,0.0,0.0,0.0,0.0,0.0,0.0,0.0,0.0,0.0,0.0,0.0,0.0,0.0,0.0,0.0,0.0,0.0,0.0,0.0,0.0,0.0,0.0,0.0,0.0,0.0,0.0,0.0,0.0,0.0,0.0,0.0,0.0,0.0,12740.1,2894.3353623932385,8344.0,16556.0,8212.0,9156.0,16116.0,6960.0,331.6923076923077,912.0,-4218.9,6613.313601365051,-13204.0,5068.0,18272.0,-11944.0,3804.0,15748.0,780.8205128205128,4464.0,7563.9,1301.6624716108245,5388.0,9560.0,4172.0,7480.0,6628.0,-852.0,338.7692307692308,2224.0,4213.95,4955.9870053804625,-8122.0,11330.0,19452.0,-263.0,-8122.0,-7859.0,893.2564102564103,2539.0,-943.2,2299.5520889947243,-4441.0,4486.0,8927.0,1053.0,4486.0,3433.0,583.7179487179487,1491.0,-978.525,1545.9710215185148,-5623.0,1820.0,7443.0,274.0,1214.0,940.0,1076.871794871795,7443.0,exercise_4_hand_wave,exercise_4_hand_wave_6
0.0,0.0,0.0,0.0,0.0,0.0,0.0,0.0,0.0,0.0,0.0,0.0,0.0,0.0,0.0,0.0,0.0,0.0,0.0,0.0,0.0,0.0,0.0,0.0,0.0,0.0,0.0,0.0,0.0,0.0,0.0,0.0,0.0,0.0,0.0,0.0,0.0,0.0,0.0,0.0,0.0,0.0,0.0,0.0,0.0,0.0,0.0,0.0,0.0,0.0,13358.8,3010.567414956855,6444.0,16556.0,10112.0,13064.0,6728.0,-6336.0,531.6923076923077,1920.0,-1898.4,5762.478411239386,-16296.0,5068.0,21364.0,-3916.0,-16296.0,-12380.0,1350.051282051282,6588.0,7856.0,1598.4254752724632,5388.0,10560.0,5172.0,8992.0,7236.0,-1756.0,560.7179487179487,2348.0,-2585.475,7860.185064575452,-11830.0,11330.0,23160.0,9673.0,-6023.0,-15696.0,1076.7692307692307,4150.0,2163.65,3752.021918579367,-4441.0,7190.0,11631.0,-3904.0,4378.0,8282.0,812.5128205128206,3547.0,1333.475,2994.833835019065,-5623.0,9945.0,15568.0,-1397.0,387.0,1784.0,1617.2307692307693,7443.0,exercise_4_hand_wave,exercise_4_hand_wave_6
0.0,0.0,0.0,0.0,0.0,0.0,0.0,0.0,0.0,0.0,0.0,0.0,0.0,0.0,0.0,0.0,0.0,0.0,0.0,0.0,0.0,0.0,0.0,0.0,0.0,0.0,0.0,0.0,0.0,0.0,0.0,0.0,0.0,0.0,0.0,0.0,0.0,0.0,0.0,0.0,0.0,0.0,0.0,0.0,0.0,0.0,0.0,0.0,0.0,0.0,9756.4,3133.449447493928,5316.0,15536.0,10220.0,15536.0,13668.0,-1868.0,664.7179487179487,1920.0,-8418.5,5389.101571690777,-16296.0,2180.0,18476.0,2180.0,-3632.0,-5812.0,1303.4871794871794,6588.0,8837.5,827.7403880444641,7000.0,10560.0,3560.0,7000.0,9120.0,2120.0,541.9487179487179,2348.0,-2369.275,7514.925967657631,-11830.0,11311.0,23141.0,-9170.0,9919.0,19089.0,1020.5384615384615,4150.0,1718.475,4174.785802813721,-7043.0,7190.0,14233.0,4924.0,-5722.0,-10646.0,994.9230769230769,3547.0,578.375,3660.862355289393,-6453.0,9945.0,16398.0,1766.0,-2074.0,-3840.0,1787.076923076923,5783.0,exercise_4_hand_wave,exercise_4_hand_wave_6
0.0,0.0,0.0,0.0,0.0,0.0,0.0,0.0,0.0,0.0,0.0,0.0,0.0,0.0,0.0,0.0,0.0,0.0,0.0,0.0,0.0,0.0,0.0,0.0,0.0,0.0,0.0,0.0,0.0,0.0,0.0,0.0,0.0,0.0,0.0,0.0,0.0,0.0,0.0,0.0,0.0,0.0,0.0,0.0,0.0,0.0,0.0,0.0,0.0,0.0,12097.5,4411.293659460907,5316.0,17940.0,12624.0,6280.0,15720.0,9440.0,586.0512820512821,1344.0,-4867.4,7118.844431507125,-14576.0,4308.0,18884.0,-14576.0,3040.0,17616.0,842.0512820512821,2928.0,7056.8,2063.2411783405255,3348.0,9664.0,6316.0,8592.0,5628.0,-2964.0,540.0,2020.0,3460.5,5811.614526102019,-10417.0,11585.0,22002.0,-2167.0,-10417.0,-8250.0,1127.4358974358975,3494.0,-1235.1,4064.766966260182,-8392.0,8131.0,16523.0,4334.0,8131.0,3797.0,1106.7948717948718,2957.0,-1528.025,1974.010226512264,-6453.0,1216.0,7669.0,-831.0,1026.0,1857.0,1437.6666666666667,5177.0,exercise_4_hand_wave,exercise_4_hand_wave_6
0.0,0.0,0.0,0.0,0.0,0.0,0.0,0.0,0.0,0.0,0.0,0.0,0.0,0.0,0.0,0.0,0.0,0.0,0.0,0.0,0.0,0.0,0.0,0.0,0.0,0.0,0.0,0.0,0.0,0.0,0.0,0.0,0.0,0.0,0.0,0.0,0.0,0.0,0.0,0.0,0.0,0.0,0.0,0.0,0.0,0.0,0.0,0.0,0.0,0.0,13180.8,3425.7724617960253,7560.0,17940.0,10380.0,13176.0,8440.0,-4736.0,537.2307692307693,1468.0,-3484.5,6614.232362867213,-15208.0,4308.0,19516.0,-3292.0,-12528.0,-9236.0,1013.2307692307693,3428.0,6607.4,1857.6991252622154,3348.0,10004.0,6656.0,8928.0,6816.0,-2112.0,640.0,2020.0,-3222.775,8302.266872630329,-14729.0,11585.0,26314.0,8947.0,447.0,-8500.0,1187.8974358974358,3494.0,1971.175,4740.885264839785,-8392.0,8981.0,17373.0,-4492.0,115.0,4607.0,925.1025641025641,2957.0,997.725,2657.8272704175115,-5717.0,6716.0,12433.0,-2401.0,240.0,2641.0,1380.2307692307693,5177.0,exercise_4_hand_wave,exercise_4_hand_wave_6
0.0,0.0,0.0,0.0,0.0,0.0,0.0,0.0,0.0,0.0,0.0,0.0,0.0,0.0,0.0,0.0,0.0,0.0,0.0,0.0,0.0,0.0,0.0,0.0,0.0,0.0,0.0,0.0,0.0,0.0,0.0,0.0,0.0,0.0,0.0,0.0,0.0,0.0,0.0,0.0,0.0,0.0,0.0,0.0,0.0,0.0,0.0,0.0,0.0,0.0,10499.1,2454.2390246265745,6504.0,15600.0,9096.0,14976.0,15600.0,624.0,569.2307692307693,1468.0,-8762.6,5038.820778714004,-16112.0,1660.0,17772.0,1660.0,-1760.0,-3420.0,1026.1538461538462,3428.0,7527.7,984.1798158873204,5300.0,10004.0,4704.0,6444.0,5300.0,-1144.0,451.6923076923077,1136.0,-663.075,9658.536365276832,-14729.0,11997.0,26726.0,-12103.0,11970.0,24073.0,900.1794871794872,3393.0,543.1,4997.415896240776,-7750.0,8981.0,16731.0,8480.0,-7655.0,-16135.0,691.2051282051282,1905.0,256.375,3262.649496095926,-5159.0,6716.0,11875.0,1671.0,-2281.0,-3952.0,1249.4358974358975,4453.0,exercise_4_hand_wave,exercise_4_hand_wave_6
0.0,0.0,0.0,0.0,0.0,0.0,0.0,0.0,0.0,0.0,0.0,0.0,0.0,0.0,0.0,0.0,0.0,0.0,0.0,0.0,0.0,0.0,0.0,0.0,0.0,0.0,0.0,0.0,0.0,0.0,0.0,0.0,0.0,0.0,0.0,0.0,0.0,0.0,0.0,0.0,0.0,0.0,0.0,0.0,0.0,0.0,0.0,0.0,0.0,0.0,12800.6,3418.3273746088157,7256.0,18428.0,11172.0,7324.0,14068.0,6744.0,445.3333333333333,2308.0,1650.0,2549.294961356963,-2968.0,6612.0,9580.0,-2968.0,1876.0,4844.0,455.8974358974359,1640.0,9505.3,4442.230015431439,1900.0,15780.0,13880.0,15616.0,8396.0,-7220.0,585.1282051282051,2252.0,905.65,5221.417602289631,-9850.0,5604.0,15454.0,1447.0,-9840.0,-11287.0,572.8974358974359,2944.0,-1126.15,3891.706107544607,-5658.0,6691.0,12349.0,-115.0,5121.0,5236.0,668.5128205128206,2743.0,867.0,1419.2864580485505,-1969.0,3048.0,5017.0,1426.0,-1969.0,-3395.0,667.3589743589744,2623.0,exercise_4_hand_wave,exercise_4_hand_wave_7
0.0,0.0,0.0,0.0,0.0,0.0,0.0,0.0,0.0,0.0,0.0,0.0,0.0,0.0,0.0,0.0,0.0,0.0,0.0,0.0,0.0,0.0,0.0,0.0,0.0,0.0,0.0,0.0,0.0,0.0,0.0,0.0,0.0,0.0,0.0,0.0,0.0,0.0,0.0,0.0,0.0,0.0,0.0,0.0,0.0,0.0,0.0,0.0,0.0,0.0,12084.3,4690.250090346996,-336.0,18428.0,18764.0,14620.0,-336.0,-14956.0,729.3333333333334,2400.0,-1759.5,7102.38986187044,-18508.0,6612.0,25120.0,2440.0,-18508.0,-20948.0,1426.3589743589744,5744.0,7750.4,2887.2985020603605,1900.0,12196.0,10296.0,8548.0,6704.0,-1844.0,718.4615384615385,2256.0,-6097.4,6025.838957356892,-14092.0,4680.0,18772.0,4680.0,-6362.0,-11042.0,1348.871794871795,5890.0,3607.825,4339.093176503014,-5658.0,9264.0,14922.0,-3218.0,5301.0,8519.0,871.3076923076923,2743.0,2012.55,4807.804737871537,-5398.0,17912.0,23310.0,1863.0,4406.0,2543.0,2811.923076923077,14650.0,exercise_4_hand_wave,exercise_4_hand_wave_7
0.0,0.0,0.0,0.0,0.0,0.0,0.0,0.0,0.0,0.0,0.0,0.0,0.0,0.0,0.0,0.0,0.0,0.0,0.0,0.0,0.0,0.0,0.0,0.0,0.0,0.0,0.0,0.0,0.0,0.0,0.0,0.0,0.0,0.0,0.0,0.0,0.0,0.0,0.0,0.0,0.0,0.0,0.0,0.0,0.0,0.0,0.0,0.0,0.0,0.0,6657.8,4382.403536873346,-1408.0,13900.0,15308.0,13900.0,10004.0,-3896.0,897.8461538461538,2732.0,-10179.0,5950.65628313382,-18512.0,1464.0,19976.0,1464.0,-6556.0,-8020.0,1772.6153846153845,5744.0,8915.5,2032.8368724518946,4312.0,12196.0,7884.0,8932.0,10508.0,1576.0,640.8205128205128,2256.0,-2522.9,8485.099936948298,-14092.0,9779.0,23871.0,-9571.0,9419.0,18990.0,1574.7692307692307,5890.0,2134.05,4756.468616263541,-5711.0,9264.0,14975.0,5453.0,-5425.0,-10878.0,1243.2820512820513,4463.0,360.15,6068.982272795002,-9692.0,17912.0,27604.0,612.0,-1985.0,-2597.0,3393.153846153846,14650.0,exercise_4_hand_wave,exercise_4_hand_wave_7
0.0,0.0,0.0,0.0,0.0,0.0,0.0,0.0,0.0,0.0,0.0,0.0,0.0,0.0,0.0,0.0,0.0,0.0,0.0,0.0,0.0,0.0,0.0,0.0,0.0,0.0,0.0,0.0,0.0,0.0,0.0,0.0,0.0,0.0,0.0,0.0,0.0,0.0,0.0,0.0,0.0,0.0,0.0,0.0,0.0,0.0,0.0,0.0,0.0,0.0,9766.4,5846.841321602631,-1408.0,17384.0,18792.0,-524.0,14968.0,15492.0,768.5128205128206,2732.0,-4966.3,9244.014966993507,-18512.0,9076.0,27588.0,-15700.0,3408.0,19108.0,1391.6923076923076,5712.0,7084.4,2447.484226711176,2992.0,10688.0,7696.0,7220.0,6300.0,-920.0,693.7435897435897,2660.0,4499.375,7068.893823249505,-10131.0,17670.0,27801.0,-5820.0,-10131.0,-4311.0,1555.1025641025642,4859.0,-2098.7,3748.3311099741445,-9932.0,4279.0,14211.0,3604.0,4215.0,611.0,1383.4615384615386,4463.0,-2391.025,3820.2071049060946,-9692.0,5858.0,15550.0,2656.0,1991.0,-665.0,2240.076923076923,9583.0,exercise_4_hand_wave,exercise_4_hand_wave_7
0.0,0.0,0.0,0.0,0.0,0.0,0.0,0.0,0.0,0.0,0.0,0.0,0.0,0.0,0.0,0.0,0.0,0.0,0.0,0.0,0.0,0.0,0.0,0.0,0.0,0.0,0.0,0.0,0.0,0.0,0.0,0.0,0.0,0.0,0.0,0.0,0.0,0.0,0.0,0.0,0.0,0.0,0.0,0.0,0.0,0.0,0.0,0.0,0.0,0.0,12841.5,3357.6981028674986,4952.0,17384.0,12432.0,11512.0,4952.0,-6560.0,609.2307692307693,2356.0,-1631.6,7356.563480321501,-17104.0,9076.0,26180.0,-5996.0,-17104.0,-11108.0,1402.5641025641025,5712.0,7090.5,2101.2262491221645,2992.0,10336.0,7344.0,10336.0,6668.0,-3668.0,652.6153846153846,2660.0,-2927.8,9311.990230879754,-12308.0,17670.0,29978.0,10028.0,-4226.0,-14254.0,1416.051282051282,4859.0,1379.525,4771.231911087009,-9932.0,6388.0,16320.0,-6437.0,3206.0,9643.0,903.8205128205128,3296.0,1936.9,4731.270087407819,-9192.0,9480.0,18672.0,-2712.0,4980.0,7692.0,2215.897435897436,9583.0,exercise_4_hand_wave,exercise_4_hand_wave_7
0.0,0.0,0.0,0.0,0.0,0.0,0.0,0.0,0.0,0.0,0.0,0.0,0.0,0.0,0.0,0.0,0.0,0.0,0.0,0.0,0.0,0.0,0.0,0.0,0.0,0.0,0.0,0.0,0.0,0.0,0.0,0.0,0.0,0.0,0.0,0.0,0.0,0.0,0.0,0.0,0.0,0.0,0.0,0.0,0.0,0.0,0.0,0.0,0.0,0.0,9321.3,4028.4237500541076,2828.0,14856.0,12028.0,14856.0,13712.0,-1144.0,622.1538461538462,2056.0,-8789.3,6499.072203784168,-18884.0,2620.0,21504.0,2620.0,-560.0,-3180.0,1170.1538461538462,3772.0,7464.4,980.1586810307808,5640.0,9248.0,3608.0,6916.0,6012.0,-904.0,505.84615384615387,1660.0,-1441.6,9250.873031233323,-12308.0,12361.0,24669.0,-10558.0,12076.0,22634.0,1021.0769230769231,3178.0,770.375,4497.423327236941,-7506.0,6388.0,13894.0,4237.0,-7506.0,-11743.0,763.3076923076923,2083.0,354.425,6229.321599851384,-12012.0,9480.0,21492.0,2525.0,-2374.0,-4899.0,1899.0,5256.0,exercise_4_hand_wave,exercise_4_hand_wave_7
0.0,0.0,0.0,0.0,0.0,0.0,0.0,0.0,0.0,0.0,0.0,0.0,0.0,0.0,0.0,0.0,0.0,0.0,0.0,0.0,0.0,0.0,0.0,0.0,0.0,0.0,0.0,0.0,0.0,0.0,0.0,0.0,0.0,0.0,0.0,0.0,0.0,0.0,0.0,0.0,0.0,0.0,0.0,0.0,0.0,0.0,0.0,0.0,0.0,0.0,12018.0,5344.191014550284,2828.0,18760.0,15932.0,4096.0,12492.0,8396.0,720.9230769230769,1924.0,-3784.8,8804.60385025925,-18884.0,8332.0,27216.0,-16056.0,-2576.0,13480.0,1228.7179487179487,2984.0,4568.5,3078.0625318534385,-424.0,8028.0,8452.0,6980.0,7804.0,824.0,669.9487179487179,2752.0,2311.8,9460.254465922151,-15593.0,12708.0,28301.0,-2526.0,-13861.0,-11335.0,1267.4615384615386,3800.0,-407.025,6048.971873333104,-8387.0,12048.0,20435.0,2258.0,9111.0,6853.0,1037.6153846153845,2709.0,-2014.2,5123.773961641947,-12012.0,7760.0,19772.0,3905.0,4850.0,945.0,1846.948717948718,5820.0,exercise_4_hand_wave,exercise_4_hand_wave_7
0.0,0.0,0.0,0.0,0.0,0.0,0.0,0.0,0.0,0.0,0.0,0.0,0.0,0.0,0.0,0.0,0.0,0.0,0.0,0.0,0.0,0.0,0.0,0.0,0.0,0.0,0.0,0.0,0.0,0.0,0.0,0.0,0.0,0.0,0.0,0.0,0.0,0.0,0.0,0.0,0.0,0.0,0.0,0.0,0.0,0.0,0.0,0.0,0.0,0.0,10015.5,7207.85150721073,-2408.0,18760.0,21168.0,14188.0,1820.0,-12368.0,887.5897435897435,2116.0,-5240.6,9890.773015290566,-21272.0,8332.0,29604.0,-724.0,-17824.0,-17100.0,1606.4615384615386,4552.0,4207.3,3198.747991011484,-424.0,9180.0,9604.0,5264.0,4072.0,-1192.0,733.9487179487179,2916.0,-4472.875,9109.173014570259,-15593.0,12708.0,28301.0,12708.0,5786.0,-6922.0,1680.871794871795,5256.0,3482.5,5926.889669126632,-8387.0,12048.0,20435.0,-7874.0,-1172.0,6702.0,1165.6410256410256,3482.0,2575.975,5863.267188554091,-10878.0,13811.0,24689.0,-1608.0,-10878.0,-9270.0,2651.076923076923,11190.0,exercise_4_hand_wave,exercise_4_hand_wave_7
0.0,0.0,0.0,0.0,0.0,0.0,0.0,0.0,0.0,0.0,0.0,0.0,0.0,0.0,0.0,0.0,0.0,0.0,0.0,0.0,0.0,0.0,0.0,0.0,0.0,0.0,0.0,0.0,0.0,0.0,0.0,0.0,0.0,0.0,0.0,0.0,0.0,0.0,0.0,0.0,0.0,0.0,0.0,0.0,0.0,0.0,0.0,0.0,0.0,0.0,7627.2,6108.269162373251,-2408.0,18536.0,20944.0,12280.0,18228.0,5948.0,1002.1538461538462,2656.0,-9427.4,7436.854848657463,-21272.0,7252.0,28524.0,-4496.0,7252.0,11748.0,1570.3589743589744,4552.0,6056.1,2447.7654278954105,-500.0,9180.0,9680.0,8060.0,-44.0,-8104.0,727.5897435897435,2916.0,2029.05,10036.870829471703,-14406.0,13903.0,28309.0,-13136.0,6644.0,19780.0,1490.7692307692307,5256.0,-825.825,6299.60963825339,-10395.0,9599.0,19994.0,9400.0,-3135.0,-12535.0,1199.2051282051282,4081.0,-858.575,7835.479716927036,-13002.0,13811.0,26813.0,6364.0,-8058.0,-14422.0,2518.6153846153848,11190.0,exercise_4_hand_wave,exercise_4_hand_wave_7
0.0,0.0,0.0,0.0,0.0,0.0,0.0,0.0,0.0,0.0,0.0,0.0,0.0,0.0,0.0,0.0,0.0,0.0,0.0,0.0,0.0,0.0,0.0,0.0,0.0,0.0,0.0,0.0,0.0,0.0,0.0,0.0,0.0,0.0,0.0,0.0,0.0,0.0,0.0,0.0,0.0,0.0,0.0,0.0,0.0,0.0,0.0,0.0,0.0,0.0,13866.1,4224.383220068936,1636.0,18536.0,16900.0,1636.0,14312.0,12676.0,645.6410256410256,2656.0,-1187.4,6200.223644353484,-16712.0,7252.0,23964.0,-16712.0,-3716.0,12996.0,1004.4102564102565,3344.0,3968.1,3126.222703199502,-588.0,8412.0,9000.0,5864.0,5796.0,-68.0,573.025641025641,2124.0,1897.2,9628.167121004912,-11932.0,13903.0,25835.0,7466.0,-10854.0,-18320.0,1080.1025641025642,3487.0,-1365.7,5333.248532554995,-10395.0,5899.0,16294.0,-1226.0,5045.0,6271.0,959.3589743589744,4081.0,-1872.55,5563.365074080615,-13002.0,5760.0,18762.0,-11490.0,5760.0,17250.0,1549.5897435897436,7637.0,exercise_4_hand_wave,exercise_4_hand_wave_7
0.0,0.0,0.0,0.0,0.0,0.0,0.0,0.0,0.0,0.0,0.0,0.0,0.0,0.0,0.0,0.0,0.0,0.0,0.0,0.0,0.0,0.0,0.0,0.0,0.0,0.0,0.0,0.0,0.0,0.0,0.0,0.0,0.0,0.0,0.0,0.0,0.0,0.0,0.0,0.0,0.0,0.0,0.0,0.0,0.0,0.0,0.0,0.0,0.0,0.0,11389.3,5782.4359840814495,-68.0,17712.0,17780.0,17712.0,1676.0,-16036.0,535.4871794871794,1680.0,-5705.2,9134.203115762208,-20348.0,6868.0,27216.0,6868.0,-18428.0,-25296.0,1142.3589743589744,5292.0,3157.7,2263.8775386491207,-588.0,6460.0,7048.0,-272.0,2128.0,2400.0,551.7948717948718,2240.0,-5859.1,5459.976752697762,-11932.0,7345.0,19277.0,4113.0,6543.0,2430.0,1398.1538461538462,4638.0,3085.525,3529.0955285136442,-7283.0,7732.0,15015.0,-2690.0,-5256.0,-2566.0,1056.923076923077,3307.0,4536.675,4193.942103722345,-4791.0,15821.0,20612.0,-421.0,-4791.0,-4370.0,2847.5384615384614,10477.0,exercise_4_hand_wave,exercise_4_hand_wave_7
0.0,0.0,0.0,0.0,0.0,0.0,0.0,0.0,0.0,0.0,0.0,0.0,0.0,0.0,0.0,0.0,0.0,0.0,0.0,0.0,0.0,0.0,0.0,0.0,0.0,0.0,0.0,0.0,0.0,0.0,0.0,0.0,0.0,0.0,0.0,0.0,0.0,0.0,0.0,0.0,0.0,0.0,0.0,0.0,0.0,0.0,0.0,0.0,0.0,0.0,8741.9,5035.841219697063,-68.0,18152.0,18220.0,14024.0,18152.0,4128.0,862.3589743589744,1896.0,-10485.6,6528.23454235523,-20348.0,3224.0,23572.0,-5040.0,3224.0,8264.0,1387.8974358974358,5292.0,4545.9,1645.6731115261014,36.0,6956.0,6920.0,5444.0,36.0,-5408.0,743.7948717948718,2240.0,1627.175,7577.337863285165,-10627.0,11663.0,22290.0,-10459.0,9233.0,19692.0,1546.4102564102564,4638.0,-1774.25,5525.485918677198,-8679.0,7732.0,16411.0,4883.0,-8070.0,-12953.0,1388.948717948718,3639.0,-380.375,8129.178890538392,-14833.0,15821.0,30654.0,6719.0,-3913.0,-10632.0,3525.5897435897436,10477.0,exercise_4_hand_wave,exercise_4_hand_wave_7
0.0,0.0,0.0,0.0,0.0,0.0,0.0,0.0,0.0,0.0,0.0,0.0,0.0,0.0,0.0,0.0,0.0,0.0,0.0,0.0,0.0,0.0,0.0,0.0,0.0,0.0,0.0,0.0,0.0,0.0,0.0,0.0,0.0,0.0,0.0,0.0,0.0,0.0,0.0,0.0,0.0,0.0,0.0,0.0,0.0,0.0,0.0,0.0,0.0,0.0,12745.2,4678.874326160087,3452.0,19360.0,15908.0,3452.0,6536.0,3084.0,798.6666666666666,1916.0,-4372.4,6577.817133365748,-16188.0,4976.0,21164.0,-15584.0,-9824.0,5760.0,1137.025641025641,3136.0,3663.8,3224.735765919434,-1960.0,9144.0,11104.0,3828.0,8720.0,4892.0,756.6153846153846,2056.0,392.5,8627.370679992833,-13558.0,11663.0,25221.0,7162.0,-7825.0,-14987.0,1335.051282051282,5859.0,712.75,8181.104875718193,-8679.0,13872.0,22551.0,-5151.0,9534.0,14685.0,1299.6666666666667,4523.0,-1315.675,7076.245909334623,-14833.0,9861.0,24694.0,-4709.0,7694.0,12403.0,2068.3333333333335,6084.0,exercise_4_hand_wave,exercise_4_hand_wave_7
0.0,0.0,0.0,0.0,0.0,0.0,0.0,0.0,0.0,0.0,0.0,0.0,0.0,0.0,0.0,0.0,0.0,0.0,0.0,0.0,0.0,0.0,0.0,0.0,0.0,0.0,0.0,0.0,0.0,0.0,0.0,0.0,0.0,0.0,0.0,0.0,0.0,0.0,0.0,0.0,0.0,0.0,0.0,0.0,0.0,0.0,0.0,0.0,0.0,0.0,9273.2,6122.6847836549605,1476.0,19360.0,17884.0,19360.0,8724.0,-10636.0,729.5384615384615,1916.0,-8370.0,8058.302004765024,-19696.0,4976.0,24672.0,4228.0,-10992.0,-15220.0,1116.0,3136.0,4873.4,3696.833407120208,-1960.0,9204.0,11164.0,-1508.0,8636.0,10144.0,696.4102564102565,3284.0,-3567.3,6938.668936474776,-13808.0,7702.0,21510.0,7702.0,6232.0,-1470.0,1531.128205128205,5859.0,4142.75,6481.937676150551,-6461.0,13872.0,20333.0,-6461.0,-5085.0,1376.0,1264.923076923077,4523.0,1913.225,5442.456607486641,-8915.0,9945.0,18860.0,-4018.0,-8915.0,-4897.0,1905.2051282051282,7532.0,exercise_4_hand_wave,exercise_4_hand_wave_7
0.0,0.0,0.0,0.0,0.0,0.0,0.0,0.0,0.0,0.0,0.0,0.0,0.0,0.0,0.0,0.0,0.0,0.0,0.0,0.0,0.0,0.0,0.0,0.0,0.0,0.0,0.0,0.0,0.0,0.0,0.0,0.0,0.0,0.0,0.0,0.0,0.0,0.0,0.0,0.0,0.0,0.0,0.0,0.0,0.0,0.0,0.0,0.0,0.0,0.0,9157.3,5596.038412126922,1476.0,17456.0,15980.0,4740.0,17272.0,12532.0,567.6923076923077,1780.0,-8286.9,7758.867597143285,-19696.0,6072.0,25768.0,-10624.0,5900.0,16524.0,1013.6410256410256,3016.0,6576.9,2188.407181033731,332.0,9388.0,9056.0,8496.0,332.0,-8164.0,655.0769230769231,3284.0,3578.175,5675.122275720146,-13808.0,8059.0,21867.0,-5580.0,3177.0,8757.0,1109.1025641025642,5261.0,-1881.8,4366.847834536944,-6255.0,10564.0,16819.0,10564.0,-1047.0,-11611.0,923.4102564102565,3547.0,-2438.05,4436.707895219158,-9096.0,9945.0,19041.0,9945.0,-188.0,-10133.0,1600.4358974358975,7532.0,exercise_4_hand_wave,exercise_4_hand_wave_7
0.0,0.0,0.0,0.0,0.0,0.0,0.0,0.0,0.0,0.0,0.0,0.0,0.0,0.0,0.0,0.0,0.0,0.0,0.0,0.0,0.0,0.0,0.0,0.0,0.0,0.0,0.0,0.0,0.0,0.0,0.0,0.0,0.0,0.0,0.0,0.0,0.0,0.0,0.0,0.0,0.0,0.0,0.0,0.0,0.0,0.0,0.0,0.0,0.0,0.0,14593.3,2211.436526333053,9084.0,17496.0,8412.0,9084.0,11476.0,2392.0,424.61538461538464,1264.0,-932.4,4874.286721152132,-9092.0,6572.0,15664.0,-9092.0,-8992.0,100.0,858.5641025641025,2244.0,4983.2,3090.230179129056,-52.0,9388.0,9440.0,8604.0,7088.0,-1516.0,575.0769230769231,1364.0,-1436.85,9143.377826465447,-13704.0,8059.0,21763.0,5808.0,-11725.0,-17533.0,883.4615384615385,2453.0,423.425,5209.340615123473,-6255.0,9561.0,15816.0,-4155.0,2263.0,6418.0,785.3846153846154,2628.0,-563.4,4022.4016196794673,-9096.0,5394.0,14490.0,-9096.0,3739.0,12835.0,1062.8974358974358,2587.0,exercise_4_hand_wave,exercise_4_hand_wave_7
0.0,0.0,0.0,0.0,0.0,0.0,0.0,0.0,0.0,0.0,0.0,0.0,0.0,0.0,0.0,0.0,0.0,0.0,0.0,0.0,0.0,0.0,0.0,0.0,0.0,0.0,0.0,0.0,0.0,0.0,0.0,0.0,0.0,0.0,0.0,0.0,0.0,0.0,0.0,0.0,0.0,0.0,0.0,0.0,0.0,0.0,0.0,0.0,0.0,0.0,12873.5,2844.1119088390315,8440.0,17496.0,9056.0,17152.0,15196.0,-1956.0,498.56410256410254,1560.0,-5971.4,7439.999384408576,-18612.0,6572.0,25184.0,5044.0,-1956.0,-7000.0,1186.6666666666667,3500.0,3808.3,2458.0103152753445,-52.0,7708.0,7760.0,380.0,3892.0,3512.0,675.0769230769231,1608.0,-2869.325,10921.628615704483,-13704.0,18805.0,32509.0,1158.0,14289.0,13131.0,1447.2051282051282,7134.0,1860.025,4478.35046354961,-7570.0,9561.0,17131.0,-209.0,-4900.0,-4691.0,1092.6410256410256,3362.0,757.15,4628.218915252389,-8051.0,8406.0,16457.0,1144.0,-7366.0,-8510.0,1485.128205128205,6833.0,exercise_4_hand_wave,exercise_4_hand_wave_7
0.0,0.0,0.0,0.0,0.0,0.0,0.0,0.0,0.0,0.0,0.0,0.0,0.0,0.0,0.0,0.0,0.0,0.0,0.0,0.0,0.0,0.0,0.0,0.0,0.0,0.0,0.0,0.0,0.0,0.0,0.0,0.0,0.0,0.0,0.0,0.0,0.0,0.0,0.0,0.0,0.0,0.0,0.0,0.0,0.0,0.0,0.0,0.0,0.0,0.0,13765.3,3237.749389622366,8440.0,17368.0,8928.0,11156.0,17212.0,6056.0,416.8205128205128,1560.0,-4367.7,7997.374788641581,-18612.0,4524.0,23136.0,-9288.0,4524.0,13812.0,1111.4871794871794,3500.0,2843.9,1639.8305979582158,124.0,5540.0,5416.0,5540.0,1496.0,-4044.0,626.974358974359,1608.0,3861.125,8712.253351422638,-11799.0,18805.0,30604.0,-11799.0,-7656.0,4143.0,1561.3589743589744,7134.0,-981.225,3061.136475947291,-7570.0,5402.0,12972.0,1556.0,5402.0,3846.0,1058.1025641025642,3362.0,-1301.5,4048.0191143323423,-8051.0,8406.0,16457.0,4496.0,1268.0,-3228.0,1563.5384615384614,6833.0,exercise_4_hand_wave,exercise_4_hand_wave_7
0.0,0.0,0.0,0.0,0.0,0.0,0.0,0.0,0.0,0.0,0.0,0.0,0.0,0.0,0.0,0.0,0.0,0.0,0.0,0.0,0.0,0.0,0.0,0.0,0.0,0.0,0.0,0.0,0.0,0.0,0.0,0.0,0.0,0.0,0.0,0.0,0.0,0.0,0.0,0.0,0.0,0.0,0.0,0.0,0.0,0.0,0.0,0.0,0.0,0.0,13892.4,3919.319308247288,5896.0,17368.0,11472.0,15192.0,7176.0,-8016.0,490.87179487179486,1420.0,-1786.9,6384.912715926505,-17700.0,4524.0,22224.0,-1144.0,-17700.0,-16556.0,1164.0,3092.0,4343.3,3025.541655637879,744.0,9888.0,9144.0,4668.0,4432.0,-236.0,633.1282051282051,1864.0,-4043.175,8699.22383574391,-15022.0,12141.0,27163.0,12141.0,-10826.0,-22967.0,1205.6666666666667,3538.0,3727.275,5014.800663972099,-4596.0,10650.0,15246.0,-3621.0,2234.0,5855.0,975.1538461538462,3709.0,1269.55,3198.3266089472477,-4577.0,9781.0,14358.0,-3167.0,247.0,3414.0,1504.6153846153845,6399.0,exercise_4_hand_wave,exercise_4_hand_wave_7
0.0,0.0,0.0,0.0,0.0,0.0,0.0,0.0,0.0,0.0,0.0,0.0,0.0,0.0,0.0,0.0,0.0,0.0,0.0,0.0,0.0,0.0,0.0,0.0,0.0,0.0,0.0,0.0,0.0,0.0,0.0,0.0,0.0,0.0,0.0,0.0,0.0,0.0,0.0,0.0,0.0,0.0,0.0,0.0,0.0,0.0,0.0,0.0,0.0,0.0,13359.5,2841.3668805699836,8228.0,16932.0,8704.0,9356.0,14616.0,5260.0,502.46153846153845,1796.0,-2109.0,2939.3737768443125,-6908.0,2876.0,9784.0,-5332.0,-1908.0,3424.0,593.8461538461538,2096.0,9193.7,2983.5504872550764,4956.0,13900.0,8944.0,13348.0,8552.0,-4796.0,518.2564102564103,2288.0,437.325,5181.383678070463,-12115.0,8130.0,20245.0,-1459.0,-12115.0,-10656.0,998.974358974359,2856.0,-335.65,3926.755470805382,-6381.0,9972.0,16353.0,653.0,9972.0,9319.0,962.7435897435897,2475.0,-177.95,1322.731850187331,-2874.0,4341.0,7215.0,-2874.0,-545.0,2329.0,1129.7179487179487,4886.0,exercise_4_hand_wave,exercise_4_hand_wave_8
0.0,0.0,0.0,0.0,0.0,0.0,0.0,0.0,0.0,0.0,0.0,0.0,0.0,0.0,0.0,0.0,0.0,0.0,0.0,0.0,0.0,0.0,0.0,0.0,0.0,0.0,0.0,0.0,0.0,0.0,0.0,0.0,0.0,0.0,0.0,0.0,0.0,0.0,0.0,0.0,0.0,0.0,0.0,0.0,0.0,0.0,0.0,0.0,0.0,0.0,12181.2,3940.1504742839447,5856.0,16932.0,11076.0,14444.0,6012.0,-8432.0,498.87179487179486,1736.0,-4635.4,5897.526230547855,-14716.0,2876.0,17592.0,-3124.0,-14372.0,-11248.0,928.0,4632.0,8278.1,1975.847764884734,4956.0,11372.0,6416.0,8448.0,9252.0,804.0,553.5384615384615,1412.0,-4083.15,6105.360929339067,-12586.0,8130.0,20716.0,5274.0,2498.0,-2776.0,1310.1025641025642,3924.0,3299.275,3854.715125579969,-4502.0,9972.0,14474.0,-2684.0,336.0,3020.0,910.3589743589744,2432.0,626.05,2449.4675334651815,-3112.0,8902.0,12014.0,1854.0,-890.0,-2744.0,1807.4871794871794,8060.0,exercise_4_hand_wave,exercise_4_hand_wave_8
0.0,0.0,0.0,0.0,0.0,0.0,0.0,0.0,0.0,0.0,0.0,0.0,0.0,0.0,0.0,0.0,0.0,0.0,0.0,0.0,0.0,0.0,0.0,0.0,0.0,0.0,0.0,0.0,0.0,0.0,0.0,0.0,0.0,0.0,0.0,0.0,0.0,0.0,0.0,0.0,0.0,0.0,0.0,0.0,0.0,0.0,0.0,0.0,0.0,0.0,9449.8,2473.978326501669,5856.0,13968.0,8112.0,12880.0,12988.0,108.0,528.9230769230769,1664.0,-8322.4,4146.1820317009715,-14716.0,-1588.0,13128.0,-1588.0,-2200.0,-612.0,938.3589743589744,4632.0,10226.2,818.5601749413416,8528.0,11680.0,3152.0,9524.0,9744.0,220.0,578.974358974359,1660.0,-647.85,7019.87881857657,-12586.0,8788.0,21374.0,-12586.0,4731.0,17317.0,1121.2051282051282,3924.0,1563.6,4035.130771115107,-3726.0,9179.0,12905.0,9179.0,-897.0,-10076.0,899.1282051282051,2218.0,-114.85,3228.2305567446697,-7472.0,8902.0,16374.0,955.0,-720.0,-1675.0,1762.6410256410256,8060.0,exercise_4_hand_wave,exercise_4_hand_wave_8
0.0,0.0,0.0,0.0,0.0,0.0,0.0,0.0,0.0,0.0,0.0,0.0,0.0,0.0,0.0,0.0,0.0,0.0,0.0,0.0,0.0,0.0,0.0,0.0,0.0,0.0,0.0,0.0,0.0,0.0,0.0,0.0,0.0,0.0,0.0,0.0,0.0,0.0,0.0,0.0,0.0,0.0,0.0,0.0,0.0,0.0,0.0,0.0,0.0,0.0,12767.2,3121.7135294578206,6792.0,17372.0,10580.0,6792.0,15844.0,9052.0,444.0,1276.0,-3111.7,4856.077626026998,-12884.0,2968.0,15852.0,-12884.0,2704.0,15588.0,579.1794871794872,2196.0,8959.2,2037.3375174477105,4612.0,11680.0,7068.0,9384.0,6464.0,-2920.0,509.3333333333333,1660.0,4191.7,3535.136370778361,-7309.0,8788.0,16097.0,3525.0,-7309.0,-10834.0,870.7692307692307,3278.0,-1273.225,2105.4050618289584,-3726.0,5290.0,9016.0,-392.0,5290.0,5682.0,903.3333333333334,2303.0,-648.225,2327.161505863957,-7472.0,2701.0,10173.0,-1916.0,-68.0,1848.0,1246.974358974359,5267.0,exercise_4_hand_wave,exercise_4_hand_wave_8
0.0,0.0,0.0,0.0,0.0,0.0,0.0,0.0,0.0,0.0,0.0,0.0,0.0,0.0,0.0,0.0,0.0,0.0,0.0,0.0,0.0,0.0,0.0,0.0,0.0,0.0,0.0,0.0,0.0,0.0,0.0,0.0,0.0,0.0,0.0,0.0,0.0,0.0,0.0,0.0,0.0,0.0,0.0,0.0,0.0,0.0,0.0,0.0,0.0,0.0,13022.5,3118.746118234057,7124.0,17372.0,10248.0,13940.0,7996.0,-5944.0,489.64102564102564,1448.0,-2370.8,4841.618258392539,-13032.0,2968.0,16000.0,-1860.0,-13032.0,-11172.0,706.974358974359,2700.0,8720.3,2052.7829670961323,4612.0,11580.0,6968.0,9956.0,9616.0,-340.0,440.71794871794873,1296.0,-2966.925,6605.146846919833,-11998.0,6115.0,18113.0,5982.0,-2728.0,-8710.0,950.5641025641025,3679.0,2674.25,3894.912661087537,-3108.0,8251.0,11359.0,-2588.0,3175.0,5763.0,753.974358974359,2303.0,982.125,1823.6050036603322,-2326.0,5352.0,7678.0,696.0,3274.0,2578.0,1240.5641025641025,5505.0,exercise_4_hand_wave,exercise_4_hand_wave_8
0.0,0.0,0.0,0.0,0.0,0.0,0.0,0.0,0.0,0.0,0.0,0.0,0.0,0.0,0.0,0.0,0.0,0.0,0.0,0.0,0.0,0.0,0.0,0.0,0.0,0.0,0.0,0.0,0.0,0.0,0.0,0.0,0.0,0.0,0.0,0.0,0.0,0.0,0.0,0.0,0.0,0.0,0.0,0.0,0.0,0.0,0.0,0.0,0.0,0.0,10006.5,3021.536124225557,5464.0,15444.0,9980.0,15444.0,13540.0,-1904.0,692.9230769230769,1924.0,-6934.1,4867.961050583704,-14648.0,1808.0,16456.0,1808.0,-652.0,-2460.0,878.2564102564103,4388.0,10193.9,1145.2562988257255,6888.0,11692.0,4804.0,6888.0,8456.0,1568.0,446.56410256410254,1916.0,-1733.625,7397.76973718262,-11998.0,10162.0,22160.0,-8446.0,9139.0,17585.0,1031.2564102564102,3679.0,1776.725,4592.648293672725,-6579.0,8251.0,14830.0,6137.0,-3583.0,-9720.0,818.7692307692307,2697.0,-161.85,4510.076321693459,-17222.0,5352.0,22574.0,314.0,588.0,274.0,2273.74358974359,10008.0,exercise_4_hand_wave,exercise_4_hand_wave_8
0.0,0.0,0.0,0.0,0.0,0.0,0.0,0.0,0.0,0.0,0.0,0.0,0.0,0.0,0.0,0.0,0.0,0.0,0.0,0.0,0.0,0.0,0.0,0.0,0.0,0.0,0.0,0.0,0.0,0.0,0.0,0.0,0.0,0.0,0.0,0.0,0.0,0.0,0.0,0.0,0.0,0.0,0.0,0.0,0.0,0.0,0.0,0.0,0.0,0.0,12442.9,3875.9601636239768,5464.0,16852.0,11388.0,7140.0,14516.0,7376.0,662.7692307692307,1924.0,-3289.6,6045.094063784285,-14648.0,3900.0,18548.0,-14648.0,-1176.0,13472.0,869.7435897435897,4388.0,8411.0,2202.031925290821,4916.0,11692.0,6776.0,10048.0,7652.0,-2396.0,438.2564102564103,1916.0,2562.0,5928.738407114957,-13264.0,10162.0,23426.0,-371.0,-13264.0,-12893.0,1338.4358974358975,3173.0,-798.225,3571.466403926404,-6579.0,8160.0,14739.0,2513.0,8160.0,5647.0,955.9230769230769,2697.0,-746.525,4224.087386569434,-17222.0,5168.0,22390.0,5168.0,1006.0,-4162.0,2340.7179487179487,10008.0,exercise_4_hand_wave,exercise_4_hand_wave_8
0.0,0.0,0.0,0.0,0.0,0.0,0.0,0.0,0.0,0.0,0.0,0.0,0.0,0.0,0.0,0.0,0.0,0.0,0.0,0.0,0.0,0.0,0.0,0.0,0.0,0.0,0.0,0.0,0.0,0.0,0.0,0.0,0.0,0.0,0.0,0.0,0.0,0.0,0.0,0.0,0.0,0.0,0.0,0.0,0.0,0.0,0.0,0.0,0.0,0.0,11381.9,5125.933904177853,2648.0,16852.0,14204.0,14760.0,3624.0,-11136.0,638.5641025641025,1692.0,-4697.4,7541.115225217023,-18984.0,3900.0,22884.0,876.0,-15748.0,-16624.0,1068.1025641025642,4620.0,7544.7,1505.9678316617524,4916.0,9852.0,4936.0,8564.0,8724.0,160.0,489.2307692307692,1324.0,-3413.65,6942.871745718769,-13264.0,7968.0,21232.0,7603.0,3867.0,-3736.0,1383.5384615384614,3347.0,2866.0,4148.2114278324825,-4267.0,8278.0,12545.0,-3868.0,-2604.0,1264.0,832.2051282051282,2445.0,2255.55,3542.9250129659813,-3120.0,10015.0,13135.0,-1115.0,-2094.0,-979.0,1823.6666666666667,9397.0,exercise_4_hand_wave,exercise_4_hand_wave_8
0.0,0.0,0.0,0.0,0.0,0.0,0.0,0.0,0.0,0.0,0.0,0.0,0.0,0.0,0.0,0.0,0.0,0.0,0.0,0.0,0.0,0.0,0.0,0.0,0.0,0.0,0.0,0.0,0.0,0.0,0.0,0.0,0.0,0.0,0.0,0.0,0.0,0.0,0.0,0.0,0.0,0.0,0.0,0.0,0.0,0.0,0.0,0.0,0.0,0.0,9281.5,4401.916645053607,2648.0,16660.0,14012.0,13520.0,16144.0,2624.0,702.3589743589744,2340.0,-8501.0,5917.938069969979,-18984.0,1480.0,20464.0,-2112.0,400.0,2512.0,1135.7948717948718,4620.0,8428.5,1202.3510926513936,4384.0,9916.0,5532.0,8564.0,4384.0,-4180.0,697.1282051282051,2524.0,262.575,7998.1327848676665,-13017.0,10196.0,23213.0,-13017.0,5634.0,18651.0,997.3076923076923,3347.0,421.05,5140.570347490638,-6578.0,8278.0,14856.0,8278.0,-2727.0,-11005.0,760.6923076923077,2621.0,-292.075,5595.212146949837,-9687.0,10015.0,19702.0,1870.0,-137.0,-2007.0,1995.7179487179487,9397.0,exercise_4_hand_wave,exercise_4_hand_wave_8
0.0,0.0,0.0,0.0,0.0,0.0,0.0,0.0,0.0,0.0,0.0,0.0,0.0,0.0,0.0,0.0,0.0,0.0,0.0,0.0,0.0,0.0,0.0,0.0,0.0,0.0,0.0,0.0,0.0,0.0,0.0,0.0,0.0,0.0,0.0,0.0,0.0,0.0,0.0,0.0,0.0,0.0,0.0,0.0,0.0,0.0,0.0,0.0,0.0,0.0,13033.8,3480.7884106908878,3688.0,17032.0,13344.0,3688.0,8804.0,5116.0,653.2307692307693,2340.0,-3400.3,5343.124583050634,-15060.0,3048.0,18108.0,-14800.0,-8704.0,6096.0,890.2564102564103,2760.0,7437.1,1692.7622367007125,4384.0,9916.0,5532.0,8200.0,9816.0,1616.0,652.3076923076923,2524.0,503.05,7883.7358909022305,-12117.0,10196.0,22313.0,3962.0,-11545.0,-15507.0,1076.076923076923,2379.0,364.8,5038.037739040866,-6578.0,8406.0,14984.0,-2986.0,7350.0,10336.0,722.974358974359,2621.0,-1006.375,4676.42324157844,-9687.0,7554.0,17241.0,-4940.0,5895.0,10835.0,1595.2564102564102,4479.0,exercise_4_hand_wave,exercise_4_hand_wave_8
0.0,0.0,0.0,0.0,0.0,0.0,0.0,0.0,0.0,0.0,0.0,0.0,0.0,0.0,0.0,0.0,0.0,0.0,0.0,0.0,0.0,0.0,0.0,0.0,0.0,0.0,0.0,0.0,0.0,0.0,0.0,0.0,0.0,0.0,0.0,0.0,0.0,0.0,0.0,0.0,0.0,0.0,0.0,0.0,0.0,0.0,0.0,0.0,0.0,0.0,10245.6,5115.206334059262,1848.0,17032.0,15184.0,16784.0,11224.0,-5560.0,698.0512820512821,2468.0,-7360.5,7450.638586725302,-17872.0,3048.0,20920.0,2104.0,-8660.0,-10764.0,951.6923076923077,4076.0,6784.2,1287.1385162444637,4620.0,9816.0,5196.0,5140.0,7848.0,2708.0,507.5897435897436,2008.0,-3182.65,6835.982594148408,-12117.0,9318.0,21435.0,3591.0,4725.0,1134.0,1293.4871794871794,3122.0,2278.8,4518.626534689496,-7566.0,8406.0,15972.0,-568.0,-5282.0,-4714.0,897.1794871794872,2991.0,1117.825,5586.845656931558,-13464.0,10682.0,24146.0,-975.0,-2264.0,-1289.0,1893.1025641025642,6144.0,exercise_4_hand_wave,exercise_4_hand_wave_8
0.0,0.0,0.0,0.0,0.0,0.0,0.0,0.0,0.0,0.0,0.0,0.0,0.0,0.0,0.0,0.0,0.0,0.0,0.0,0.0,0.0,0.0,0.0,0.0,0.0,0.0,0.0,0.0,0.0,0.0,0.0,0.0,0.0,0.0,0.0,0.0,0.0,0.0,0.0,0.0,0.0,0.0,0.0,0.0,0.0,0.0,0.0,0.0,0.0,0.0,10633.8,5273.674464735191,1848.0,17300.0,15452.0,7704.0,14544.0,6840.0,688.6153846153846,2468.0,-7839.6,6735.978491652122,-17872.0,2160.0,20032.0,-9476.0,-2872.0,6604.0,1074.3589743589744,4076.0,6614.9,824.5745509048892,5512.0,8908.0,3396.0,8908.0,7028.0,-1880.0,464.8205128205128,2008.0,636.9,6385.84603948451,-10357.0,9318.0,19675.0,-10030.0,-10357.0,-327.0,1283.923076923077,3142.0,-164.025,4088.058613128608,-7566.0,6935.0,14501.0,4869.0,6935.0,2066.0,981.4358974358975,2991.0,-996.65,5720.826385016416,-13464.0,10682.0,24146.0,9425.0,5740.0,-3685.0,1896.6410256410256,6144.0,exercise_4_hand_wave,exercise_4_hand_wave_8
0.0,0.0,0.0,0.0,0.0,0.0,0.0,0.0,0.0,0.0,0.0,0.0,0.0,0.0,0.0,0.0,0.0,0.0,0.0,0.0,0.0,0.0,0.0,0.0,0.0,0.0,0.0,0.0,0.0,0.0,0.0,0.0,0.0,0.0,0.0,0.0,0.0,0.0,0.0,0.0,0.0,0.0,0.0,0.0,0.0,0.0,0.0,0.0,0.0,0.0,11842.6,4203.215012344717,4392.0,17300.0,12908.0,12304.0,6944.0,-5360.0,601.2307692307693,1112.0,-6994.5,6179.449210892504,-18240.0,2160.0,20400.0,-8256.0,-16288.0,-8032.0,1130.4615384615386,3960.0,6693.3,829.0092339654607,5520.0,8560.0,3040.0,7816.0,5924.0,-1892.0,377.94871794871796,1044.0,-2041.125,6176.494710543756,-10549.0,8403.0,18952.0,5790.0,3230.0,-2560.0,1019.8974358974359,3142.0,2127.675,3991.6209638911114,-5365.0,8334.0,13699.0,-5365.0,-842.0,4523.0,789.3076923076923,3911.0,892.225,4978.623778151448,-7867.0,10084.0,17951.0,-7359.0,-4717.0,2642.0,2251.128205128205,9953.0,exercise_4_hand_wave,exercise_4_hand_wave_8
0.0,0.0,0.0,0.0,0.0,0.0,0.0,0.0,0.0,0.0,0.0,0.0,0.0,0.0,0.0,0.0,0.0,0.0,0.0,0.0,0.0,0.0,0.0,0.0,0.0,0.0,0.0,0.0,0.0,0.0,0.0,0.0,0.0,0.0,0.0,0.0,0.0,0.0,0.0,0.0,0.0,0.0,0.0,0.0,0.0,0.0,0.0,0.0,0.0,0.0,10330.3,3625.192947968425,4392.0,15812.0,11420.0,13560.0,15752.0,2192.0,634.0512820512821,1564.0,-8050.4,6533.36879718266,-18240.0,3960.0,22200.0,-3608.0,3240.0,6848.0,1440.4102564102564,3960.0,7579.7,1275.9969866735578,4844.0,10012.0,5168.0,7408.0,6572.0,-836.0,660.6153846153846,1740.0,1699.1,8075.047129274231,-10549.0,15125.0,25674.0,-9916.0,512.0,10428.0,1382.051282051282,5965.0,1104.975,3995.83162487798,-4704.0,8334.0,13038.0,7204.0,283.0,-6921.0,809.3589743589744,3911.0,-135.35,5703.417964475338,-12108.0,10084.0,22192.0,8978.0,-686.0,-9664.0,2920.8205128205127,9953.0,exercise_4_hand_wave,exercise_4_hand_wave_8
0.0,0.0,0.0,0.0,0.0,0.0,0.0,0.0,0.0,0.0,0.0,0.0,0.0,0.0,0.0,0.0,0.0,0.0,0.0,0.0,0.0,0.0,0.0,0.0,0.0,0.0,0.0,0.0,0.0,0.0,0.0,0.0,0.0,0.0,0.0,0.0,0.0,0.0,0.0,0.0,0.0,0.0,0.0,0.0,0.0,0.0,0.0,0.0,0.0,0.0,11855.4,3741.936883486946,1756.0,16184.0,14428.0,8412.0,1756.0,-6656.0,673.2307692307693,2720.0,-4286.4,6508.952591623325,-20964.0,4020.0,24984.0,-18140.0,-20964.0,-2824.0,1561.4358974358975,6912.0,8109.1,1282.082364748849,4844.0,10012.0,5168.0,4844.0,7468.0,2624.0,671.7948717948718,1740.0,348.675,9057.334037639057,-11748.0,15125.0,26873.0,4577.0,-7766.0,-12343.0,1563.871794871795,5965.0,1639.0,4146.485427443343,-4704.0,7130.0,11834.0,-186.0,6095.0,6281.0,741.4102564102565,2425.0,1393.6,7016.585771584354,-12108.0,19541.0,31649.0,-7464.0,10849.0,18313.0,2852.948717948718,8692.0,exercise_4_hand_wave,exercise_4_hand_wave_8
0.0,0.0,0.0,0.0,0.0,0.0,0.0,0.0,0.0,0.0,0.0,0.0,0.0,0.0,0.0,0.0,0.0,0.0,0.0,0.0,0.0,0.0,0.0,0.0,0.0,0.0,0.0,0.0,0.0,0.0,0.0,0.0,0.0,0.0,0.0,0.0,0.0,0.0,0.0,0.0,0.0,0.0,0.0,0.0,0.0,0.0,0.0,0.0,0.0,0.0,9069.5,5226.938659483197,1044.0,16184.0,15140.0,16060.0,14068.0,-1992.0,780.3076923076923,2952.0,-7965.1,7147.642743590365,-20964.0,4020.0,24984.0,3324.0,-1760.0,-5084.0,1585.3333333333333,6912.0,7953.1,919.2575210461976,6200.0,9756.0,3556.0,6200.0,8112.0,1912.0,469.53846153846155,1468.0,-1906.5,7173.3036008522595,-11748.0,11085.0,22833.0,-470.0,5512.0,5982.0,1288.923076923077,3656.0,967.3,5000.4196933857465,-6645.0,7130.0,13775.0,654.0,-4017.0,-4671.0,846.1282051282051,3407.0,554.45,8475.864315661265,-23247.0,19541.0,42788.0,907.0,-6967.0,-7874.0,3683.3333333333335,13208.0,exercise_4_hand_wave,exercise_4_hand_wave_8
0.0,0.0,0.0,0.0,0.0,0.0,0.0,0.0,0.0,0.0,0.0,0.0,0.0,0.0,0.0,0.0,0.0,0.0,0.0,0.0,0.0,0.0,0.0,0.0,0.0,0.0,0.0,0.0,0.0,0.0,0.0,0.0,0.0,0.0,0.0,0.0,0.0,0.0,0.0,0.0,0.0,0.0,0.0,0.0,0.0,0.0,0.0,0.0,0.0,0.0,11031.6,5742.064562507112,1044.0,17084.0,16040.0,1236.0,10264.0,9028.0,702.8717948717949,2952.0,-6302.1,6800.85053430819,-17204.0,2712.0,19916.0,-17204.0,-7956.0,9248.0,1162.2564102564102,5012.0,6943.8,1295.7042718151392,4444.0,8800.0,4356.0,8264.0,8660.0,396.0,504.71794871794873,1616.0,649.9,6100.501790016948,-9322.0,11085.0,20407.0,-4110.0,-7196.0,-3086.0,1153.7948717948718,2379.0,-175.825,5036.1397512752765,-6645.0,8450.0,15095.0,4287.0,8173.0,3886.0,913.4871794871794,3407.0,-1610.7,6791.590653889559,-23247.0,8602.0,31849.0,-336.0,8041.0,8377.0,2608.3333333333335,13208.0,exercise_4_hand_wave,exercise_4_hand_wave_8
0.0,0.0,0.0,0.0,0.0,0.0,0.0,0.0,0.0,0.0,0.0,0.0,0.0,0.0,0.0,0.0,0.0,0.0,0.0,0.0,0.0,0.0,0.0,0.0,0.0,0.0,0.0,0.0,0.0,0.0,0.0,0.0,0.0,0.0,0.0,0.0,0.0,0.0,0.0,0.0,0.0,0.0,0.0,0.0,0.0,0.0,0.0,0.0,0.0,0.0,9646.8,6034.938554782477,1372.0,17084.0,15712.0,15560.0,8544.0,-7016.0,799.7948717948718,3408.0,-7930.5,7312.571623580859,-17968.0,2712.0,20680.0,-1908.0,-9176.0,-7268.0,1033.5384615384614,4668.0,6897.2,1354.7384101737134,4444.0,9072.0,4628.0,6496.0,8340.0,1844.0,466.15384615384613,1604.0,-2032.15,5787.315403319573,-11068.0,8591.0,19659.0,6159.0,8591.0,2432.0,1215.2820512820513,3682.0,2021.025,4820.84984462024,-6334.0,8450.0,14784.0,-5238.0,-4850.0,388.0,876.8717948717949,3814.0,1104.05,8040.538831291096,-24837.0,12152.0,36989.0,-5921.0,-23767.0,-17846.0,2233.4871794871797,11008.0,exercise_4_hand_wave,exercise_4_hand_wave_8
0.0,0.0,0.0,0.0,0.0,0.0,0.0,0.0,0.0,0.0,0.0,0.0,0.0,0.0,0.0,0.0,0.0,0.0,0.0,0.0,0.0,0.0,0.0,0.0,0.0,0.0,0.0,0.0,0.0,0.0,0.0,0.0,0.0,0.0,0.0,0.0,0.0,0.0,0.0,0.0,0.0,0.0,0.0,0.0,0.0,0.0,0.0,0.0,0.0,0.0,9609.3,6032.908511655054,1372.0,18252.0,16880.0,9452.0,16412.0,6960.0,885.3333333333334,3408.0,-6780.3,8304.099440035625,-17968.0,4676.0,22644.0,-8884.0,3504.0,12388.0,1091.5897435897436,4668.0,7054.4,1157.6599846241556,4676.0,9072.0,4396.0,9072.0,6284.0,-2788.0,513.5384615384615,3612.0,1331.7,6378.028826369477,-11068.0,12439.0,23507.0,-5806.0,-8532.0,-2726.0,1461.6923076923076,3682.0,97.475,4270.612139889901,-6893.0,7673.0,14566.0,7673.0,5294.0,-2379.0,1019.2051282051282,3814.0,-1746.225,8691.146401619006,-24837.0,12152.0,36989.0,10328.0,409.0,-9919.0,2534.948717948718,11101.0,exercise_4_hand_wave,exercise_4_hand_wave_8
0.0,0.0,0.0,0.0,0.0,0.0,0.0,0.0,0.0,0.0,0.0,0.0,0.0,0.0,0.0,0.0,0.0,0.0,0.0,0.0,0.0,0.0,0.0,0.0,0.0,0.0,0.0,0.0,0.0,0.0,0.0,0.0,0.0,0.0,0.0,0.0,0.0,0.0,0.0,0.0,0.0,0.0,0.0,0.0,0.0,0.0,0.0,0.0,0.0,0.0,11841.6,2301.856607176042,6448.0,15024.0,8576.0,6448.0,10040.0,3592.0,431.5897435897436,1144.0,-321.6,4529.083774893107,-9888.0,5976.0,15864.0,-9888.0,-4392.0,5496.0,902.1538461538462,3420.0,10893.2,1885.1497977614404,7204.0,13516.0,6312.0,12260.0,12848.0,588.0,477.43589743589746,1808.0,1102.5,6281.750205953751,-8829.0,8654.0,17483.0,4598.0,-8739.0,-13337.0,1089.6153846153845,4459.0,633.825,3433.6237263822313,-3090.0,6769.0,9859.0,-1676.0,6246.0,7922.0,606.4615384615385,1634.0,-752.025,2859.8247541370433,-6638.0,5551.0,12189.0,-4185.0,3143.0,7328.0,1412.7179487179487,5048.0,exercise_4_hand_wave,exercise_4_hand_wave_9
0.0,0.0,0.0,0.0,0.0,0.0,0.0,0.0,0.0,0.0,0.0,0.0,0.0,0.0,0.0,0.0,0.0,0.0,0.0,0.0,0.0,0.0,0.0,0.0,0.0,0.0,0.0,0.0,0.0,0.0,0.0,0.0,0.0,0.0,0.0,0.0,0.0,0.0,0.0,0.0,0.0,0.0,0.0,0.0,0.0,0.0,0.0,0.0,0.0,0.0,9381.1,4167.404658777451,2808.0,15024.0,12216.0,13976.0,5948.0,-8028.0,498.97435897435895,1504.0,-4201.6,7490.877481310183,-16304.0,5976.0,22280.0,3748.0,-10848.0,-14596.0,1183.8974358974358,4132.0,10812.3,1873.4717265013635,7204.0,13840.0,6636.0,8660.0,10492.0,1832.0,455.1794871794872,1288.0,-3898.75,4917.001346094996,-8829.0,6016.0,14845.0,5221.0,6016.0,795.0,1198.8974358974358,3904.0,2686.675,2867.159547247938,-3503.0,6769.0,10272.0,-2711.0,-2977.0,-266.0,796.2051282051282,1941.0,1259.85,3951.2339563103574,-7159.0,11326.0,18485.0,-202.0,-7159.0,-6957.0,2160.4358974358975,9682.0,exercise_4_hand_wave,exercise_4_hand_wave_9
0.0,0.0,0.0,0.0,0.0,0.0,0.0,0.0,0.0,0.0,0.0,0.0,0.0,0.0,0.0,0.0,0.0,0.0,0.0,0.0,0.0,0.0,0.0,0.0,0.0,0.0,0.0,0.0,0.0,0.0,0.0,0.0,0.0,0.0,0.0,0.0,0.0,0.0,0.0,0.0,0.0,0.0,0.0,0.0,0.0,0.0,0.0,0.0,0.0,0.0,9192.1,4329.12836377024,2808.0,15800.0,12992.0,9140.0,15648.0,6508.0,665.9487179487179,2504.0,-5544.9,7225.614187735186,-16304.0,8408.0,24712.0,-4440.0,5972.0,10412.0,1660.820512820513,4132.0,10218.9,2291.25415220573,5612.0,13840.0,8228.0,13224.0,6200.0,-7024.0,545.4358974358975,2060.0,1631.65,6962.769985968227,-8516.0,11048.0,19564.0,-8330.0,-1357.0,6973.0,1262.5897435897436,3904.0,-576.7,3600.34345722738,-6039.0,6093.0,12132.0,6093.0,1803.0,-4290.0,857.4358974358975,3401.0,-1166.025,5252.314182755541,-13951.0,11326.0,25277.0,2509.0,-803.0,-3312.0,2604.0,9682.0,exercise_4_hand_wave,exercise_4_hand_wave_9
0.0,0.0,0.0,0.0,0.0,0.0,0.0,0.0,0.0,0.0,0.0,0.0,0.0,0.0,0.0,0.0,0.0,0.0,0.0,0.0,0.0,0.0,0.0,0.0,0.0,0.0,0.0,0.0,0.0,0.0,0.0,0.0,0.0,0.0,0.0,0.0,0.0,0.0,0.0,0.0,0.0,0.0,0.0,0.0,0.0,0.0,0.0,0.0,0.0,0.0,12289.1,3017.1105365896024,5120.0,15800.0,10680.0,7076.0,5120.0,-1956.0,634.5641025641025,2504.0,-349.2,5298.215035273672,-10652.0,8408.0,19060.0,-10104.0,-8796.0,1308.0,1591.8974358974358,5084.0,9382.9,2387.1735567402716,5612.0,13388.0,7776.0,11336.0,11328.0,-8.0,626.6666666666666,2060.0,-1185.1,8753.729533176129,-12767.0,11048.0,23815.0,6545.0,-10175.0,-16720.0,1148.820512820513,2661.0,1176.175,4777.205516238024,-6039.0,8007.0,14046.0,-4058.0,1686.0,5744.0,815.5897435897435,3401.0,-413.275,5182.80494514071,-13951.0,15963.0,29914.0,-5574.0,15963.0,21537.0,2242.128205128205,10175.0,exercise_4_hand_wave,exercise_4_hand_wave_9
0.0,0.0,0.0,0.0,0.0,0.0,0.0,0.0,0.0,0.0,0.0,0.0,0.0,0.0,0.0,0.0,0.0,0.0,0.0,0.0,0.0,0.0,0.0,0.0,0.0,0.0,0.0,0.0,0.0,0.0,0.0,0.0,0.0,0.0,0.0,0.0,0.0,0.0,0.0,0.0,0.0,0.0,0.0,0.0,0.0,0.0,0.0,0.0,0.0,0.0,7416.0,5174.294850508618,440.0,15084.0,14644.0,14980.0,7984.0,-6996.0,638.6666666666666,2844.0,-7703.5,8290.559121675691,-18028.0,6604.0,24632.0,6604.0,-8740.0,-15344.0,1452.1025641025642,5500.0,8581.3,2627.1145216758255,4916.0,13388.0,8472.0,6472.0,10240.0,3768.0,693.5384615384615,2624.0,-4810.55,8247.954440193036,-16644.0,11623.0,28267.0,-2691.0,10672.0,13363.0,1610.179487179487,7403.0,3404.15,3115.8564195899658,-3867.0,8180.0,12047.0,2577.0,-799.0,-3376.0,1312.923076923077,6270.0,522.35,6323.792681413583,-13870.0,15963.0,29833.0,-400.0,-7064.0,-6664.0,2750.8205128205127,12500.0,exercise_4_hand_wave,exercise_4_hand_wave_9
0.0,0.0,0.0,0.0,0.0,0.0,0.0,0.0,0.0,0.0,0.0,0.0,0.0,0.0,0.0,0.0,0.0,0.0,0.0,0.0,0.0,0.0,0.0,0.0,0.0,0.0,0.0,0.0,0.0,0.0,0.0,0.0,0.0,0.0,0.0,0.0,0.0,0.0,0.0,0.0,0.0,0.0,0.0,0.0,0.0,0.0,0.0,0.0,0.0,0.0,7902.1,5369.049151386119,440.0,15588.0,15148.0,4448.0,14868.0,10420.0,783.4871794871794,2844.0,-7187.2,8741.07211730918,-18028.0,7612.0,25640.0,-10264.0,6788.0,17052.0,1338.7692307692307,5500.0,8303.0,2212.893445243128,4916.0,13404.0,8488.0,10164.0,6832.0,-3332.0,728.9230769230769,2892.0,4037.275,8223.32119033271,-16644.0,11917.0,28561.0,-13510.0,172.0,13682.0,1766.7179487179487,7403.0,-636.65,3077.5250571685037,-6933.0,8180.0,15113.0,4157.0,1174.0,-2983.0,1672.5897435897436,6270.0,-1572.3,5363.189644232247,-13870.0,11059.0,24929.0,11059.0,419.0,-10640.0,2593.3846153846152,12500.0,exercise_4_hand_wave,exercise_4_hand_wave_9
0.0,0.0,0.0,0.0,0.0,0.0,0.0,0.0,0.0,0.0,0.0,0.0,0.0,0.0,0.0,0.0,0.0,0.0,0.0,0.0,0.0,0.0,0.0,0.0,0.0,0.0,0.0,0.0,0.0,0.0,0.0,0.0,0.0,0.0,0.0,0.0,0.0,0.0,0.0,0.0,0.0,0.0,0.0,0.0,0.0,0.0,0.0,0.0,0.0,0.0,13359.0,1854.55498705215,8492.0,15588.0,7096.0,9592.0,11252.0,1660.0,553.7435897435897,2360.0,1779.6,4195.3822042812735,-6980.0,7612.0,14592.0,-6980.0,-3264.0,3716.0,1068.820512820513,2872.0,8996.6,1795.801670563874,6480.0,13404.0,6924.0,10300.0,10852.0,552.0,663.7948717948718,2892.0,801.275,8307.499452264501,-11323.0,11917.0,23240.0,11299.0,-11323.0,-22622.0,1272.974358974359,3729.0,446.15,3526.9480542673145,-6933.0,5630.0,12563.0,-3114.0,5630.0,8744.0,1025.2307692307693,4320.0,36.75,2639.1274670807393,-5555.0,5412.0,10967.0,-4753.0,3906.0,8659.0,1961.1538461538462,9120.0,exercise_4_hand_wave,exercise_4_hand_wave_9
0.0,0.0,0.0,0.0,0.0,0.0,0.0,0.0,0.0,0.0,0.0,0.0,0.0,0.0,0.0,0.0,0.0,0.0,0.0,0.0,0.0,0.0,0.0,0.0,0.0,0.0,0.0,0.0,0.0,0.0,0.0,0.0,0.0,0.0,0.0,0.0,0.0,0.0,0.0,0.0,0.0,0.0,0.0,0.0,0.0,0.0,0.0,0.0,0.0,0.0,9267.7,5282.6339178481785,1016.0,15276.0,14260.0,14820.0,2448.0,-12372.0,516.2051282051282,2596.0,-5332.9,9031.459615698892,-18980.0,6372.0,25352.0,5212.0,-15988.0,-21200.0,1015.1794871794872,3576.0,7564.5,2697.7570220462776,1948.0,10860.0,8912.0,6836.0,3228.0,-3608.0,580.1025641025641,1728.0,-7134.6,4267.55854558552,-12825.0,2382.0,15207.0,-179.0,2382.0,2561.0,1386.948717948718,3968.0,3362.45,2062.510205429297,28.0,6990.0,6962.0,1002.0,329.0,-673.0,611.5641025641025,2300.0,2839.5,3389.4866720493237,-2690.0,10805.0,13495.0,1529.0,-1795.0,-3324.0,2149.846153846154,7132.0,exercise_4_hand_wave,exercise_4_hand_wave_9
0.0,0.0,0.0,0.0,0.0,0.0,0.0,0.0,0.0,0.0,0.0,0.0,0.0,0.0,0.0,0.0,0.0,0.0,0.0,0.0,0.0,0.0,0.0,0.0,0.0,0.0,0.0,0.0,0.0,0.0,0.0,0.0,0.0,0.0,0.0,0.0,0.0,0.0,0.0,0.0,0.0,0.0,0.0,0.0,0.0,0.0,0.0,0.0,0.0,0.0,6426.7,4296.379814448438,1016.0,14660.0,13644.0,10796.0,14572.0,3776.0,692.7179487179487,2596.0,-11341.4,5907.191721960614,-18980.0,1484.0,20464.0,-4468.0,1484.0,5952.0,1140.923076923077,3904.0,6984.7,2741.6619612928207,1948.0,10544.0,8596.0,10544.0,6928.0,-3616.0,559.7948717948718,1728.0,1003.575,9303.742974973835,-12825.0,12758.0,25583.0,-11063.0,12015.0,23078.0,1353.179487179487,3968.0,137.125,3676.727126042263,-6296.0,6990.0,13286.0,5531.0,-4787.0,-10318.0,720.1538461538462,2300.0,-1040.175,6458.4616430211145,-12164.0,10805.0,22969.0,6880.0,-3064.0,-9944.0,2127.3333333333335,6386.0,exercise_4_hand_wave,exercise_4_hand_wave_9
0.0,0.0,0.0,0.0,0.0,0.0,0.0,0.0,0.0,0.0,0.0,0.0,0.0,0.0,0.0,0.0,0.0,0.0,0.0,0.0,0.0,0.0,0.0,0.0,0.0,0.0,0.0,0.0,0.0,0.0,0.0,0.0,0.0,0.0,0.0,0.0,0.0,0.0,0.0,0.0,0.0,0.0,0.0,0.0,0.0,0.0,0.0,0.0,0.0,0.0,11941.8,4839.932722672909,1608.0,16512.0,14904.0,2368.0,15524.0,13156.0,575.2820512820513,2128.0,-2518.7,8165.0137727991605,-17544.0,6240.0,23784.0,-16920.0,-2072.0,14848.0,1062.5641025641025,3904.0,6737.9,1712.121488095982,2876.0,9728.0,6852.0,2876.0,7544.0,4668.0,542.4615384615385,1680.0,3417.55,8205.16959894797,-12117.0,12758.0,24875.0,4179.0,-11937.0,-16116.0,1115.3333333333333,3330.0,-601.525,3196.35593283586,-6296.0,4936.0,11232.0,-646.0,4839.0,5485.0,742.0769230769231,3547.0,-2607.975,4784.856599144326,-12164.0,6601.0,18765.0,-291.0,4183.0,4474.0,1723.4358974358975,5390.0,exercise_4_hand_wave,exercise_4_hand_wave_9
0.0,0.0,0.0,0.0,0.0,0.0,0.0,0.0,0.0,0.0,0.0,0.0,0.0,0.0,0.0,0.0,0.0,0.0,0.0,0.0,0.0,0.0,0.0,0.0,0.0,0.0,0.0,0.0,0.0,0.0,0.0,0.0,0.0,0.0,0.0,0.0,0.0,0.0,0.0,0.0,0.0,0.0,0.0,0.0,0.0,0.0,0.0,0.0,0.0,0.0,11331.3,5308.7696418285095,928.0,16512.0,15584.0,16512.0,1868.0,-14644.0,705.5384615384615,3836.0,-4243.4,9334.858651313367,-21316.0,6240.0,27556.0,4028.0,-19004.0,-23032.0,1603.6923076923076,8164.0,5719.5,2051.849153812239,1372.0,8980.0,7608.0,5684.0,1572.0,-4112.0,780.9230769230769,2408.0,-5314.175,6827.95856712495,-12117.0,11688.0,23805.0,11688.0,4461.0,-7227.0,1270.025641025641,3330.0,2785.825,2702.3088821182155,-5061.0,6494.0,11555.0,-5061.0,-880.0,4181.0,1203.5128205128206,3743.0,3350.9,4866.846827258897,-6849.0,14953.0,21802.0,-4025.0,-6849.0,-2824.0,2862.102564102564,12892.0,exercise_4_hand_wave,exercise_4_hand_wave_9
0.0,0.0,0.0,0.0,0.0,0.0,0.0,0.0,0.0,0.0,0.0,0.0,0.0,0.0,0.0,0.0,0.0,0.0,0.0,0.0,0.0,0.0,0.0,0.0,0.0,0.0,0.0,0.0,0.0,0.0,0.0,0.0,0.0,0.0,0.0,0.0,0.0,0.0,0.0,0.0,0.0,0.0,0.0,0.0,0.0,0.0,0.0,0.0,0.0,0.0,9358.8,4968.695297560518,928.0,16352.0,15424.0,14708.0,15796.0,1088.0,1033.2307692307693,3836.0,-7761.9,8506.374221135582,-21316.0,6412.0,27728.0,-2668.0,5476.0,8144.0,2163.897435897436,8164.0,6133.2,2551.3599824407365,1372.0,10148.0,8776.0,8068.0,6544.0,-1524.0,1035.3846153846155,2868.0,1654.05,10749.151973411666,-12111.0,20658.0,32769.0,-12111.0,2741.0,14852.0,2033.2307692307693,8495.0,800.525,3625.396488575422,-6206.0,6494.0,12700.0,6494.0,580.0,-5914.0,1780.3589743589744,6634.0,-321.075,8473.296570365928,-20957.0,14953.0,35910.0,2636.0,1501.0,-1135.0,3865.3076923076924,12892.0,exercise_4_hand_wave,exercise_4_hand_wave_9
0.0,0.0,0.0,0.0,0.0,0.0,0.0,0.0,0.0,0.0,0.0,0.0,0.0,0.0,0.0,0.0,0.0,0.0,0.0,0.0,0.0,0.0,0.0,0.0,0.0,0.0,0.0,0.0,0.0,0.0,0.0,0.0,0.0,0.0,0.0,0.0,0.0,0.0,0.0,0.0,0.0,0.0,0.0,0.0,0.0,0.0,0.0,0.0,0.0,0.0,12281.3,3743.7212917096276,1484.0,16552.0,15068.0,1484.0,8548.0,7064.0,859.0769230769231,2740.0,-1560.8,7132.568244328268,-21156.0,7356.0,28512.0,-19984.0,-11160.0,8824.0,1613.7435897435898,5852.0,7774.3,2038.9699139516504,2664.0,11068.0,8404.0,2664.0,8844.0,6180.0,738.7692307692307,2868.0,1068.75,11182.98479331435,-14039.0,20658.0,34697.0,9004.0,-12150.0,-21154.0,2009.4358974358975,8495.0,1394.25,4151.208057602027,-6206.0,8249.0,14455.0,-1570.0,2608.0,4178.0,1426.3076923076924,6634.0,-1687.075,6908.506200284907,-20957.0,11889.0,32846.0,-7538.0,11889.0,19427.0,3002.948717948718,8899.0,exercise_4_hand_wave,exercise_4_hand_wave_9
0.0,0.0,0.0,0.0,0.0,0.0,0.0,0.0,0.0,0.0,0.0,0.0,0.0,0.0,0.0,0.0,0.0,0.0,0.0,0.0,0.0,0.0,0.0,0.0,0.0,0.0,0.0,0.0,0.0,0.0,0.0,0.0,0.0,0.0,0.0,0.0,0.0,0.0,0.0,0.0,0.0,0.0,0.0,0.0,0.0,0.0,0.0,0.0,0.0,0.0,9233.3,4680.4645399789115,1748.0,16552.0,14804.0,14988.0,12428.0,-2560.0,821.3333333333334,2068.0,-6881.3,8424.1312139591,-19584.0,7356.0,26940.0,5456.0,-5116.0,-10572.0,1253.2307692307693,3992.0,7666.7,1790.2445391621786,4252.0,11068.0,6816.0,6252.0,7384.0,1132.0,575.6923076923077,1540.0,-3062.375,9663.457462749811,-14039.0,13770.0,27809.0,1051.0,13565.0,12514.0,1447.948717948718,3642.0,1509.725,4992.730710680779,-9829.0,8249.0,18078.0,1698.0,-9618.0,-11316.0,1293.5384615384614,4356.0,626.85,5950.458131732379,-10693.0,12198.0,22891.0,-888.0,-6207.0,-5319.0,3100.846153846154,9731.0,exercise_4_hand_wave,exercise_4_hand_wave_9
0.0,0.0,0.0,0.0,0.0,0.0,0.0,0.0,0.0,0.0,0.0,0.0,0.0,0.0,0.0,0.0,0.0,0.0,0.0,0.0,0.0,0.0,0.0,0.0,0.0,0.0,0.0,0.0,0.0,0.0,0.0,0.0,0.0,0.0,0.0,0.0,0.0,0.0,0.0,0.0,0.0,0.0,0.0,0.0,0.0,0.0,0.0,0.0,0.0,0.0,10894.4,5780.418656118257,1748.0,17724.0,15976.0,6752.0,15064.0,8312.0,717.5384615384615,2068.0,-5391.5,9030.432688969006,-19584.0,6440.0,26024.0,-11884.0,2360.0,14244.0,1113.5384615384614,3640.0,5635.9,1888.5091448017931,2728.0,8736.0,6008.0,8232.0,8008.0,-224.0,619.6923076923077,2184.0,2542.875,9187.319160635217,-12434.0,15990.0,28424.0,-12434.0,-8243.0,4191.0,1545.3076923076924,4520.0,-1103.075,5242.086752370185,-9829.0,7991.0,17820.0,6076.0,7991.0,1915.0,1286.025641025641,4356.0,-1146.15,5550.4981557964675,-10693.0,12198.0,22891.0,2158.0,3967.0,1809.0,2403.974358974359,9045.0,exercise_4_hand_wave,exercise_4_hand_wave_9
0.0,0.0,0.0,0.0,0.0,0.0,0.0,0.0,0.0,0.0,0.0,0.0,0.0,0.0,0.0,0.0,0.0,0.0,0.0,0.0,0.0,0.0,0.0,0.0,0.0,0.0,0.0,0.0,0.0,0.0,0.0,0.0,0.0,0.0,0.0,0.0,0.0,0.0,0.0,0.0,0.0,0.0,0.0,0.0,0.0,0.0,0.0,0.0,0.0,0.0,12380.0,4972.771219350434,2348.0,17724.0,15376.0,14048.0,3248.0,-10800.0,694.1538461538462,2404.0,-3085.2,7317.764259662919,-17592.0,6440.0,24032.0,-3000.0,-15548.0,-12548.0,1153.5384615384614,4128.0,6492.3,2386.4461255180263,2728.0,10232.0,7504.0,7324.0,6720.0,-604.0,562.974358974359,2184.0,-3035.425,8262.630122689445,-12337.0,15990.0,28327.0,14241.0,-3315.0,-17556.0,1584.3589743589744,5573.0,3107.95,5432.95556741448,-8920.0,9235.0,18155.0,-8920.0,2808.0,11728.0,998.4102564102565,4199.0,2048.525,4509.464169873733,-7623.0,10114.0,17737.0,-5158.0,484.0,5642.0,1995.179487179487,8195.0,exercise_4_hand_wave,exercise_4_hand_wave_9
0.0,0.0,0.0,0.0,0.0,0.0,0.0,0.0,0.0,0.0,0.0,0.0,0.0,0.0,0.0,0.0,0.0,0.0,0.0,0.0,0.0,0.0,0.0,0.0,0.0,0.0,0.0,0.0,0.0,0.0,0.0,0.0,0.0,0.0,0.0,0.0,0.0,0.0,0.0,0.0,0.0,0.0,0.0,0.0,0.0,0.0,0.0,0.0,0.0,0.0,7642.5,4363.971923603542,1460.0,15388.0,13928.0,15388.0,13688.0,-1700.0,836.8205128205128,2404.0,-9752.4,5806.633227611333,-17764.0,1852.0,19616.0,1852.0,-1508.0,-3360.0,1318.7692307692307,4128.0,8545.6,1370.0551229786338,6264.0,11680.0,5416.0,8020.0,8876.0,856.0,605.7435897435897,1908.0,-238.875,8934.3308764213,-12337.0,12714.0,25051.0,-9165.0,12119.0,21284.0,1371.7435897435898,5573.0,1814.9,5205.056545322059,-7548.0,9235.0,16783.0,7436.0,-6408.0,-13844.0,1112.5128205128206,4199.0,429.05,5798.622987184112,-11193.0,10114.0,21307.0,4770.0,-3714.0,-8484.0,2458.3076923076924,8195.0,exercise_4_hand_wave,exercise_4_hand_wave_9
0.0,0.0,0.0,0.0,0.0,0.0,0.0,0.0,0.0,0.0,0.0,0.0,0.0,0.0,0.0,0.0,0.0,0.0,0.0,0.0,0.0,0.0,0.0,0.0,0.0,0.0,0.0,0.0,0.0,0.0,0.0,0.0,0.0,0.0,0.0,0.0,0.0,0.0,0.0,0.0,0.0,0.0,0.0,0.0,0.0,0.0,0.0,0.0,0.0,0.0,11180.4,5361.906437080005,1460.0,16608.0,15148.0,2604.0,14452.0,11848.0,501.7435897435897,2052.0,-3640.7,8265.536734538175,-17764.0,6056.0,23820.0,-16036.0,-512.0,15524.0,1135.2820512820513,3028.0,7360.5,1902.5793413153629,4588.0,11680.0,7092.0,6820.0,8524.0,1704.0,620.7179487179487,1628.0,3394.25,8794.615135837385,-13771.0,13353.0,27124.0,-2652.0,-10265.0,-7613.0,1362.8974358974358,3275.0,-948.075,4099.631455310953,-7548.0,6551.0,14099.0,3343.0,6551.0,3208.0,1047.4358974358975,3638.0,-1563.325,3839.651764076399,-11193.0,3938.0,15131.0,2466.0,663.0,-1803.0,1953.4615384615386,5700.0,exercise_4_hand_wave,exercise_4_hand_wave_9
0.0,0.0,0.0,0.0,0.0,0.0,0.0,0.0,0.0,0.0,0.0,0.0,0.0,0.0,0.0,0.0,0.0,0.0,0.0,0.0,0.0,0.0,0.0,0.0,0.0,0.0,0.0,0.0,0.0,0.0,0.0,0.0,0.0,0.0,0.0,0.0,0.0,0.0,0.0,0.0,0.0,0.0,0.0,0.0,0.0,0.0,0.0,0.0,0.0,0.0,9994.8,7213.609648435379,-4552.0,16608.0,21160.0,14052.0,-1848.0,-15900.0,699.3846153846154,3108.0,-4278.3,8761.912754073735,-24104.0,6056.0,30160.0,824.0,-15500.0,-16324.0,1644.4102564102564,9652.0,6523.2,1710.2514902785497,1592.0,8888.0,7296.0,8252.0,4248.0,-4004.0,682.5641025641025,3856.0,-4472.875,8279.078059142515,-13771.0,13353.0,27124.0,12620.0,949.0,-11671.0,1736.4358974358975,5780.0,3158.425,4318.189104749235,-6340.0,9334.0,15674.0,-5824.0,135.0,5959.0,1133.6153846153845,5551.0,3901.575,5812.22303377761,-7399.0,22147.0,29546.0,965.0,-3345.0,-4310.0,3270.4615384615386,18864.0,exercise_4_hand_wave,exercise_4_hand_wave_9
0.0,0.0,0.0,0.0,0.0,0.0,0.0,0.0,0.0,0.0,0.175,0.3799671038392664,0.0,1.0,1.0,0.0,0.0,0.0,0.05128205128205128,1.0,0.0,0.0,0.0,0.0,0.0,0.0,0.0,0.0,0.0,0.0,0.0,0.0,0.0,0.0,0.0,0.0,0.0,0.0,0.0,0.0,0.0,0.0,0.0,0.0,0.0,0.0,0.0,0.0,0.0,0.0,15829.1,450.29944481422586,14812.0,16668.0,1856.0,16668.0,16412.0,-256.0,370.6666666666667,1280.0,-3637.5,751.7019023522556,-5376.0,-1960.0,3416.0,-4344.0,-3312.0,1032.0,439.38461538461536,1808.0,-2425.0,528.3436381750045,-3664.0,-1384.0,2280.0,-2148.0,-2628.0,-480.0,414.7692307692308,1524.0,-565.775,963.457276881025,-2570.0,2417.0,4987.0,-1825.0,-758.0,1067.0,535.9230769230769,3700.0,982.7,1071.7943646054498,-2323.0,3104.0,5427.0,2312.0,785.0,-1527.0,849.6153846153846,5427.0,69.425,1743.8586795881715,-5219.0,4422.0,9641.0,-1374.0,1229.0,2603.0,1322.025641025641,6641.0,exercise_5_finger_typing,exercise_5_finger_typing_4
0.0,0.0,0.0,0.0,0.0,0.0,0.0,0.0,0.0,0.0,0.025,0.1561249499599599,0.0,1.0,1.0,1.0,0.0,-1.0,0.02564102564102564,1.0,0.0,0.0,0.0,0.0,0.0,0.0,0.0,0.0,0.0,0.0,0.0,0.0,0.0,0.0,0.0,0.0,0.0,0.0,0.0,0.0,0.0,0.0,0.0,0.0,0.0,0.0,0.0,0.0,0.0,0.0,15843.0,611.6566030053137,14812.0,17776.0,2964.0,16188.0,14936.0,-1252.0,493.84615384615387,2612.0,-3366.0,1002.6628546026825,-5376.0,-1360.0,4016.0,-4172.0,-3376.0,796.0,646.0512820512821,2828.0,-2492.7,632.7166111301331,-3992.0,-1384.0,2608.0,-3032.0,-2976.0,56.0,580.7179487179487,1764.0,-882.675,993.403678961881,-3202.0,2433.0,5635.0,-728.0,-308.0,420.0,754.3589743589744,3385.0,981.525,1117.0979363399613,-1720.0,3006.0,4726.0,2917.0,468.0,-2449.0,854.025641025641,3567.0,-135.375,2066.2848144374966,-5219.0,4889.0,10108.0,141.0,912.0,771.0,1816.025641025641,7990.0,exercise_5_finger_typing,exercise_5_finger_typing_4
0.0,0.0,0.0,0.0,0.0,0.0,0.0,0.0,0.0,0.0,0.0,0.0,0.0,0.0,0.0,0.0,0.0,0.0,0.0,0.0,0.0,0.0,0.0,0.0,0.0,0.0,0.0,0.0,0.0,0.0,0.0,0.0,0.0,0.0,0.0,0.0,0.0,0.0,0.0,0.0,0.0,0.0,0.0,0.0,0.0,0.0,0.0,0.0,0.0,0.0,15855.7,697.734842185769,14528.0,17776.0,3248.0,16604.0,15744.0,-860.0,537.3333333333334,2612.0,-3068.9,836.0796552960729,-5352.0,-1360.0,3992.0,-3328.0,-3052.0,276.0,784.9230769230769,2828.0,-3034.3,803.3837874888937,-5284.0,-1484.0,3800.0,-2956.0,-4216.0,-1260.0,718.4615384615385,2820.0,-417.7,1213.5686465956512,-3202.0,2433.0,5635.0,-467.0,326.0,793.0,836.5384615384615,3385.0,618.1,1367.0214116830798,-3556.0,3183.0,6739.0,559.0,-19.0,-578.0,1277.5897435897436,5754.0,145.425,1830.8846343707737,-4370.0,4889.0,9259.0,1008.0,2654.0,1646.0,1744.1025641025642,7990.0,exercise_5_finger_typing,exercise_5_finger_typing_4
0.0,0.0,0.0,0.0,0.0,0.0,0.0,0.0,0.0,0.0,0.0,0.0,0.0,0.0,0.0,0.0,0.0,0.0,0.0,0.0,0.0,0.0,0.0,0.0,0.0,0.0,0.0,0.0,0.0,0.0,0.0,0.0,0.0,0.0,0.0,0.0,0.0,0.0,0.0,0.0,0.0,0.0,0.0,0.0,0.0,0.0,0.0,0.0,0.0,0.0,15699.7,647.9101095059406,14528.0,17104.0,2576.0,14908.0,15440.0,532.0,505.3333333333333,2088.0,-3703.0,881.2907579227187,-5592.0,-1976.0,3616.0,-2872.0,-2972.0,-100.0,757.2307692307693,2616.0,-3202.3,784.9340800347504,-5284.0,-1124.0,4160.0,-2752.0,-2404.0,348.0,762.1538461538462,2820.0,-451.05,1548.9013840461246,-5018.0,2543.0,7561.0,26.0,-770.0,-796.0,884.0512820512821,2603.0,1088.35,1662.3380304558993,-3556.0,4698.0,8254.0,128.0,915.0,787.0,1414.025641025641,5754.0,8.375,2362.5567261708234,-6534.0,4203.0,10737.0,190.0,-3174.0,-3364.0,1724.7692307692307,6239.0,exercise_5_finger_typing,exercise_5_finger_typing_4
0.0,0.0,0.0,0.0,0.0,0.0,0.0,0.0,0.0,0.0,0.0,0.0,0.0,0.0,0.0,0.0,0.0,0.0,0.0,0.0,0.0,0.0,0.0,0.0,0.0,0.0,0.0,0.0,0.0,0.0,0.0,0.0,0.0,0.0,0.0,0.0,0.0,0.0,0.0,0.0,0.175,0.37996710383926646,0.0,1.0,1.0,0.0,0.0,0.0,0.05128205128205128,1.0,15797.8,605.4703626107557,14808.0,17104.0,2296.0,15676.0,16364.0,688.0,530.0512820512821,1428.0,-2893.0,1426.9401529146203,-5592.0,-812.0,4780.0,-3236.0,-1940.0,1296.0,728.2051282051282,2884.0,-3172.0,904.5087064257591,-5004.0,-792.0,4212.0,-3968.0,-4200.0,-232.0,745.8461538461538,2748.0,-954.975,1439.8229663312775,-5018.0,2543.0,7561.0,2543.0,-959.0,-3502.0,1043.7948717948718,3938.0,999.325,1677.5670238100772,-3261.0,4698.0,7959.0,887.0,749.0,-138.0,1485.5384615384614,5394.0,-252.05,2614.688403519624,-6534.0,4733.0,11267.0,3694.0,-474.0,-4168.0,2237.230769230769,8412.0,exercise_5_finger_typing,exercise_5_finger_typing_4
0.0,0.0,0.0,0.0,0.0,0.0,0.0,0.0,0.0,0.0,0.0,0.0,0.0,0.0,0.0,0.0,0.0,0.0,0.0,0.0,0.0,0.0,0.0,0.0,0.0,0.0,0.0,0.0,0.0,0.0,0.0,0.0,0.0,0.0,0.0,0.0,0.0,0.0,0.0,0.0,0.175,0.37996710383926624,0.0,1.0,1.0,0.0,0.0,0.0,0.05128205128205128,1.0,15814.7,523.842256791107,14992.0,16852.0,1860.0,15232.0,15076.0,-156.0,456.3076923076923,1428.0,-2131.4,1009.2165476249385,-4776.0,-272.0,4504.0,-2272.0,-4776.0,-2504.0,587.0769230769231,2884.0,-3605.7,928.5243723241733,-5004.0,-792.0,4212.0,-2696.0,-3588.0,-892.0,640.1025641025641,2748.0,-272.425,1237.2376668914505,-2676.0,2539.0,5215.0,-801.0,332.0,1133.0,837.1538461538462,3938.0,700.975,1555.8980122022776,-3261.0,4747.0,8008.0,179.0,-613.0,-792.0,1336.051282051282,5394.0,537.925,1879.9548583343694,-3679.0,4733.0,8412.0,-3608.0,1809.0,5417.0,1673.3076923076924,8412.0,exercise_5_finger_typing,exercise_5_finger_typing_4
0.0,0.0,0.0,0.0,0.0,0.0,0.0,0.0,0.0,0.0,0.0,0.0,0.0,0.0,0.0,0.0,0.0,0.0,0.0,0.0,0.0,0.0,0.0,0.0,0.0,0.0,0.0,0.0,0.0,0.0,0.0,0.0,0.0,0.0,0.0,0.0,0.0,0.0,0.0,0.0,0.05,0.21794494717703367,0.0,1.0,1.0,0.0,1.0,1.0,0.02564102564102564,1.0,15429.1,952.9545582030656,12704.0,17284.0,4580.0,16204.0,17284.0,1080.0,539.6923076923077,1552.0,-3662.9,1880.314226399407,-8948.0,-272.0,8676.0,-1652.0,-2508.0,-856.0,920.6153846153846,3736.0,-3297.8,1350.8879894350973,-6032.0,-528.0,5504.0,-4420.0,-3176.0,1244.0,664.1025641025641,2816.0,709.1,2367.36016271289,-2769.0,10325.0,13094.0,-403.0,-449.0,-46.0,1321.4358974358975,6236.0,1117.85,1917.4410884040217,-2817.0,6070.0,8887.0,1165.0,2132.0,967.0,1724.3333333333333,6238.0,330.525,3483.6219943293218,-7512.0,9586.0,17098.0,-897.0,4127.0,5024.0,2399.897435897436,10330.0,exercise_5_finger_typing,exercise_5_finger_typing_4
0.0,0.0,0.0,0.0,0.0,0.0,0.0,0.0,0.0,0.0,0.0,0.0,0.0,0.0,0.0,0.0,0.0,0.0,0.0,0.0,0.125,0.33071891388307384,0.0,1.0,1.0,0.0,0.0,0.0,0.05128205128205128,1.0,0.125,0.33071891388307384,0.0,1.0,1.0,0.0,0.0,0.0,0.05128205128205128,1.0,0.2,0.4000000000000001,0.0,1.0,1.0,0.0,0.0,0.0,0.05128205128205128,1.0,15536.5,988.9316204874834,12704.0,17284.0,4580.0,14796.0,15044.0,248.0,472.4102564102564,1552.0,-4369.1,1441.6096524371637,-8948.0,-1748.0,7200.0,-4144.0,-4272.0,-128.0,883.8974358974359,3736.0,-2396.8,1199.5626536367326,-6032.0,-528.0,5504.0,-3312.0,-1580.0,1732.0,620.0,2816.0,683.2,2424.250092296584,-2769.0,10325.0,13094.0,95.0,1522.0,1427.0,1288.128205128205,6236.0,958.4,1776.6066362591353,-2817.0,6070.0,8887.0,-138.0,-812.0,-674.0,1684.7692307692307,6238.0,19.625,3381.5457315220506,-7512.0,9586.0,17098.0,-306.0,800.0,1106.0,2435.6923076923076,10330.0,exercise_5_finger_typing,exercise_5_finger_typing_4
0.1,0.30000000000000004,0.0,1.0,1.0,0.0,1.0,1.0,0.02564102564102564,1.0,0.0,0.0,0.0,0.0,0.0,0.0,0.0,0.0,0.0,0.0,0.125,0.33071891388307384,0.0,1.0,1.0,0.0,0.0,0.0,0.05128205128205128,1.0,0.125,0.33071891388307384,0.0,1.0,1.0,1.0,0.0,-1.0,0.02564102564102564,1.0,0.15,0.3570714214271425,0.0,1.0,1.0,1.0,0.0,-1.0,0.02564102564102564,1.0,15705.1,372.8184410674987,15044.0,16692.0,1648.0,16692.0,15732.0,-960.0,186.25641025641025,700.0,-4433.5,695.7164293014791,-5548.0,-2896.0,2652.0,-3928.0,-5548.0,-1620.0,463.0769230769231,1268.0,-2146.1,485.0302980227112,-3200.0,-1256.0,1944.0,-2016.0,-2684.0,-668.0,427.1794871794872,1132.0,224.025,1079.2591090071928,-1116.0,2948.0,4064.0,-1116.0,-626.0,490.0,580.4615384615385,2038.0,733.925,1106.1890522758756,-1872.0,3370.0,5242.0,1520.0,85.0,-1435.0,869.3589743589744,2911.0,392.525,965.1553757685857,-1485.0,3037.0,4522.0,-1485.0,-11.0,1474.0,1041.4871794871794,3532.0,exercise_5_finger_typing,exercise_5_finger_typing_4
0.175,0.3799671038392664,0.0,1.0,1.0,0.0,0.0,0.0,0.05128205128205128,1.0,0.0,0.0,0.0,0.0,0.0,0.0,0.0,0.0,0.0,0.0,0.0,0.0,0.0,0.0,0.0,0.0,0.0,0.0,0.0,0.0,0.0,0.0,0.0,0.0,0.0,0.0,0.0,0.0,0.0,0.0,0.275,0.4465142774872937,0.0,1.0,1.0,0.0,0.0,0.0,0.05128205128205128,1.0,15756.2,473.8252420460522,14812.0,17112.0,2300.0,15128.0,15404.0,276.0,275.5897435897436,1288.0,-4424.5,982.211458902817,-5912.0,-1308.0,4604.0,-4396.0,-4708.0,-312.0,748.1025641025641,2396.0,-1951.7,572.0694975263058,-3200.0,-912.0,2288.0,-2080.0,-2204.0,-124.0,408.5128205128205,1276.0,-212.325,1469.457423464525,-2965.0,5029.0,7994.0,305.0,-139.0,-444.0,904.1025641025641,4015.0,772.5,1856.1480544396236,-6464.0,3496.0,9960.0,-15.0,-4817.0,-4802.0,1107.7435897435898,8486.0,58.75,2603.2900697962955,-4640.0,11422.0,16062.0,49.0,2505.0,2456.0,1925.5897435897436,12757.0,exercise_5_finger_typing,exercise_5_finger_typing_4
0.075,0.2633913438213189,0.0,1.0,1.0,1.0,0.0,-1.0,0.02564102564102564,1.0,0.0,0.0,0.0,0.0,0.0,0.0,0.0,0.0,0.0,0.0,0.0,0.0,0.0,0.0,0.0,0.0,0.0,0.0,0.0,0.0,0.0,0.0,0.0,0.0,0.0,0.0,0.0,0.0,0.0,0.0,0.275,0.4465142774872935,0.0,1.0,1.0,0.0,0.0,0.0,0.05128205128205128,1.0,15458.1,817.7662196496013,13124.0,17112.0,3988.0,16148.0,14408.0,-1740.0,497.3333333333333,2360.0,-4485.3,1432.5016963340743,-6940.0,-1308.0,5632.0,-5912.0,-6468.0,-556.0,856.5128205128206,2396.0,-2879.6,1389.044218158659,-5488.0,-912.0,4576.0,-3024.0,-3964.0,-940.0,596.8205128205128,2540.0,-261.725,2086.2427469915865,-4660.0,5029.0,9689.0,-879.0,-134.0,745.0,1298.4871794871794,4521.0,294.75,2453.209354600622,-7392.0,3496.0,10888.0,1780.0,1003.0,-777.0,1839.6666666666667,8486.0,123.375,3369.646388625222,-4640.0,11422.0,16062.0,-136.0,-3767.0,-3631.0,2335.5641025641025,12757.0,exercise_5_finger_typing,exercise_5_finger_typing_4
0.0,0.0,0.0,0.0,0.0,0.0,0.0,0.0,0.0,0.0,0.0,0.0,0.0,0.0,0.0,0.0,0.0,0.0,0.0,0.0,0.0,0.0,0.0,0.0,0.0,0.0,0.0,0.0,0.0,0.0,0.0,0.0,0.0,0.0,0.0,0.0,0.0,0.0,0.0,0.0,0.0,0.0,0.0,0.0,0.0,0.0,0.0,0.0,0.0,0.0,14698.6,703.2584446702365,13124.0,16092.0,2968.0,15560.0,14988.0,-572.0,578.3589743589744,2360.0,-5631.9,1391.0199099941021,-8840.0,-2424.0,6416.0,-5776.0,-7556.0,-1780.0,800.3076923076923,3176.0,-4117.7,789.3525891513881,-6032.0,-2188.0,3844.0,-2188.0,-3560.0,-1372.0,798.0512820512821,2540.0,62.0,1721.9051948350698,-4660.0,4522.0,9182.0,-4660.0,463.0,5123.0,1021.6666666666666,3479.0,491.1,2232.232781320085,-7392.0,6107.0,13499.0,-7392.0,1012.0,8404.0,1998.4615384615386,6714.0,484.1,2619.3343982775477,-4030.0,7590.0,11620.0,-1960.0,907.0,2867.0,2005.6666666666667,6566.0,exercise_5_finger_typing,exercise_5_finger_typing_4
0.0,0.0,0.0,0.0,0.0,0.0,0.0,0.0,0.0,0.0,0.0,0.0,0.0,0.0,0.0,0.0,0.0,0.0,0.0,0.0,0.0,0.0,0.0,0.0,0.0,0.0,0.0,0.0,0.0,0.0,0.0,0.0,0.0,0.0,0.0,0.0,0.0,0.0,0.0,0.0,0.0,0.0,0.0,0.0,0.0,0.0,0.0,0.0,0.0,0.0,14788.5,712.2219808458597,13228.0,16100.0,2872.0,14068.0,14824.0,756.0,597.6410256410256,2096.0,-5073.4,2663.4832156407524,-8840.0,1432.0,10272.0,-4480.0,-6164.0,-1684.0,1202.5641025641025,7960.0,-4020.9,746.8378605828711,-6032.0,-2352.0,3680.0,-3344.0,-4224.0,-880.0,665.8461538461538,2492.0,-545.65,2251.211513274575,-6582.0,2350.0,8932.0,475.0,-2029.0,-2504.0,1226.0,4872.0,1015.575,1919.7134797607168,-3398.0,6107.0,9505.0,42.0,857.0,815.0,1606.2820512820513,6714.0,120.45,6475.026714037556,-15531.0,21306.0,36837.0,-2151.0,-2518.0,-367.0,3824.5384615384614,18636.0,exercise_5_finger_typing,exercise_5_finger_typing_4
0.0,0.0,0.0,0.0,0.0,0.0,0.0,0.0,0.0,0.0,0.0,0.0,0.0,0.0,0.0,0.0,0.0,0.0,0.0,0.0,0.0,0.0,0.0,0.0,0.0,0.0,0.0,0.0,0.0,0.0,0.0,0.0,0.0,0.0,0.0,0.0,0.0,0.0,0.0,0.0,0.0,0.0,0.0,0.0,0.0,0.0,0.0,0.0,0.0,0.0,14947.9,721.9049729708198,13628.0,16616.0,2988.0,15372.0,15196.0,-176.0,663.7948717948718,2160.0,-4545.0,2501.3760612910646,-8756.0,1432.0,10188.0,-7692.0,-6536.0,1156.0,1175.8974358974358,7960.0,-4343.2,732.984692882464,-5720.0,-2352.0,3368.0,-3412.0,-5396.0,-1984.0,487.1794871794872,2492.0,-789.525,2381.4085851392665,-6582.0,2350.0,8932.0,1396.0,1006.0,-390.0,1228.6153846153845,4872.0,663.675,1678.8207972785544,-3398.0,5194.0,8592.0,1567.0,832.0,-735.0,1389.974358974359,4630.0,-34.725,6643.732617992313,-15531.0,21306.0,36837.0,2028.0,2229.0,201.0,3614.7948717948716,18636.0,exercise_5_finger_typing,exercise_5_finger_typing_4
0.0,0.0,0.0,0.0,0.0,0.0,0.0,0.0,0.0,0.0,0.0,0.0,0.0,0.0,0.0,0.0,0.0,0.0,0.0,0.0,0.0,0.0,0.0,0.0,0.0,0.0,0.0,0.0,0.0,0.0,0.0,0.0,0.0,0.0,0.0,0.0,0.0,0.0,0.0,0.0,0.0,0.0,0.0,0.0,0.0,0.0,0.0,0.0,0.0,0.0,13780.6,1700.883429280208,8996.0,16616.0,7620.0,14756.0,15048.0,292.0,718.2564102564103,2672.0,-7018.9,3258.787380299611,-14312.0,-2192.0,12120.0,-5916.0,-5132.0,784.0,1331.4871794871794,5548.0,-3606.6,1550.8489417090243,-5720.0,128.0,5848.0,-3780.0,-2400.0,1380.0,570.7692307692307,2136.0,78.55,4074.137258058447,-9304.0,13036.0,22340.0,-3703.0,-30.0,3673.0,1950.6410256410256,7200.0,971.425,1484.1729159282618,-2295.0,4396.0,6691.0,-838.0,-97.0,741.0,1338.3846153846155,4696.0,-165.1,7860.982940447079,-24216.0,17976.0,42192.0,-6244.0,2694.0,8938.0,3651.3333333333335,17147.0,exercise_5_finger_typing,exercise_5_finger_typing_4
0.0,0.0,0.0,0.0,0.0,0.0,0.0,0.0,0.0,0.0,0.0,0.0,0.0,0.0,0.0,0.0,0.0,0.0,0.0,0.0,0.0,0.0,0.0,0.0,0.0,0.0,0.0,0.0,0.0,0.0,0.0,0.0,0.0,0.0,0.0,0.0,0.0,0.0,0.0,0.0,0.0,0.0,0.0,0.0,0.0,0.0,0.0,0.0,0.0,0.0,14148.6,2002.0694393551887,8996.0,17428.0,8432.0,14612.0,15760.0,1148.0,895.4871794871794,4032.0,-5323.6,5223.929846389594,-14312.0,4564.0,18876.0,-7248.0,608.0,7856.0,2074.4615384615386,7544.0,-2797.4,1469.881233297439,-7280.0,128.0,7408.0,-4928.0,-7280.0,-2352.0,840.0,2408.0,-1953.675,5564.0938542924505,-16706.0,13036.0,29742.0,477.0,-3799.0,-4276.0,3309.6923076923076,11939.0,681.8,3049.615723333023,-9366.0,4723.0,14089.0,2034.0,-4299.0,-6333.0,2126.2820512820513,11528.0,-1493.8,9664.088532293152,-24216.0,17976.0,42192.0,51.0,-1834.0,-1885.0,6262.025641025641,20185.0,exercise_5_finger_typing,exercise_5_finger_typing_4
0.0,0.0,0.0,0.0,0.0,0.0,0.0,0.0,0.0,0.0,0.1,0.3,0.0,1.0,1.0,0.0,0.0,0.0,0.05128205128205128,1.0,0.125,0.33071891388307384,0.0,1.0,1.0,0.0,1.0,1.0,0.02564102564102564,1.0,0.0,0.0,0.0,0.0,0.0,0.0,0.0,0.0,0.0,0.0,0.0,0.0,0.0,0.0,0.0,0.0,0.0,0.0,0.0,0.0,15038.2,1845.8725741502312,8844.0,17516.0,8672.0,14180.0,15852.0,1672.0,1389.5384615384614,7772.0,-2409.7,3960.3535082111043,-8352.0,4564.0,12916.0,-5596.0,-4712.0,884.0,2048.3076923076924,7544.0,-4201.7,2473.667865741074,-10524.0,-688.0,9836.0,-3116.0,-4084.0,-968.0,1130.051282051282,4296.0,-936.375,6347.910879523672,-16706.0,23432.0,40138.0,1407.0,-361.0,-1768.0,3463.4358974358975,16365.0,589.35,4081.5756427512147,-9366.0,9226.0,18592.0,-1605.0,3754.0,5359.0,2481.2051282051284,11528.0,44.65,8301.810240995634,-24103.0,27492.0,51595.0,9082.0,-87.0,-9169.0,5697.0,20185.0,exercise_5_finger_typing,exercise_5_finger_typing_4
0.0,0.0,0.0,0.0,0.0,0.0,0.0,0.0,0.0,0.0,0.1,0.2999999999999998,0.0,1.0,1.0,0.0,0.0,0.0,0.05128205128205128,1.0,0.125,0.33071891388307384,0.0,1.0,1.0,0.0,0.0,0.0,0.05128205128205128,1.0,0.0,0.0,0.0,0.0,0.0,0.0,0.0,0.0,0.0,0.0,0.2,0.40000000000000013,0.0,1.0,1.0,0.0,0.0,0.0,0.05128205128205128,1.0,14795.3,1906.0117287152252,8844.0,17516.0,8672.0,14024.0,12408.0,-1616.0,1270.3589743589744,7772.0,-3014.7,3714.940256585562,-9992.0,3692.0,13684.0,236.0,-9992.0,-10228.0,2056.5128205128203,6064.0,-4495.4,2386.999715123569,-10524.0,-988.0,9536.0,-6480.0,-7148.0,-668.0,1263.076923076923,4940.0,911.575,5076.810641965585,-7407.0,23432.0,30839.0,-1515.0,-912.0,603.0,2688.3846153846152,16365.0,655.075,3656.324571119883,-7498.0,9226.0,16724.0,-4335.0,-840.0,3495.0,2305.8205128205127,9188.0,1851.025,8446.287218321137,-18624.0,27492.0,46116.0,-297.0,940.0,1237.0,6359.7692307692305,29078.0,exercise_5_finger_typing,exercise_5_finger_typing_4
0.0,0.0,0.0,0.0,0.0,0.0,0.0,0.0,0.0,0.0,0.0,0.0,0.0,0.0,0.0,0.0,0.0,0.0,0.0,0.0,0.0,0.0,0.0,0.0,0.0,0.0,0.0,0.0,0.0,0.0,0.0,0.0,0.0,0.0,0.0,0.0,0.0,0.0,0.0,0.0,0.2,0.4000000000000001,0.0,1.0,1.0,0.0,0.0,0.0,0.05128205128205128,1.0,14813.8,1295.4483239404033,11952.0,17028.0,5076.0,15728.0,14416.0,-1312.0,822.1538461538462,3428.0,-4087.9,3130.5586067026443,-10416.0,3444.0,13860.0,-6452.0,-3228.0,3224.0,1808.2051282051282,5896.0,-4400.9,1736.8093706564346,-8196.0,-988.0,7208.0,-3792.0,-5984.0,-2192.0,1037.7435897435898,4940.0,-798.725,2470.2707542646012,-7407.0,5187.0,12594.0,-2831.0,664.0,3495.0,1714.8974358974358,7023.0,898.325,2963.756226374733,-7498.0,9570.0,17068.0,4872.0,3321.0,-1551.0,2442.025641025641,11421.0,-180.975,7324.956387199516,-18624.0,20925.0,39549.0,-2160.0,-474.0,1686.0,5864.102564102564,29078.0,exercise_5_finger_typing,exercise_5_finger_typing_4
0.0,0.0,0.0,0.0,0.0,0.0,0.0,0.0,0.0,0.0,0.0,0.0,0.0,0.0,0.0,0.0,0.0,0.0,0.0,0.0,0.025,0.15612494995995996,0.0,1.0,1.0,0.0,1.0,1.0,0.02564102564102564,1.0,0.0,0.0,0.0,0.0,0.0,0.0,0.0,0.0,0.0,0.0,0.0,0.0,0.0,0.0,0.0,0.0,0.0,0.0,0.0,0.0,16046.3,1058.9753113269446,14636.0,20136.0,5500.0,15908.0,17124.0,1216.0,699.6923076923077,3712.0,-3923.9,494.8886642468182,-4912.0,-2536.0,2376.0,-4264.0,-3288.0,976.0,331.8974358974359,1636.0,-508.5,796.0091393947686,-3244.0,408.0,3652.0,-216.0,-1620.0,-1404.0,421.2307692307692,1968.0,-737.95,740.1389379704326,-3879.0,648.0,4527.0,-520.0,-706.0,-186.0,491.64102564102564,4128.0,630.15,1730.1602895396713,-4908.0,3469.0,8377.0,686.0,1008.0,322.0,1170.6153846153845,7379.0,30.1,1279.5650784543943,-3094.0,5139.0,8233.0,519.0,26.0,-493.0,899.5128205128206,8233.0,exercise_5_finger_typing,exercise_5_finger_typing_5
0.0,0.0,0.0,0.0,0.0,0.0,0.0,0.0,0.0,0.0,0.05,0.21794494717703367,0.0,1.0,1.0,0.0,0.0,0.0,0.05128205128205128,1.0,0.1,0.2999999999999999,0.0,1.0,1.0,0.0,0.0,0.0,0.05128205128205128,1.0,0.0,0.0,0.0,0.0,0.0,0.0,0.0,0.0,0.0,0.0,0.0,0.0,0.0,0.0,0.0,0.0,0.0,0.0,0.0,0.0,15752.8,1082.397043602762,13680.0,20136.0,6456.0,16060.0,13976.0,-2084.0,708.2051282051282,3712.0,-4046.5,1025.0274874363126,-8636.0,-2424.0,6212.0,-3780.0,-4708.0,-928.0,896.8205128205128,6212.0,-1143.1,1052.880425309541,-5560.0,660.0,6220.0,-352.0,-612.0,-260.0,754.3589743589744,4588.0,-17.975,1555.1350823561918,-3879.0,5191.0,9070.0,-390.0,5191.0,5581.0,1145.871794871795,5878.0,522.4,3116.411765155561,-11572.0,6292.0,17864.0,2789.0,-6593.0,-9382.0,2371.948717948718,15026.0,645.35,2859.760746548564,-6296.0,11180.0,17476.0,-98.0,11180.0,11278.0,2373.230769230769,14890.0,exercise_5_finger_typing,exercise_5_finger_typing_5
0.0,0.0,0.0,0.0,0.0,0.0,0.0,0.0,0.0,0.0,0.05,0.2179449471770336,0.0,1.0,1.0,0.0,0.0,0.0,0.05128205128205128,1.0,0.075,0.2633913438213189,0.0,1.0,1.0,1.0,0.0,-1.0,0.02564102564102564,1.0,0.0,0.0,0.0,0.0,0.0,0.0,0.0,0.0,0.0,0.0,0.0,0.0,0.0,0.0,0.0,0.0,0.0,0.0,0.0,0.0,15636.9,754.2410688897814,13680.0,17480.0,3800.0,16568.0,16224.0,-344.0,617.8461538461538,3304.0,-4939.2,1445.3080502093662,-9544.0,-2424.0,7120.0,-3840.0,-4256.0,-416.0,1346.6666666666667,6212.0,-952.2,1309.2858969682673,-5560.0,708.0,6268.0,-1416.0,484.0,1900.0,934.6666666666666,4588.0,-473.725,2290.0196941019963,-5930.0,5191.0,11121.0,266.0,-2215.0,-2481.0,2027.051282051282,8792.0,1452.4,3098.3471061196487,-11572.0,6292.0,17864.0,849.0,1243.0,394.0,2493.4871794871797,15026.0,312.775,4218.62873151632,-12046.0,11180.0,23226.0,1832.0,4548.0,2716.0,4184.102564102564,22772.0,exercise_5_finger_typing,exercise_5_finger_typing_5
0.0,0.0,0.0,0.0,0.0,0.0,0.0,0.0,0.0,0.0,0.0,0.0,0.0,0.0,0.0,0.0,0.0,0.0,0.0,0.0,0.0,0.0,0.0,0.0,0.0,0.0,0.0,0.0,0.0,0.0,0.025,0.15612494995995996,0.0,1.0,1.0,0.0,0.0,0.0,0.05128205128205128,1.0,0.1,0.2999999999999999,0.0,1.0,1.0,0.0,0.0,0.0,0.05128205128205128,1.0,15808.1,834.0429185599503,14312.0,17752.0,3440.0,15260.0,15696.0,436.0,728.1025641025641,3396.0,-4994.0,1647.1451666443975,-9544.0,420.0,9964.0,-9544.0,-4776.0,4768.0,1541.7435897435898,6016.0,-777.5,1307.8176287235158,-4720.0,708.0,5428.0,-4720.0,-736.0,3984.0,864.8205128205128,4044.0,-1057.225,3037.315093034472,-7577.0,4799.0,12376.0,-3601.0,-2631.0,970.0,2262.3076923076924,9592.0,1592.6,2227.5651258717444,-3391.0,7299.0,10690.0,3459.0,1123.0,-2336.0,1831.6410256410256,7022.0,-320.6,4170.738890172818,-12046.0,10726.0,22772.0,-4014.0,-2616.0,1398.0,4010.923076923077,22772.0,exercise_5_finger_typing,exercise_5_finger_typing_5
0.025,0.15612494995995996,0.0,1.0,1.0,0.0,1.0,1.0,0.02564102564102564,1.0,0.0,0.0,0.0,0.0,0.0,0.0,0.0,0.0,0.0,0.0,0.05,0.21794494717703364,0.0,1.0,1.0,0.0,0.0,0.0,0.05128205128205128,1.0,0.025,0.15612494995995993,0.0,1.0,1.0,0.0,0.0,0.0,0.05128205128205128,1.0,0.15,0.3570714214271425,0.0,1.0,1.0,0.0,0.0,0.0,0.10256410256410256,1.0,15625.8,1110.7564809624112,12364.0,17752.0,5388.0,14564.0,15328.0,764.0,938.1538461538462,4656.0,-5221.8,2025.9241742967579,-13228.0,420.0,13648.0,-8120.0,-6324.0,1796.0,1682.3589743589744,8452.0,-842.2,1183.0208620307592,-3596.0,2148.0,5744.0,360.0,-32.0,-392.0,1064.6153846153845,4852.0,138.475,2829.624922030303,-7577.0,4799.0,12376.0,-5865.0,-1765.0,4100.0,1662.923076923077,9592.0,863.35,2593.1033102250285,-9502.0,7299.0,16801.0,74.0,2340.0,2266.0,2422.5641025641025,11299.0,755.575,3739.389601843461,-6839.0,13861.0,20700.0,-2033.0,-3269.0,-1236.0,3353.2820512820513,15619.0,exercise_5_finger_typing,exercise_5_finger_typing_5
0.1,0.2999999999999999,0.0,1.0,1.0,0.0,0.0,0.0,0.05128205128205128,1.0,0.0,0.0,0.0,0.0,0.0,0.0,0.0,0.0,0.0,0.0,0.05,0.21794494717703355,0.0,1.0,1.0,0.0,0.0,0.0,0.05128205128205128,1.0,0.0,0.0,0.0,0.0,0.0,0.0,0.0,0.0,0.0,0.0,0.2,0.4000000000000001,0.0,1.0,1.0,0.0,1.0,1.0,0.1282051282051282,1.0,15320.2,1358.449100997163,11940.0,19452.0,7512.0,16180.0,19452.0,3272.0,1155.8974358974358,4656.0,-5746.1,2195.543848343731,-13228.0,-2268.0,10960.0,-4224.0,-2268.0,1956.0,1449.3333333333333,8452.0,-714.6,1335.0372429262038,-5408.0,2148.0,7556.0,-440.0,-3228.0,-2788.0,1148.0,5016.0,-430.725,2162.44072736688,-5819.0,2960.0,8779.0,-2094.0,-999.0,1095.0,1434.8974358974358,4482.0,544.275,2740.5962580020796,-9502.0,4399.0,13901.0,1603.0,-185.0,-1788.0,2467.7948717948716,11299.0,-242.2,4381.06678903666,-8900.0,13861.0,22761.0,-1710.0,183.0,1893.0,3715.051282051282,15619.0,exercise_5_finger_typing,exercise_5_finger_typing_5
0.075,0.2633913438213189,0.0,1.0,1.0,1.0,0.0,-1.0,0.02564102564102564,1.0,0.0,0.0,0.0,0.0,0.0,0.0,0.0,0.0,0.0,0.0,0.075,0.26339134382131857,0.0,1.0,1.0,0.0,0.0,0.0,0.05128205128205128,1.0,0.05,0.2179449471770336,0.0,1.0,1.0,0.0,0.0,0.0,0.05128205128205128,1.0,0.175,0.3799671038392664,0.0,1.0,1.0,0.0,0.0,0.0,0.10256410256410256,1.0,15589.5,1489.198358177983,11940.0,19452.0,7512.0,15148.0,16356.0,1208.0,1158.3589743589744,3516.0,-5099.0,1903.2050336209181,-10368.0,-2268.0,8100.0,-9444.0,-5828.0,3616.0,1232.820512820513,3472.0,-1461.1,1607.9810913067354,-5452.0,1144.0,6596.0,60.0,-2940.0,-3000.0,1059.076923076923,5016.0,-695.75,2324.711054625929,-5819.0,4458.0,10277.0,2112.0,3530.0,1418.0,1469.948717948718,4473.0,513.775,2438.436645552843,-9346.0,5040.0,14386.0,1796.0,1829.0,33.0,2016.5384615384614,10777.0,-419.025,3999.1915838547925,-8900.0,7315.0,16215.0,6144.0,7315.0,1171.0,3218.3846153846152,9976.0,exercise_5_finger_typing,exercise_5_finger_typing_5
0.0,0.0,0.0,0.0,0.0,0.0,0.0,0.0,0.0,0.0,0.0,0.0,0.0,0.0,0.0,0.0,0.0,0.0,0.0,0.0,0.15,0.3570714214271425,0.0,1.0,1.0,0.0,0.0,0.0,0.10256410256410256,1.0,0.225,0.4175823272122517,0.0,1.0,1.0,1.0,0.0,-1.0,0.1282051282051282,1.0,0.15,0.3570714214271425,0.0,1.0,1.0,1.0,0.0,-1.0,0.1282051282051282,1.0,15617.5,1830.115993591663,12180.0,20320.0,8140.0,17092.0,15624.0,-1468.0,1262.6666666666667,5336.0,-4857.0,1689.8612369067466,-8732.0,-1016.0,7716.0,-3816.0,-4100.0,-284.0,1651.5897435897436,4680.0,-1856.9,1261.2474737338428,-5452.0,240.0,5692.0,-1484.0,-1332.0,152.0,971.8974358974359,3160.0,-484.35,3097.518809870249,-9886.0,7385.0,17271.0,-932.0,3145.0,4077.0,1900.2307692307693,7620.0,1123.7,2572.3359636719306,-4612.0,6311.0,10923.0,1425.0,-158.0,-1583.0,2623.051282051282,8876.0,426.825,4041.563508640561,-10497.0,8417.0,18914.0,1492.0,8417.0,6925.0,3485.4102564102564,13720.0,exercise_5_finger_typing,exercise_5_finger_typing_5
0.1,0.29999999999999993,0.0,1.0,1.0,0.0,0.0,0.0,0.05128205128205128,1.0,0.0,0.0,0.0,0.0,0.0,0.0,0.0,0.0,0.0,0.0,0.075,0.2633913438213187,0.0,1.0,1.0,0.0,0.0,0.0,0.05128205128205128,1.0,0.25,0.4330127018922193,0.0,1.0,1.0,0.0,0.0,0.0,0.15384615384615385,1.0,0.175,0.37996710383926646,0.0,1.0,1.0,0.0,0.0,0.0,0.20512820512820512,1.0,15290.0,1954.7623896525122,12180.0,20320.0,8140.0,13668.0,15120.0,1452.0,1297.948717948718,5336.0,-5547.2,1951.9254493960573,-9952.0,-1016.0,8936.0,-7924.0,-7352.0,572.0,1894.051282051282,4680.0,-1435.0,1115.8421931438154,-4084.0,724.0,4808.0,-2176.0,-1264.0,912.0,1036.7179487179487,3004.0,-853.275,3976.1654014106357,-9886.0,7385.0,17271.0,7385.0,-34.0,-7419.0,2470.7948717948716,10837.0,1265.4,2780.4284454018953,-7205.0,6311.0,13516.0,-320.0,2384.0,2704.0,3177.7948717948716,12110.0,481.825,5733.295814309166,-10497.0,12151.0,22648.0,7587.0,11575.0,3988.0,4355.2307692307695,18372.0,exercise_5_finger_typing,exercise_5_finger_typing_5
0.1,0.29999999999999977,0.0,1.0,1.0,0.0,0.0,0.0,0.05128205128205128,1.0,0.0,0.0,0.0,0.0,0.0,0.0,0.0,0.0,0.0,0.0,0.05,0.21794494717703367,0.0,1.0,1.0,0.0,1.0,1.0,0.02564102564102564,1.0,0.15,0.3570714214271425,0.0,1.0,1.0,0.0,0.0,0.0,0.10256410256410256,1.0,0.2,0.4,0.0,1.0,1.0,0.0,0.0,0.0,0.20512820512820512,1.0,15327.7,1542.2325084111017,12264.0,19280.0,7016.0,15364.0,14596.0,-768.0,1177.6410256410256,4084.0,-5605.9,1837.5932057993687,-10512.0,-2088.0,8424.0,-5868.0,-5680.0,188.0,1757.2307692307693,6184.0,-1355.8,1087.8698267715674,-3956.0,1280.0,5236.0,-1172.0,-1636.0,-464.0,1000.6153846153846,3004.0,-653.7,3416.0039973630005,-7994.0,5479.0,13473.0,4468.0,217.0,-4251.0,2248.3846153846152,10837.0,765.8,2873.032206572004,-7956.0,5175.0,13131.0,2824.0,1412.0,-1412.0,2812.7179487179487,12110.0,412.925,5867.222730506743,-10153.0,13213.0,23366.0,3051.0,-884.0,-3935.0,4684.538461538462,19487.0,exercise_5_finger_typing,exercise_5_finger_typing_5
0.0,0.0,0.0,0.0,0.0,0.0,0.0,0.0,0.0,0.0,0.15,0.3570714214271425,0.0,1.0,1.0,0.0,0.0,0.0,0.05128205128205128,1.0,0.125,0.33071891388307384,0.0,1.0,1.0,0.0,0.0,0.0,0.05128205128205128,1.0,0.1,0.2999999999999998,0.0,1.0,1.0,0.0,1.0,1.0,0.07692307692307693,1.0,0.15,0.3570714214271425,0.0,1.0,1.0,0.0,0.0,0.0,0.10256410256410256,1.0,15291.6,1397.4642177887777,12864.0,19340.0,6476.0,13536.0,19340.0,5804.0,1025.128205128205,4084.0,-5759.7,1654.8620214386456,-10512.0,-2088.0,8424.0,-7984.0,-7220.0,764.0,1544.3076923076924,6184.0,-1532.0,1345.50213675044,-4892.0,1688.0,6580.0,-668.0,-2440.0,-1772.0,1108.6153846153845,3168.0,-788.05,2203.3014200285893,-6306.0,4949.0,11255.0,-3591.0,-1701.0,1890.0,1565.7435897435898,4895.0,1088.5,2727.9932367951355,-7956.0,6756.0,14712.0,2465.0,991.0,-1474.0,2699.641025641026,11102.0,-260.9,4423.739745961554,-10153.0,13213.0,23366.0,-7912.0,1835.0,9747.0,4071.4615384615386,12807.0,exercise_5_finger_typing,exercise_5_finger_typing_5
0.0,0.0,0.0,0.0,0.0,0.0,0.0,0.0,0.0,0.0,0.275,0.44651427748729355,0.0,1.0,1.0,0.0,0.0,0.0,0.10256410256410256,1.0,0.075,0.2633913438213189,0.0,1.0,1.0,1.0,0.0,-1.0,0.02564102564102564,1.0,0.15,0.3570714214271425,0.0,1.0,1.0,0.0,0.0,0.0,0.10256410256410256,1.0,0.025,0.15612494995995993,0.0,1.0,1.0,0.0,0.0,0.0,0.05128205128205128,1.0,15086.6,1370.0188465856957,12864.0,19340.0,6476.0,14860.0,14032.0,-828.0,1162.5641025641025,4520.0,-6350.2,1726.3649556220726,-10000.0,-1836.0,8164.0,-5732.0,-6892.0,-1160.0,1587.4871794871794,4380.0,-888.5,1512.8862977765382,-4892.0,1688.0,6580.0,-3100.0,808.0,3908.0,1149.2307692307693,3168.0,543.6,2658.1002689891143,-6306.0,7418.0,13724.0,865.0,2353.0,1488.0,1622.6666666666667,4895.0,1202.95,2180.423295486452,-2794.0,6756.0,9550.0,-83.0,-431.0,-348.0,2136.974358974359,7416.0,832.4,4126.355866863642,-8928.0,8283.0,17211.0,1637.0,5649.0,4012.0,4019.128205128205,9819.0,exercise_5_finger_typing,exercise_5_finger_typing_5
0.125,0.33071891388307384,0.0,1.0,1.0,0.0,0.0,0.0,0.05128205128205128,1.0,0.125,0.33071891388307384,0.0,1.0,1.0,0.0,0.0,0.0,0.05128205128205128,1.0,0.0,0.0,0.0,0.0,0.0,0.0,0.0,0.0,0.0,0.0,0.125,0.33071891388307384,0.0,1.0,1.0,1.0,0.0,-1.0,0.07692307692307693,1.0,0.15,0.3570714214271425,0.0,1.0,1.0,1.0,0.0,-1.0,0.07692307692307693,1.0,14871.3,1054.947918145725,12868.0,17560.0,4692.0,14820.0,14016.0,-804.0,903.4871794871794,3824.0,-6893.0,1988.076205782867,-10152.0,-1836.0,8316.0,-6140.0,-8584.0,-2444.0,1452.0,4380.0,285.3,898.2918846343877,-1532.0,2312.0,3844.0,-1192.0,-100.0,1092.0,885.4358974358975,2448.0,9.55,3194.2668873311136,-8030.0,7418.0,15448.0,657.0,-2403.0,-3060.0,1671.948717948718,4406.0,957.9,1882.6623674998125,-2699.0,6148.0,8847.0,3108.0,-794.0,-3902.0,1527.948717948718,4085.0,287.175,4738.829301037863,-8439.0,12569.0,21008.0,610.0,-2995.0,-3605.0,3792.3333333333335,15564.0,exercise_5_finger_typing,exercise_5_finger_typing_5
0.125,0.33071891388307384,0.0,1.0,1.0,0.0,0.0,0.0,0.05128205128205128,1.0,0.0,0.0,0.0,0.0,0.0,0.0,0.0,0.0,0.0,0.0,0.0,0.0,0.0,0.0,0.0,0.0,0.0,0.0,0.0,0.0,0.15,0.3570714214271425,0.0,1.0,1.0,0.0,0.0,0.0,0.05128205128205128,1.0,0.125,0.33071891388307384,0.0,1.0,1.0,0.0,0.0,0.0,0.05128205128205128,1.0,15108.4,764.2469757872777,13596.0,16740.0,3144.0,13720.0,15316.0,1596.0,617.9487179487179,1540.0,-6025.4,2027.1593030642657,-10152.0,-2764.0,7388.0,-8540.0,-6504.0,2036.0,1017.7435897435897,2880.0,-808.3,1752.030910115458,-4056.0,2312.0,6368.0,-208.0,-2600.0,-2392.0,681.8461538461538,2476.0,-1515.35,2124.4641624419087,-8030.0,3227.0,11257.0,3227.0,-896.0,-4123.0,1294.5897435897436,4406.0,528.95,2125.4025965684714,-5183.0,5025.0,10208.0,-2699.0,-600.0,2099.0,1280.4871794871794,3906.0,-633.2,4026.4725641682953,-9017.0,12569.0,21586.0,6722.0,964.0,-5758.0,2998.3076923076924,15564.0,exercise_5_finger_typing,exercise_5_finger_typing_5
0.0,0.0,0.0,0.0,0.0,0.0,0.0,0.0,0.0,0.0,0.0,0.0,0.0,0.0,0.0,0.0,0.0,0.0,0.0,0.0,0.175,0.37996710383926646,0.0,1.0,1.0,0.0,0.0,0.0,0.05128205128205128,1.0,0.175,0.3799671038392663,0.0,1.0,1.0,0.0,1.0,1.0,0.07692307692307693,1.0,0.05,0.21794494717703364,0.0,1.0,1.0,0.0,1.0,1.0,0.07692307692307693,1.0,15435.3,678.5395419575782,14272.0,17080.0,2808.0,14980.0,16012.0,1032.0,604.7179487179487,2120.0,-4839.8,1080.1603399495837,-7184.0,-2764.0,4420.0,-6544.0,-2852.0,3692.0,707.3846153846154,2352.0,-2198.4,1041.9047173326362,-4056.0,352.0,4408.0,352.0,-516.0,-868.0,608.3076923076923,2476.0,-826.5,1089.8028720828368,-3618.0,1538.0,5156.0,-3618.0,-1035.0,2583.0,764.4358974358975,2210.0,780.425,2018.6107585106647,-5183.0,5241.0,10424.0,-1766.0,1561.0,3327.0,1159.6153846153845,3664.0,-403.175,2579.212669473962,-9017.0,5105.0,14122.0,-9017.0,158.0,9175.0,1820.2307692307693,5621.0,exercise_5_finger_typing,exercise_5_finger_typing_5
0.0,0.0,0.0,0.0,0.0,0.0,0.0,0.0,0.0,0.0,0.0,0.0,0.0,0.0,0.0,0.0,0.0,0.0,0.0,0.0,0.325,0.4683748498798798,0.0,1.0,1.0,0.0,1.0,1.0,0.07692307692307693,1.0,0.25,0.4330127018922193,0.0,1.0,1.0,0.0,1.0,1.0,0.07692307692307693,1.0,0.25,0.4330127018922193,0.0,1.0,1.0,0.0,1.0,1.0,0.1282051282051282,1.0,15781.2,826.4271050733997,14272.0,17728.0,3456.0,14316.0,16452.0,2136.0,566.3589743589744,2120.0,-4350.9,1088.516049491233,-7184.0,-2560.0,4624.0,-6004.0,-3452.0,2552.0,624.4102564102565,1944.0,-1902.0,814.4357556001578,-3864.0,-192.0,3672.0,-3276.0,-2348.0,928.0,495.38461538461536,1812.0,-702.6,896.3932395996748,-2461.0,1354.0,3815.0,-702.0,1269.0,1971.0,556.1794871794872,1659.0,1171.475,1240.608902666348,-2381.0,5241.0,7622.0,577.0,1175.0,598.0,1000.3076923076923,2626.0,-323.225,1940.4185049558253,-3983.0,6626.0,10609.0,-1946.0,2401.0,4347.0,1561.3076923076924,6785.0,exercise_5_finger_typing,exercise_5_finger_typing_5
0.0,0.0,0.0,0.0,0.0,0.0,0.0,0.0,0.0,0.0,0.175,0.3799671038392666,0.0,1.0,1.0,0.0,0.0,0.0,0.05128205128205128,1.0,0.2,0.4000000000000001,0.0,1.0,1.0,0.0,0.0,0.0,0.05128205128205128,1.0,0.225,0.4175823272122518,0.0,1.0,1.0,1.0,0.0,-1.0,0.07692307692307693,1.0,0.2,0.4000000000000001,0.0,1.0,1.0,1.0,0.0,-1.0,0.07692307692307693,1.0,15481.2,1411.6221024055978,10984.0,17728.0,6744.0,17728.0,13508.0,-4220.0,694.0512820512821,3416.0,-5369.6,2150.9556573765067,-11164.0,-2560.0,8604.0,-4308.0,-9940.0,-5632.0,778.6666666666666,4560.0,-1123.7,1176.4949256159161,-2660.0,1916.0,4576.0,-1276.0,1740.0,3016.0,565.3333333333334,3304.0,621.575,2852.3511520103903,-2461.0,9535.0,11996.0,-583.0,-322.0,261.0,1152.3333333333333,9857.0,1273.4,2014.8765694205688,-2381.0,6966.0,9347.0,153.0,2587.0,2434.0,1411.5897435897436,5980.0,1353.45,3905.3718065633648,-3983.0,10906.0,14889.0,6626.0,-3520.0,-10146.0,2404.051282051282,13057.0,exercise_5_finger_typing,exercise_5_finger_typing_5
0.025,0.15612494995995996,0.0,1.0,1.0,0.0,1.0,1.0,0.02564102564102564,1.0,0.175,0.37996710383926635,0.0,1.0,1.0,0.0,0.0,0.0,0.05128205128205128,1.0,0.05,0.21794494717703355,0.0,1.0,1.0,1.0,0.0,-1.0,0.02564102564102564,1.0,0.0,0.0,0.0,0.0,0.0,0.0,0.0,0.0,0.0,0.0,0.175,0.37996710383926646,0.0,1.0,1.0,0.0,0.0,0.0,0.05128205128205128,1.0,14714.7,1406.4910628937532,10984.0,17396.0,6412.0,17396.0,13748.0,-3648.0,840.4102564102565,3416.0,-7053.8,2081.7217777599385,-11164.0,-2944.0,8220.0,-2944.0,-9168.0,-6224.0,1343.3846153846155,6736.0,-126.9,1287.8381847111073,-2556.0,2536.0,5092.0,-2224.0,-304.0,1920.0,741.3333333333334,3304.0,880.325,3190.796956776629,-4922.0,9535.0,14457.0,1933.0,-1686.0,-3619.0,1554.4871794871794,9857.0,861.5,2387.2598936856457,-3291.0,6966.0,10257.0,4445.0,106.0,-4339.0,1923.6153846153845,5980.0,1677.475,6087.987746322672,-14315.0,15196.0,29511.0,3599.0,4019.0,420.0,3918.769230769231,13057.0,exercise_5_finger_typing,exercise_5_finger_typing_5
0.125,0.33071891388307384,0.0,1.0,1.0,0.0,0.0,0.0,0.05128205128205128,1.0,0.0,0.0,0.0,0.0,0.0,0.0,0.0,0.0,0.0,0.0,0.0,0.0,0.0,0.0,0.0,0.0,0.0,0.0,0.0,0.0,0.0,0.0,0.0,0.0,0.0,0.0,0.0,0.0,0.0,0.0,0.175,0.37996710383926624,0.0,1.0,1.0,0.0,0.0,0.0,0.05128205128205128,1.0,14711.6,1082.859473800733,12816.0,16968.0,4152.0,13448.0,14380.0,932.0,680.7179487179487,1944.0,-7021.6,2334.0181318918667,-11196.0,-3204.0,7992.0,-3204.0,-7424.0,-4220.0,1178.974358974359,5336.0,-441.5,1258.0558612398736,-3132.0,2536.0,5668.0,2536.0,-1540.0,-4076.0,651.7948717948718,2232.0,-1207.525,2940.5007905754765,-7663.0,5101.0,12764.0,-3617.0,5101.0,8718.0,1320.051282051282,3558.0,629.925,1817.0585074165888,-3291.0,4634.0,7925.0,956.0,-199.0,-1155.0,1655.6666666666667,5212.0,-225.725,6809.128813539585,-14315.0,17364.0,31679.0,-7063.0,17364.0,24427.0,4080.1794871794873,12876.0,exercise_5_finger_typing,exercise_5_finger_typing_5
0.0,0.0,0.0,0.0,0.0,0.0,0.0,0.0,0.0,0.0,0.0,0.0,0.0,0.0,0.0,0.0,0.0,0.0,0.0,0.0,0.05,0.21794494717703367,0.0,1.0,1.0,0.0,1.0,1.0,0.02564102564102564,1.0,0.0,0.0,0.0,0.0,0.0,0.0,0.0,0.0,0.0,0.0,0.0,0.0,0.0,0.0,0.0,0.0,0.0,0.0,0.0,0.0,15234.8,877.2494286119542,13060.0,18332.0,5272.0,15336.0,16096.0,760.0,726.7692307692307,3672.0,-2460.1,1761.1488267605323,-3768.0,6772.0,10540.0,-3056.0,-1024.0,2032.0,904.0,9740.0,-5501.1,1402.234498933755,-10724.0,-3848.0,6876.0,-4592.0,-7064.0,-2472.0,902.1538461538462,5720.0,-462.25,1832.885194849912,-6288.0,4480.0,10768.0,-72.0,568.0,640.0,1145.3333333333333,4732.0,464.875,1852.4244679271,-5983.0,5883.0,11866.0,1729.0,1290.0,-439.0,1286.025641025641,7179.0,-311.375,2135.5339576731153,-5585.0,6589.0,12174.0,-42.0,1163.0,1205.0,1360.076923076923,7612.0,exercise_5_finger_typing,exercise_5_finger_typing_6
0.0,0.0,0.0,0.0,0.0,0.0,0.0,0.0,0.0,0.0,0.0,0.0,0.0,0.0,0.0,0.0,0.0,0.0,0.0,0.0,0.1,0.2999999999999999,0.0,1.0,1.0,0.0,0.0,0.0,0.05128205128205128,1.0,0.0,0.0,0.0,0.0,0.0,0.0,0.0,0.0,0.0,0.0,0.0,0.0,0.0,0.0,0.0,0.0,0.0,0.0,0.0,0.0,14629.1,1282.901083482277,11588.0,18332.0,6744.0,14776.0,12888.0,-1888.0,1145.8461538461538,3672.0,-3418.9,2818.881478530093,-10336.0,6772.0,17108.0,-2976.0,-7484.0,-4508.0,1502.2564102564102,9740.0,-6240.2,1347.4233039397827,-10724.0,-3692.0,7032.0,-4992.0,-5136.0,-144.0,1257.8461538461538,5720.0,202.925,2957.9904697911043,-7454.0,4808.0,12262.0,-2039.0,-7454.0,-5415.0,1829.974358974359,5116.0,633.75,2792.7076981846844,-5983.0,8408.0,14391.0,284.0,2223.0,1939.0,2041.4615384615386,7628.0,-295.725,5282.874884887488,-23692.0,7061.0,30753.0,-1409.0,-23692.0,-22283.0,3090.846153846154,13631.0,exercise_5_finger_typing,exercise_5_finger_typing_6
0.0,0.0,0.0,0.0,0.0,0.0,0.0,0.0,0.0,0.0,0.0,0.0,0.0,0.0,0.0,0.0,0.0,0.0,0.0,0.0,0.05,0.21794494717703355,0.0,1.0,1.0,1.0,0.0,-1.0,0.02564102564102564,1.0,0.0,0.0,0.0,0.0,0.0,0.0,0.0,0.0,0.0,0.0,0.0,0.0,0.0,0.0,0.0,0.0,0.0,0.0,0.0,0.0,14096.4,1670.4779675290545,10176.0,18148.0,7972.0,14896.0,13208.0,-1688.0,1195.4871794871794,4608.0,-1166.8,4544.411618680685,-10336.0,6384.0,16720.0,-2480.0,2256.0,4736.0,1705.4358974358975,8296.0,-6413.0,1914.9000496109452,-10100.0,-2988.0,7112.0,-5724.0,-8304.0,-2580.0,1047.076923076923,3116.0,-1179.9,3830.731306160745,-12076.0,4808.0,16884.0,918.0,-630.0,-1548.0,1941.4358974358975,5116.0,272.125,3752.2303579837685,-13109.0,8408.0,21517.0,1757.0,2044.0,287.0,2660.3333333333335,9095.0,-869.575,6539.596485592594,-24046.0,7061.0,31107.0,2209.0,1869.0,-340.0,3784.102564102564,15211.0,exercise_5_finger_typing,exercise_5_finger_typing_6
0.0,0.0,0.0,0.0,0.0,0.0,0.0,0.0,0.0,0.0,0.05,0.21794494717703367,0.0,1.0,1.0,0.0,1.0,1.0,0.02564102564102564,1.0,0.1,0.3,0.0,1.0,1.0,0.0,0.0,0.0,0.05128205128205128,1.0,0.0,0.0,0.0,0.0,0.0,0.0,0.0,0.0,0.0,0.0,0.0,0.0,0.0,0.0,0.0,0.0,0.0,0.0,0.0,0.0,14134.5,1779.1741202029664,10176.0,18736.0,8560.0,11880.0,14200.0,2320.0,1287.7948717948718,5172.0,1533.4,2648.024252154802,-6860.0,6384.0,13244.0,-968.0,-6860.0,-5892.0,1495.6923076923076,8296.0,-7373.8,2469.768078180621,-13924.0,-2988.0,10936.0,-3320.0,-13924.0,-10604.0,1346.3589743589744,8648.0,-834.325,3582.233649467187,-12076.0,7695.0,19771.0,-12076.0,1215.0,13291.0,1614.3333333333333,4796.0,54.175,4154.26685401588,-13109.0,6654.0,19763.0,3751.0,1477.0,-2274.0,3188.4615384615386,10747.0,245.125,5912.397835005269,-24046.0,19791.0,43837.0,-24046.0,-2508.0,21538.0,3578.153846153846,16489.0,exercise_5_finger_typing,exercise_5_finger_typing_6
0.0,0.0,0.0,0.0,0.0,0.0,0.0,0.0,0.0,0.0,0.1,0.2999999999999999,0.0,1.0,1.0,0.0,0.0,0.0,0.05128205128205128,1.0,0.1,0.29999999999999977,0.0,1.0,1.0,0.0,0.0,0.0,0.05128205128205128,1.0,0.0,0.0,0.0,0.0,0.0,0.0,0.0,0.0,0.0,0.0,0.0,0.0,0.0,0.0,0.0,0.0,0.0,0.0,0.0,0.0,14039.6,1568.016020326323,9932.0,18736.0,8804.0,14164.0,17988.0,3824.0,1237.948717948718,5172.0,-2005.8,3204.430926077203,-11692.0,2776.0,14468.0,2640.0,-11692.0,-14332.0,1464.923076923077,5636.0,-7590.7,2141.698463836588,-13924.0,-3944.0,9980.0,-8980.0,-12192.0,-3212.0,1525.4358974358975,8648.0,976.875,1738.6003161667147,-2971.0,7695.0,10666.0,424.0,-2971.0,-3395.0,1319.974358974359,5940.0,1303.675,3332.038433057908,-8714.0,6654.0,15368.0,567.0,2983.0,2416.0,2722.871794871795,10747.0,1636.45,5285.537219384611,-11743.0,19791.0,31534.0,3809.0,-11743.0,-15552.0,4460.461538461538,26624.0,exercise_5_finger_typing,exercise_5_finger_typing_6
0.0,0.0,0.0,0.0,0.0,0.0,0.0,0.0,0.0,0.0,0.05,0.21794494717703355,0.0,1.0,1.0,1.0,0.0,-1.0,0.02564102564102564,1.0,0.0,0.0,0.0,0.0,0.0,0.0,0.0,0.0,0.0,0.0,0.0,0.0,0.0,0.0,0.0,0.0,0.0,0.0,0.0,0.0,0.0,0.0,0.0,0.0,0.0,0.0,0.0,0.0,0.0,0.0,13904.5,2087.0365952709117,9932.0,18908.0,8976.0,11144.0,15676.0,4532.0,1338.1538461538462,6132.0,-3922.5,2661.54596992049,-11692.0,3328.0,15020.0,-4904.0,-208.0,4696.0,2133.128205128205,9080.0,-7001.7,1829.1600012027382,-12300.0,-3944.0,8356.0,-10580.0,-5232.0,5348.0,1412.2051282051282,5084.0,-1031.175,3013.5004636427384,-10105.0,6968.0,17073.0,1950.0,-2020.0,-3970.0,1911.5384615384614,11142.0,1778.45,2882.128145572296,-6753.0,8739.0,15492.0,3934.0,8739.0,4805.0,2534.641025641026,9196.0,-576.225,6383.2392462115195,-19992.0,16697.0,36689.0,2057.0,-5389.0,-7446.0,6162.410256410257,28440.0,exercise_5_finger_typing,exercise_5_finger_typing_6
0.0,0.0,0.0,0.0,0.0,0.0,0.0,0.0,0.0,0.0,0.0,0.0,0.0,0.0,0.0,0.0,0.0,0.0,0.0,0.0,0.075,0.2633913438213185,0.0,1.0,1.0,0.0,0.0,0.0,0.05128205128205128,1.0,0.0,0.0,0.0,0.0,0.0,0.0,0.0,0.0,0.0,0.0,0.0,0.0,0.0,0.0,0.0,0.0,0.0,0.0,0.0,0.0,14058.7,2195.088223739538,10000.0,18908.0,8908.0,15780.0,14828.0,-952.0,1536.820512820513,6132.0,-1644.4,3238.0749589841184,-10788.0,4876.0,15664.0,-7292.0,-284.0,7008.0,2001.4358974358975,9080.0,-7116.1,2101.477097186643,-12300.0,-4032.0,8268.0,-9096.0,-7908.0,1188.0,1435.7948717948718,5084.0,-1114.525,3051.934181691178,-10105.0,6968.0,17073.0,6968.0,-437.0,-7405.0,2171.2051282051284,11142.0,964.65,4107.5022796707,-12739.0,8739.0,21478.0,-2836.0,3358.0,6194.0,2916.102564102564,11782.0,-846.25,5767.288594955172,-19992.0,16697.0,36689.0,16697.0,2388.0,-14309.0,4613.461538461538,25390.0,exercise_5_finger_typing,exercise_5_finger_typing_6
0.0,0.0,0.0,0.0,0.0,0.0,0.0,0.0,0.0,0.0,0.025,0.15612494995995996,0.0,1.0,1.0,0.0,1.0,1.0,0.02564102564102564,1.0,0.075,0.2633913438213187,0.0,1.0,1.0,0.0,0.0,0.0,0.05128205128205128,1.0,0.0,0.0,0.0,0.0,0.0,0.0,0.0,0.0,0.0,0.0,0.0,0.0,0.0,0.0,0.0,0.0,0.0,0.0,0.0,0.0,13792.2,1865.295461850481,8244.0,18160.0,9916.0,14172.0,14804.0,632.0,1450.2564102564102,6560.0,-1596.5,3422.7154351479467,-12988.0,4876.0,17864.0,388.0,-12988.0,-13376.0,2248.6153846153848,13020.0,-7536.1,2550.299039328526,-16584.0,-3112.0,13472.0,-4400.0,-10456.0,-6056.0,1880.6153846153845,12132.0,302.05,2445.1379199341704,-4555.0,9102.0,13657.0,1802.0,-4555.0,-6357.0,2642.74358974359,13657.0,438.15,4924.768642027766,-15016.0,6172.0,21188.0,3817.0,5760.0,1943.0,3462.641025641026,20776.0,1532.625,7502.025931998302,-22700.0,32767.0,55467.0,1709.0,-22700.0,-24409.0,5394.794871794872,55467.0,exercise_5_finger_typing,exercise_5_finger_typing_6
0.0,0.0,0.0,0.0,0.0,0.0,0.0,0.0,0.0,0.0,0.1,0.2999999999999999,0.0,1.0,1.0,0.0,0.0,0.0,0.05128205128205128,1.0,0.0,0.0,0.0,0.0,0.0,0.0,0.0,0.0,0.0,0.0,0.0,0.0,0.0,0.0,0.0,0.0,0.0,0.0,0.0,0.0,0.0,0.0,0.0,0.0,0.0,0.0,0.0,0.0,0.0,0.0,13797.7,1959.7744538594231,8244.0,19948.0,11704.0,14428.0,14576.0,148.0,1235.7948717948718,6560.0,-4078.3,3512.282322080615,-12988.0,4004.0,16992.0,-1396.0,-4152.0,-2756.0,2880.102564102564,13020.0,-6940.3,2406.189416899675,-16584.0,-3112.0,13472.0,-7296.0,-6112.0,1184.0,1732.1025641025642,12132.0,110.875,3734.1609980523067,-13649.0,9102.0,22751.0,-1759.0,2040.0,3799.0,2952.897435897436,13657.0,1418.975,4032.3082129687205,-15016.0,6172.0,21188.0,2330.0,40.0,-2290.0,3237.230769230769,20776.0,523.3,10090.735206614034,-29485.0,32767.0,62252.0,1663.0,1993.0,330.0,7991.897435897436,55467.0,exercise_5_finger_typing,exercise_5_finger_typing_6
0.0,0.0,0.0,0.0,0.0,0.0,0.0,0.0,0.0,0.0,0.075,0.2633913438213189,0.0,1.0,1.0,1.0,0.0,-1.0,0.02564102564102564,1.0,0.0,0.0,0.0,0.0,0.0,0.0,0.0,0.0,0.0,0.0,0.0,0.0,0.0,0.0,0.0,0.0,0.0,0.0,0.0,0.0,0.0,0.0,0.0,0.0,0.0,0.0,0.0,0.0,0.0,0.0,13638.4,2090.9855666646768,9468.0,19948.0,10480.0,13336.0,16512.0,3176.0,1614.974358974359,5892.0,-4762.5,4513.994832739621,-21840.0,4004.0,25844.0,-8424.0,3184.0,11608.0,3111.7948717948716,21924.0,-6329.6,3374.087349195335,-23556.0,-2168.0,21388.0,-10128.0,-7772.0,2356.0,2450.358974358974,20532.0,-813.825,4523.233030076496,-13649.0,7577.0,21226.0,4979.0,1970.0,-3009.0,2933.051282051282,10127.0,1454.675,4947.283610161742,-18436.0,8686.0,27122.0,475.0,-7586.0,-8061.0,4357.051282051282,25419.0,-1590.55,9965.721105243714,-29485.0,22607.0,52092.0,15313.0,8905.0,-6408.0,7629.025641025641,38888.0,exercise_5_finger_typing,exercise_5_finger_typing_6
0.0,0.0,0.0,0.0,0.0,0.0,0.0,0.0,0.0,0.0,0.0,0.0,0.0,0.0,0.0,0.0,0.0,0.0,0.0,0.0,0.025,0.15612494995995996,0.0,1.0,1.0,0.0,0.0,0.0,0.05128205128205128,1.0,0.05,0.2179449471770336,0.0,1.0,1.0,0.0,0.0,0.0,0.05128205128205128,1.0,0.0,0.0,0.0,0.0,0.0,0.0,0.0,0.0,0.0,0.0,14079.2,2040.7040353760267,9468.0,19644.0,10176.0,14476.0,13512.0,-964.0,1695.8974358974358,5116.0,-3330.6,4380.866631158725,-21840.0,3184.0,25024.0,-1900.0,-5256.0,-3356.0,2463.897435897436,21924.0,-6566.5,3381.0646474150712,-23556.0,-2168.0,21388.0,-5196.0,-6288.0,-1092.0,2457.74358974359,20532.0,-806.75,3646.1076900579883,-11320.0,7577.0,18897.0,1347.0,-489.0,-1836.0,2496.4102564102564,9282.0,921.375,5361.349250363662,-18436.0,8686.0,27122.0,-12.0,1245.0,1257.0,4796.128205128205,25419.0,190.15,7469.156497055073,-16281.0,22607.0,38888.0,402.0,-503.0,-905.0,5796.897435897436,38888.0,exercise_5_finger_typing,exercise_5_finger_typing_6
0.0,0.0,0.0,0.0,0.0,0.0,0.0,0.0,0.0,0.0,0.1,0.30000000000000004,0.0,1.0,1.0,0.0,1.0,1.0,0.02564102564102564,1.0,0.025,0.15612494995995993,0.0,1.0,1.0,0.0,0.0,0.0,0.05128205128205128,1.0,0.05,0.21794494717703355,0.0,1.0,1.0,0.0,0.0,0.0,0.05128205128205128,1.0,0.0,0.0,0.0,0.0,0.0,0.0,0.0,0.0,0.0,0.0,14656.6,1742.9358106367542,10244.0,19888.0,9644.0,18840.0,11076.0,-7764.0,1210.1538461538462,6036.0,-3326.0,2374.308320332471,-10112.0,2148.0,12260.0,-2504.0,-10112.0,-7608.0,1001.4358974358975,4552.0,-6717.2,1773.4743753434952,-12904.0,-3836.0,9068.0,-10528.0,-5612.0,4916.0,1129.128205128205,6504.0,183.125,2315.8589355517747,-3694.0,9090.0,12784.0,-1814.0,1943.0,3757.0,1544.5384615384614,7589.0,1034.175,3574.0224249960997,-12966.0,7987.0,20953.0,775.0,7987.0,7212.0,2263.6923076923076,14742.0,1560.625,3691.2152110619345,-6524.0,17287.0,23811.0,-2270.0,4889.0,7159.0,2860.3333333333335,17406.0,exercise_5_finger_typing,exercise_5_finger_typing_6
0.0,0.0,0.0,0.0,0.0,0.0,0.0,0.0,0.0,0.0,0.1,0.2999999999999998,0.0,1.0,1.0,0.0,0.0,0.0,0.05128205128205128,1.0,0.0,0.0,0.0,0.0,0.0,0.0,0.0,0.0,0.0,0.0,0.0,0.0,0.0,0.0,0.0,0.0,0.0,0.0,0.0,0.0,0.075,0.26339134382131846,0.0,1.0,1.0,0.0,0.0,0.0,0.05128205128205128,1.0,13776.0,2217.449165144491,9528.0,19888.0,10360.0,13652.0,15716.0,2064.0,1509.3333333333333,6036.0,-6176.0,3648.792348161238,-20056.0,1688.0,21744.0,-4840.0,-4944.0,-104.0,2148.923076923077,12476.0,-5207.7,2309.730267801848,-12904.0,-1360.0,11544.0,-6492.0,-4760.0,1732.0,1244.0,6504.0,-528.175,4035.4178463171565,-10698.0,9090.0,19788.0,-629.0,3207.0,3836.0,2543.74358974359,9421.0,1418.55,3078.2837909296145,-6973.0,7987.0,14960.0,227.0,-1823.0,-2050.0,1844.2564102564102,11813.0,-96.225,8132.944720356521,-22677.0,17287.0,39964.0,-553.0,8737.0,9290.0,5290.666666666667,21651.0,exercise_5_finger_typing,exercise_5_finger_typing_6
0.0,0.0,0.0,0.0,0.0,0.0,0.0,0.0,0.0,0.0,0.0,0.0,0.0,0.0,0.0,0.0,0.0,0.0,0.0,0.0,0.075,0.26339134382131846,0.0,1.0,1.0,0.0,1.0,1.0,0.02564102564102564,1.0,0.075,0.26339134382131857,0.0,1.0,1.0,0.0,0.0,0.0,0.05128205128205128,1.0,0.075,0.2633913438213187,0.0,1.0,1.0,0.0,0.0,0.0,0.05128205128205128,1.0,14278.5,2571.7963663556257,9528.0,23368.0,13840.0,10248.0,14428.0,4180.0,1858.7692307692307,7760.0,-4442.8,5154.96189704638,-20056.0,13272.0,33328.0,-8108.0,-2120.0,5988.0,2913.5384615384614,14816.0,-4832.4,2479.4397431677985,-15092.0,-1360.0,13732.0,-4628.0,-6132.0,-1504.0,1880.2051282051282,12544.0,-859.925,4167.837001296356,-11191.0,6085.0,17276.0,3276.0,1161.0,-2115.0,2921.769230769231,12604.0,1359.0,2990.5893817105684,-5271.0,6957.0,12228.0,6877.0,3311.0,-3566.0,2407.5897435897436,10257.0,-926.025,8044.115773307531,-22677.0,16872.0,39549.0,2724.0,5160.0,2436.0,5405.538461538462,21651.0,exercise_5_finger_typing,exercise_5_finger_typing_6
0.0,0.0,0.0,0.0,0.0,0.0,0.0,0.0,0.0,0.0,0.1,0.29999999999999993,0.0,1.0,1.0,0.0,0.0,0.0,0.05128205128205128,1.0,0.075,0.2633913438213187,0.0,1.0,1.0,0.0,0.0,0.0,0.05128205128205128,1.0,0.075,0.2633913438213188,0.0,1.0,1.0,0.0,0.0,0.0,0.05128205128205128,1.0,0.0,0.0,0.0,0.0,0.0,0.0,0.0,0.0,0.0,0.0,14765.6,2086.2572803947264,11436.0,23368.0,11932.0,14564.0,12772.0,-1792.0,1659.6923076923076,7760.0,-3234.4,3413.993298177371,-8584.0,13272.0,21856.0,-5712.0,-4308.0,1404.0,1955.5897435897436,14816.0,-5659.3,2389.459836448397,-15092.0,-2548.0,12544.0,-6088.0,-2992.0,3096.0,1773.5384615384614,12544.0,308.9,3167.9961079521545,-11191.0,6011.0,17202.0,1114.0,211.0,-903.0,2772.5897435897436,12604.0,1101.475,3747.3460274406207,-11118.0,7419.0,18537.0,1266.0,-1730.0,-2996.0,2765.948717948718,14045.0,808.075,4172.659759598786,-11639.0,7384.0,19023.0,377.0,2859.0,2482.0,3652.974358974359,11370.0,exercise_5_finger_typing,exercise_5_finger_typing_6
0.025,0.15612494995995993,0.0,1.0,1.0,0.0,0.0,0.0,0.05128205128205128,1.0,0.1,0.29999999999999977,0.0,1.0,1.0,0.0,0.0,0.0,0.05128205128205128,1.0,0.0,0.0,0.0,0.0,0.0,0.0,0.0,0.0,0.0,0.0,0.025,0.15612494995995996,0.0,1.0,1.0,0.0,0.0,0.0,0.05128205128205128,1.0,0.0,0.0,0.0,0.0,0.0,0.0,0.0,0.0,0.0,0.0,14181.5,1932.1912301840107,10812.0,19688.0,8876.0,15448.0,13432.0,-2016.0,1554.051282051282,7156.0,-4643.5,3264.108599602654,-10748.0,4296.0,15044.0,-2536.0,-2280.0,256.0,1647.3846153846155,5288.0,-5241.3,1828.4466385432197,-10844.0,-2932.0,7912.0,-4452.0,-4728.0,-276.0,1228.820512820513,5656.0,-1079.8,4636.670142462152,-15036.0,6011.0,21047.0,788.0,-7696.0,-8484.0,3205.948717948718,15003.0,1227.4,3742.236014737713,-11118.0,7419.0,18537.0,4275.0,-4186.0,-8461.0,2730.128205128205,14045.0,-287.9,6330.8924165555045,-18884.0,7384.0,26268.0,1795.0,-4207.0,-6002.0,4313.589743589743,23680.0,exercise_5_finger_typing,exercise_5_finger_typing_6
0.025,0.1561249499599599,0.0,1.0,1.0,0.0,0.0,0.0,0.05128205128205128,1.0,0.0,0.0,0.0,0.0,0.0,0.0,0.0,0.0,0.0,0.0,0.075,0.2633913438213185,0.0,1.0,1.0,0.0,0.0,0.0,0.05128205128205128,1.0,0.2,0.40000000000000013,0.0,1.0,1.0,0.0,0.0,0.0,0.15384615384615385,1.0,0.075,0.2633913438213187,0.0,1.0,1.0,0.0,0.0,0.0,0.05128205128205128,1.0,14225.6,2173.104286498925,10812.0,19688.0,8876.0,13372.0,12104.0,-1268.0,1702.871794871795,5960.0,-3479.3,3606.6485148957886,-10748.0,4296.0,15044.0,-7836.0,-2856.0,4980.0,1808.5128205128206,7584.0,-6301.4,1965.4319728751743,-10604.0,-2932.0,7672.0,-5556.0,-6976.0,-1420.0,1408.5128205128206,5180.0,-1435.85,4597.5227163658465,-15036.0,7758.0,22794.0,-4332.0,-722.0,3610.0,3046.769230769231,15003.0,742.075,3440.653182082582,-7533.0,6721.0,14254.0,1671.0,-1231.0,-2902.0,3217.4358974358975,13674.0,-404.225,7070.925072037958,-18884.0,14432.0,33316.0,1107.0,-3695.0,-4802.0,4993.74358974359,23680.0,exercise_5_finger_typing,exercise_5_finger_typing_6
0.0,0.0,0.0,0.0,0.0,0.0,0.0,0.0,0.0,0.0,0.05,0.21794494717703364,0.0,1.0,1.0,0.0,0.0,0.0,0.05128205128205128,1.0,0.175,0.3799671038392666,0.0,1.0,1.0,0.0,0.0,0.0,0.10256410256410256,1.0,0.175,0.37996710383926635,0.0,1.0,1.0,0.0,0.0,0.0,0.10256410256410256,1.0,0.075,0.26339134382131885,0.0,1.0,1.0,0.0,0.0,0.0,0.05128205128205128,1.0,14287.5,1845.007574510197,11712.0,19436.0,7724.0,19340.0,14592.0,-4748.0,1249.7435897435898,5960.0,-3123.3,2279.858572368031,-8208.0,1868.0,10076.0,1868.0,-5480.0,-7348.0,1635.7948717948718,7584.0,-7412.7,1651.9045704882594,-12232.0,-4084.0,8148.0,-9908.0,-6212.0,3696.0,1217.6410256410256,6764.0,928.675,3015.7425402999834,-7082.0,7758.0,14840.0,1269.0,-891.0,-2160.0,2109.897435897436,6691.0,774.125,3507.4647410023954,-10839.0,6721.0,17560.0,-4347.0,1889.0,6236.0,3243.230769230769,13206.0,737.8,5103.524866207669,-8876.0,14432.0,23308.0,1817.0,-1145.0,-2962.0,4387.948717948718,17415.0,exercise_5_finger_typing,exercise_5_finger_typing_6
0.0,0.0,0.0,0.0,0.0,0.0,0.0,0.0,0.0,0.0,0.05,0.21794494717703355,0.0,1.0,1.0,0.0,0.0,0.0,0.05128205128205128,1.0,0.125,0.33071891388307384,0.0,1.0,1.0,0.0,0.0,0.0,0.10256410256410256,1.0,0.0,0.0,0.0,0.0,0.0,0.0,0.0,0.0,0.0,0.0,0.0,0.0,0.0,0.0,0.0,0.0,0.0,0.0,0.0,0.0,13862.6,2205.224260704566,4580.0,18060.0,13480.0,14228.0,14456.0,228.0,1883.7948717948718,13472.0,-3894.7,2266.456509620248,-10152.0,1780.0,11932.0,-4584.0,-1228.0,3356.0,1792.923076923077,6728.0,-7270.3,2199.072329415292,-14596.0,-3336.0,11260.0,-7704.0,-5176.0,2528.0,1557.128205128205,10680.0,-709.525,3637.179820874272,-10447.0,7415.0,17862.0,-571.0,-5520.0,-4949.0,2133.4102564102564,6594.0,1618.425,4626.620969387377,-10839.0,15745.0,26584.0,-20.0,6139.0,6159.0,3308.897435897436,13206.0,-531.625,4809.077233147228,-10809.0,10806.0,21615.0,-2608.0,1442.0,4050.0,4562.461538461538,21615.0,exercise_5_finger_typing,exercise_5_finger_typing_6
0.0,0.0,0.0,0.0,0.0,0.0,0.0,0.0,0.0,0.0,0.0,0.0,0.0,0.0,0.0,0.0,0.0,0.0,0.0,0.0,0.0,0.0,0.0,0.0,0.0,0.0,0.0,0.0,0.0,0.0,0.0,0.0,0.0,0.0,0.0,0.0,0.0,0.0,0.0,0.0,0.0,0.0,0.0,0.0,0.0,0.0,0.0,0.0,0.0,0.0,15301.5,788.4981610631695,14108.0,18280.0,4172.0,16164.0,15236.0,-928.0,702.5641025641025,3700.0,-2261.0,1434.0119246366119,-4016.0,5108.0,9124.0,-3004.0,-2752.0,252.0,941.6410256410256,7808.0,-5387.2,1328.7302811330824,-10312.0,-2540.0,7772.0,-6792.0,-4528.0,2264.0,1050.051282051282,6672.0,439.075,1456.2560280991115,-5792.0,3177.0,8969.0,-78.0,1959.0,2037.0,1035.7692307692307,6639.0,1001.225,2366.9907845986645,-5467.0,4907.0,10374.0,310.0,488.0,178.0,1644.3589743589744,6672.0,-160.825,1390.5717329124018,-4271.0,2956.0,7227.0,1079.0,1396.0,317.0,987.2564102564103,3078.0,exercise_5_finger_typing,exercise_5_finger_typing_7
0.0,0.0,0.0,0.0,0.0,0.0,0.0,0.0,0.0,0.0,0.0,0.0,0.0,0.0,0.0,0.0,0.0,0.0,0.0,0.0,0.0,0.0,0.0,0.0,0.0,0.0,0.0,0.0,0.0,0.0,0.0,0.0,0.0,0.0,0.0,0.0,0.0,0.0,0.0,0.0,0.0,0.0,0.0,0.0,0.0,0.0,0.0,0.0,0.0,0.0,14884.7,1012.3030722071331,11500.0,17280.0,5780.0,17280.0,13956.0,-3324.0,1091.3846153846155,4732.0,-3230.9,1679.3367708711676,-8316.0,-648.0,7668.0,-2700.0,-5176.0,-2476.0,1112.3076923076924,4292.0,-5407.3,1719.662266260442,-10368.0,-1704.0,8664.0,-6512.0,-4144.0,2368.0,1438.7692307692307,8436.0,-81.6,3170.4264287316305,-8831.0,7142.0,15973.0,-1003.0,-4197.0,-3194.0,2266.769230769231,15973.0,1538.35,3413.28870409463,-13027.0,7067.0,20094.0,-82.0,37.0,119.0,2470.5384615384614,17250.0,102.675,3674.199691004151,-9556.0,12212.0,21768.0,-387.0,-9556.0,-9169.0,3210.846153846154,19496.0,exercise_5_finger_typing,exercise_5_finger_typing_7
0.0,0.0,0.0,0.0,0.0,0.0,0.0,0.0,0.0,0.0,0.0,0.0,0.0,0.0,0.0,0.0,0.0,0.0,0.0,0.0,0.0,0.0,0.0,0.0,0.0,0.0,0.0,0.0,0.0,0.0,0.075,0.26339134382131846,0.0,1.0,1.0,0.0,1.0,1.0,0.02564102564102564,1.0,0.0,0.0,0.0,0.0,0.0,0.0,0.0,0.0,0.0,0.0,15096.0,1413.985572769397,11500.0,20484.0,8984.0,14576.0,14316.0,-260.0,1410.974358974359,5560.0,-2775.1,2260.799236995625,-8316.0,2648.0,10964.0,-3504.0,-1664.0,1840.0,1612.7179487179487,7344.0,-5160.6,1710.9009439473696,-10368.0,-1704.0,8664.0,-4172.0,-5232.0,-1060.0,1472.3076923076924,8436.0,-1037.1,3249.599396848787,-8831.0,7142.0,15973.0,740.0,2835.0,2095.0,2577.051282051282,15973.0,1514.525,3568.8300953358653,-13027.0,7067.0,20094.0,-442.0,5120.0,5562.0,2836.25641025641,17250.0,-309.3,4396.5668663174,-9556.0,12212.0,21768.0,608.0,4496.0,3888.0,4174.0,19496.0,exercise_5_finger_typing,exercise_5_finger_typing_7
0.0,0.0,0.0,0.0,0.0,0.0,0.0,0.0,0.0,0.0,0.075,0.26339134382131846,0.0,1.0,1.0,0.0,1.0,1.0,0.02564102564102564,1.0,0.15,0.3570714214271425,0.0,1.0,1.0,0.0,0.0,0.0,0.10256410256410256,1.0,0.075,0.2633913438213187,0.0,1.0,1.0,0.0,0.0,0.0,0.05128205128205128,1.0,0.0,0.0,0.0,0.0,0.0,0.0,0.0,0.0,0.0,0.0,15447.3,1243.7632853561806,12824.0,20484.0,7660.0,15420.0,14616.0,-804.0,1251.5897435897436,5560.0,-1330.0,1346.0332833923535,-4828.0,2648.0,7476.0,20.0,-3668.0,-3688.0,1253.5384615384614,7344.0,-5165.7,1500.7363226096716,-10020.0,-2776.0,7244.0,-4860.0,-6832.0,-1972.0,1201.3333333333333,6520.0,-325.225,1733.2195257309445,-6697.0,2835.0,9532.0,-6697.0,1696.0,8393.0,1211.2051282051282,4677.0,774.025,3294.9734709668,-11667.0,5364.0,17031.0,89.0,5364.0,5275.0,2518.3846153846152,13146.0,316.425,2815.774856833372,-8289.0,7951.0,16240.0,-8289.0,3470.0,11759.0,2266.948717948718,11147.0,exercise_5_finger_typing,exercise_5_finger_typing_7
0.0,0.0,0.0,0.0,0.0,0.0,0.0,0.0,0.0,0.0,0.125,0.33071891388307384,0.0,1.0,1.0,0.0,0.0,0.0,0.05128205128205128,1.0,0.15,0.3570714214271425,0.0,1.0,1.0,0.0,0.0,0.0,0.10256410256410256,1.0,0.0,0.0,0.0,0.0,0.0,0.0,0.0,0.0,0.0,0.0,0.075,0.2633913438213185,0.0,1.0,1.0,0.0,0.0,0.0,0.05128205128205128,1.0,14999.8,1097.4122106118557,11800.0,17120.0,5320.0,14076.0,15336.0,1260.0,1032.3076923076924,4772.0,-2648.0,2095.969656268907,-10400.0,56.0,10456.0,-488.0,-2380.0,-1892.0,1573.6410256410256,8308.0,-5189.7,1745.019171814453,-10696.0,-2776.0,7920.0,-3832.0,-5292.0,-1460.0,1508.0,6520.0,-719.95,2730.0048072301997,-10422.0,2703.0,13125.0,-9.0,-2898.0,-2889.0,1374.8461538461538,5145.0,1064.925,3045.438846763302,-11667.0,5741.0,17408.0,1605.0,1549.0,-56.0,2233.3846153846152,12080.0,196.0,3924.2011097801806,-12137.0,11123.0,23260.0,-1360.0,-3930.0,-2570.0,3003.076923076923,10335.0,exercise_5_finger_typing,exercise_5_finger_typing_7
0.0,0.0,0.0,0.0,0.0,0.0,0.0,0.0,0.0,0.0,0.05,0.21794494717703355,0.0,1.0,1.0,1.0,0.0,-1.0,0.02564102564102564,1.0,0.05,0.21794494717703367,0.0,1.0,1.0,0.0,0.0,0.0,0.05128205128205128,1.0,0.05,0.2179449471770336,0.0,1.0,1.0,0.0,0.0,0.0,0.05128205128205128,1.0,0.075,0.26339134382131874,0.0,1.0,1.0,0.0,0.0,0.0,0.05128205128205128,1.0,14970.2,1070.0153083017085,11800.0,17908.0,6108.0,14008.0,13968.0,-40.0,921.6410256410256,4772.0,-2027.9,2601.8956916064108,-10400.0,5536.0,15936.0,-5292.0,-1724.0,3568.0,1787.8974358974358,8308.0,-5224.8,1976.5313455647497,-10696.0,-1948.0,8748.0,-5900.0,-4080.0,1820.0,1709.6410256410256,8280.0,-900.525,3145.635182181017,-10422.0,5724.0,16146.0,-1013.0,5724.0,6737.0,1687.5641025641025,6431.0,1223.95,3219.1003553011515,-8076.0,7179.0,15255.0,5741.0,-8076.0,-13817.0,2260.74358974359,6879.0,-196.7,4163.528738942486,-12137.0,11123.0,23260.0,-1171.0,6077.0,7248.0,3121.897435897436,10335.0,exercise_5_finger_typing,exercise_5_finger_typing_7
0.0,0.0,0.0,0.0,0.0,0.0,0.0,0.0,0.0,0.0,0.05,0.2179449471770336,0.0,1.0,1.0,0.0,0.0,0.0,0.05128205128205128,1.0,0.05,0.2179449471770336,0.0,1.0,1.0,0.0,0.0,0.0,0.05128205128205128,1.0,0.05,0.21794494717703355,0.0,1.0,1.0,0.0,0.0,0.0,0.05128205128205128,1.0,0.0,0.0,0.0,0.0,0.0,0.0,0.0,0.0,0.0,0.0,15249.9,970.7827717877981,13496.0,17908.0,4412.0,14988.0,14568.0,-420.0,1052.0,4272.0,-1124.9,1943.6611818935933,-7192.0,5536.0,12728.0,-1172.0,-1684.0,-512.0,1611.076923076923,6776.0,-5575.0,2370.5197320418997,-12704.0,-1948.0,10756.0,-4116.0,-9012.0,-4896.0,1895.3846153846155,8624.0,-507.575,2711.5002479024406,-9940.0,5724.0,15664.0,-3360.0,-1773.0,1587.0,2161.102564102564,12777.0,418.25,5163.006840737285,-14191.0,9622.0,23813.0,-453.0,-2317.0,-1864.0,3874.25641025641,16862.0,-8.075,3941.6655704632026,-14326.0,8871.0,23197.0,-3933.0,-1375.0,2558.0,3626.25641025641,17155.0,exercise_5_finger_typing,exercise_5_finger_typing_7
0.0,0.0,0.0,0.0,0.0,0.0,0.0,0.0,0.0,0.0,0.05,0.21794494717703355,0.0,1.0,1.0,0.0,0.0,0.0,0.05128205128205128,1.0,0.0,0.0,0.0,0.0,0.0,0.0,0.0,0.0,0.0,0.0,0.0,0.0,0.0,0.0,0.0,0.0,0.0,0.0,0.0,0.0,0.0,0.0,0.0,0.0,0.0,0.0,0.0,0.0,0.0,0.0,15016.8,1179.5216657611677,13364.0,17768.0,4404.0,16676.0,14196.0,-2480.0,1066.2564102564102,4272.0,-1984.3,1736.371708477191,-7192.0,2148.0,9340.0,-7192.0,-1336.0,5856.0,1388.7179487179487,5528.0,-6033.2,2371.91875071639,-12704.0,-1428.0,11276.0,-12704.0,-5024.0,7680.0,1645.7435897435898,7408.0,-276.625,2580.851319695693,-9940.0,5225.0,15165.0,1299.0,3661.0,2362.0,2002.871794871795,12777.0,1202.075,5178.8561738452445,-14191.0,11052.0,25243.0,-10598.0,-706.0,9892.0,4197.179487179487,16862.0,-590.15,3959.7777371337393,-14326.0,8871.0,23197.0,3521.0,-2188.0,-5709.0,3563.051282051282,17155.0,exercise_5_finger_typing,exercise_5_finger_typing_7
0.0,0.0,0.0,0.0,0.0,0.0,0.0,0.0,0.0,0.0,0.0,0.0,0.0,0.0,0.0,0.0,0.0,0.0,0.0,0.0,0.075,0.26339134382131857,0.0,1.0,1.0,0.0,0.0,0.0,0.05128205128205128,1.0,0.1,0.2999999999999999,0.0,1.0,1.0,0.0,0.0,0.0,0.10256410256410256,1.0,0.0,0.0,0.0,0.0,0.0,0.0,0.0,0.0,0.0,0.0,14924.5,1642.2696946604112,9928.0,18824.0,8896.0,15740.0,14980.0,-760.0,1264.6153846153845,5288.0,-1459.0,2976.8519949772444,-8956.0,6636.0,15592.0,-2108.0,-3536.0,-1428.0,1684.4102564102564,6652.0,-6007.8,2045.9429024290976,-11444.0,-1428.0,10016.0,-11444.0,-8328.0,3116.0,1654.051282051282,5704.0,289.325,2779.5416743367955,-5331.0,8631.0,13962.0,1527.0,1444.0,-83.0,1852.3333333333333,6174.0,1306.825,3554.5091284697805,-7708.0,11052.0,18760.0,2486.0,1212.0,-1274.0,2804.102564102564,8367.0,375.6,4895.518582336299,-7933.0,14399.0,22332.0,968.0,4820.0,3852.0,2899.3846153846152,12778.0,exercise_5_finger_typing,exercise_5_finger_typing_7
0.075,0.26339134382131857,0.0,1.0,1.0,0.0,0.0,0.0,0.05128205128205128,1.0,0.05,0.21794494717703364,0.0,1.0,1.0,0.0,0.0,0.0,0.05128205128205128,1.0,0.075,0.26339134382131874,0.0,1.0,1.0,0.0,0.0,0.0,0.05128205128205128,1.0,0.1,0.2999999999999997,0.0,1.0,1.0,0.0,0.0,0.0,0.10256410256410256,1.0,0.0,0.0,0.0,0.0,0.0,0.0,0.0,0.0,0.0,0.0,14497.7,2205.1356216795375,9928.0,19232.0,9304.0,14952.0,15684.0,732.0,1562.3589743589744,5288.0,-3792.6,5181.217428365653,-13196.0,6636.0,19832.0,-16.0,-2420.0,-2404.0,2346.358974358974,11076.0,-4320.7,2402.2064669798883,-8952.0,1044.0,9996.0,-3320.0,-2752.0,568.0,1546.6666666666667,5704.0,22.3,4124.936994670343,-14594.0,8631.0,23225.0,506.0,-1732.0,-2238.0,2471.5384615384614,10679.0,1340.1,2989.9765868648537,-7708.0,6535.0,14243.0,-991.0,2965.0,3956.0,2324.0,7675.0,453.65,9133.958598411753,-32768.0,14399.0,47167.0,-5099.0,2725.0,7824.0,4898.871794871795,34365.0,exercise_5_finger_typing,exercise_5_finger_typing_7
0.075,0.2633913438213188,0.0,1.0,1.0,0.0,0.0,0.0,0.05128205128205128,1.0,0.05,0.21794494717703358,0.0,1.0,1.0,0.0,0.0,0.0,0.05128205128205128,1.0,0.025,0.15612494995995996,0.0,1.0,1.0,0.0,1.0,1.0,0.02564102564102564,1.0,0.1,0.3,0.0,1.0,1.0,0.0,0.0,0.0,0.05128205128205128,1.0,0.0,0.0,0.0,0.0,0.0,0.0,0.0,0.0,0.0,0.0,14855.2,2014.0210922430774,10428.0,19232.0,8804.0,13040.0,16460.0,3420.0,1240.923076923077,4516.0,-3688.2,4624.439767150178,-13196.0,6080.0,19276.0,-3600.0,-56.0,3544.0,1824.0,11076.0,-3202.0,1721.7451611664253,-6904.0,1044.0,7948.0,-6904.0,-5192.0,1712.0,1191.7948717948718,5136.0,291.2,3686.6256671921556,-14594.0,5673.0,20267.0,2757.0,24.0,-2733.0,2055.769230769231,10679.0,1102.2,2599.848564820651,-3354.0,6525.0,9879.0,4365.0,-1774.0,-6139.0,1821.1538461538462,5792.0,-745.325,8245.12236533667,-32768.0,10030.0,42798.0,8458.0,-263.0,-8721.0,4138.179487179487,34365.0,exercise_5_finger_typing,exercise_5_finger_typing_7
0.0,0.0,0.0,0.0,0.0,0.0,0.0,0.0,0.0,0.0,0.1,0.3,0.0,1.0,1.0,0.0,0.0,0.0,0.05128205128205128,1.0,0.075,0.2633913438213187,0.0,1.0,1.0,0.0,0.0,0.0,0.05128205128205128,1.0,0.1,0.29999999999999977,0.0,1.0,1.0,0.0,0.0,0.0,0.05128205128205128,1.0,0.0,0.0,0.0,0.0,0.0,0.0,0.0,0.0,0.0,0.0,15479.6,1196.2841802849355,12136.0,18732.0,6596.0,15972.0,13136.0,-2836.0,1029.8461538461538,2936.0,-2086.4,2807.033708383282,-11780.0,1776.0,13556.0,-4360.0,-7816.0,-3456.0,1305.2307692307693,3964.0,-3922.0,1299.9938461392808,-5888.0,-536.0,5352.0,-536.0,-5604.0,-5068.0,962.7692307692307,2624.0,480.575,1799.7932365621891,-3070.0,5387.0,8457.0,-2546.0,-1245.0,1301.0,1372.3846153846155,8457.0,229.675,2745.480362227164,-6936.0,6983.0,13919.0,3962.0,-1096.0,-5058.0,2114.5128205128203,6852.0,1408.925,4743.31655272711,-9966.0,19323.0,29289.0,7866.0,-1484.0,-9350.0,3720.358974358974,18013.0,exercise_5_finger_typing,exercise_5_finger_typing_7
0.0,0.0,0.0,0.0,0.0,0.0,0.0,0.0,0.0,0.0,0.1,0.29999999999999977,0.0,1.0,1.0,0.0,0.0,0.0,0.05128205128205128,1.0,0.05,0.21794494717703355,0.0,1.0,1.0,1.0,0.0,-1.0,0.02564102564102564,1.0,0.0,0.0,0.0,0.0,0.0,0.0,0.0,0.0,0.0,0.0,0.075,0.2633913438213186,0.0,1.0,1.0,0.0,0.0,0.0,0.05128205128205128,1.0,14991.7,1455.7693189513234,12136.0,17308.0,5172.0,17084.0,16304.0,-780.0,1061.6410256410256,3016.0,-3416.5,2958.370657980504,-11780.0,1404.0,13184.0,472.0,-4092.0,-4564.0,1597.4358974358975,4928.0,-4521.4,1104.3443484710738,-6448.0,-1864.0,4584.0,-4976.0,-4204.0,772.0,810.3589743589744,2260.0,-1434.575,2585.2811538351107,-6772.0,5387.0,12159.0,-243.0,-6384.0,-6141.0,1425.871794871795,8457.0,715.825,2770.9537788232765,-6936.0,6983.0,13919.0,-233.0,-1392.0,-1159.0,1960.2820512820513,6852.0,563.85,6954.36832699419,-17604.0,19323.0,36927.0,808.0,-9235.0,-10043.0,4788.538461538462,18013.0,exercise_5_finger_typing,exercise_5_finger_typing_7
0.0,0.0,0.0,0.0,0.0,0.0,0.0,0.0,0.0,0.0,0.0,0.0,0.0,0.0,0.0,0.0,0.0,0.0,0.0,0.0,0.0,0.0,0.0,0.0,0.0,0.0,0.0,0.0,0.0,0.0,0.1,0.3,0.0,1.0,1.0,0.0,0.0,0.0,0.05128205128205128,1.0,0.45,0.4974937185533101,0.0,1.0,1.0,0.0,0.0,0.0,0.10256410256410256,1.0,14777.9,1551.955923987534,11940.0,17308.0,5368.0,12788.0,12988.0,200.0,968.8205128205128,3356.0,-2696.6,2780.322650341144,-8948.0,2760.0,11708.0,-8948.0,-4744.0,4204.0,1451.7948717948718,8020.0,-5416.4,1420.8881166369151,-9912.0,-2452.0,7460.0,-6180.0,-6452.0,-272.0,815.3846153846154,3292.0,-1765.2,2573.037215043731,-6772.0,3947.0,10719.0,-1379.0,812.0,2191.0,1498.128205128205,5939.0,684.25,2171.4329111211337,-3734.0,5021.0,8755.0,228.0,-3156.0,-3384.0,1576.1538461538462,4268.0,-24.15,6572.89345170755,-17604.0,15590.0,33194.0,818.0,1584.0,766.0,4438.666666666667,14027.0,exercise_5_finger_typing,exercise_5_finger_typing_7
0.0,0.0,0.0,0.0,0.0,0.0,0.0,0.0,0.0,0.0,0.1,0.3,0.0,1.0,1.0,0.0,0.0,0.0,0.05128205128205128,1.0,0.0,0.0,0.0,0.0,0.0,0.0,0.0,0.0,0.0,0.0,0.1,0.29999999999999977,0.0,1.0,1.0,0.0,0.0,0.0,0.05128205128205128,1.0,0.375,0.4841229182759271,0.0,1.0,1.0,1.0,0.0,-1.0,0.02564102564102564,1.0,14175.8,1522.794785911746,11012.0,17156.0,6144.0,16672.0,11012.0,-5660.0,1016.5128205128206,3544.0,-4414.0,3264.8181572638928,-11852.0,2760.0,14612.0,-2224.0,-9404.0,-7180.0,1529.7435897435898,8020.0,-5820.3,1765.6625696887838,-11100.0,-2552.0,8548.0,-4216.0,-3640.0,576.0,1208.2051282051282,4648.0,213.25,2407.794517291706,-6229.0,4799.0,11028.0,-445.0,543.0,988.0,1430.820512820513,7757.0,1358.575,2461.205506327133,-3734.0,6814.0,10548.0,-706.0,-538.0,168.0,2134.2051282051284,4492.0,2121.675,4706.923912639231,-8344.0,15590.0,23934.0,4792.0,11738.0,6946.0,3936.871794871795,12281.0,exercise_5_finger_typing,exercise_5_finger_typing_7
0.0,0.0,0.0,0.0,0.0,0.0,0.0,0.0,0.0,0.0,0.1,0.2999999999999998,0.0,1.0,1.0,0.0,0.0,0.0,0.05128205128205128,1.0,0.0,0.0,0.0,0.0,0.0,0.0,0.0,0.0,0.0,0.0,0.0,0.0,0.0,0.0,0.0,0.0,0.0,0.0,0.0,0.0,0.125,0.33071891388307384,0.0,1.0,1.0,0.0,1.0,1.0,0.07692307692307693,1.0,14045.2,1538.4127404568646,11012.0,17936.0,6924.0,16532.0,14908.0,-1624.0,1026.051282051282,4200.0,-6025.4,4162.2372397546005,-12544.0,6560.0,19104.0,-8116.0,1852.0,9968.0,2276.923076923077,10692.0,-4759.4,1956.605540214992,-11100.0,-1052.0,10048.0,-11100.0,-4056.0,7044.0,1162.3589743589744,3336.0,-875.475,2852.32243082282,-7793.0,4799.0,12592.0,-171.0,85.0,256.0,1861.4871794871794,7757.0,1519.775,2897.637731735111,-5279.0,7567.0,12846.0,1336.0,1730.0,394.0,2439.2820512820513,7539.0,-1092.775,7321.848661668376,-30851.0,11738.0,42589.0,-1765.0,775.0,2540.0,5712.5641025641025,18368.0,exercise_5_finger_typing,exercise_5_finger_typing_7
0.0,0.0,0.0,0.0,0.0,0.0,0.0,0.0,0.0,0.0,0.0,0.0,0.0,0.0,0.0,0.0,0.0,0.0,0.0,0.0,0.05,0.21794494717703367,0.0,1.0,1.0,0.0,0.0,0.0,0.05128205128205128,1.0,0.075,0.26339134382131857,0.0,1.0,1.0,0.0,0.0,0.0,0.05128205128205128,1.0,0.125,0.33071891388307384,0.0,1.0,1.0,0.0,0.0,0.0,0.10256410256410256,1.0,14786.5,1486.288716905299,12228.0,17936.0,5708.0,13392.0,16588.0,3196.0,1166.051282051282,5064.0,-2718.1,4658.880722877545,-12544.0,6560.0,19104.0,-12544.0,168.0,12712.0,1860.7179487179487,10692.0,-4934.7,1726.1303282197437,-8916.0,-1052.0,7864.0,-2900.0,-3928.0,-1028.0,1183.2820512820513,3984.0,-1309.65,2289.1651267438097,-7793.0,2761.0,10554.0,-1853.0,25.0,1878.0,1944.0,7295.0,932.025,2877.352285413623,-5846.0,7567.0,13413.0,3873.0,5377.0,1504.0,2312.4615384615386,7539.0,-2030.55,6366.301504602182,-30851.0,10193.0,41044.0,-2461.0,2504.0,4965.0,4413.615384615385,18368.0,exercise_5_finger_typing,exercise_5_finger_typing_7
0.0,0.0,0.0,0.0,0.0,0.0,0.0,0.0,0.0,0.0,0.0,0.0,0.0,0.0,0.0,0.0,0.0,0.0,0.0,0.0,0.05,0.2179449471770336,0.0,1.0,1.0,0.0,0.0,0.0,0.05128205128205128,1.0,0.075,0.2633913438213188,0.0,1.0,1.0,0.0,0.0,0.0,0.05128205128205128,1.0,0.0,0.0,0.0,0.0,0.0,0.0,0.0,0.0,0.0,0.0,14752.7,1160.6101455699927,12228.0,17292.0,5064.0,15524.0,14024.0,-1500.0,1060.0,5064.0,-2837.7,3485.010632695401,-10328.0,2016.0,12344.0,-952.0,-7728.0,-6776.0,1717.3333333333333,8220.0,-5509.8,1738.9274740483,-11076.0,-2436.0,8640.0,-4664.0,-4440.0,224.0,1328.820512820513,4440.0,-7.925,2046.8372234681974,-5318.0,3990.0,9308.0,2057.0,-2163.0,-4220.0,1928.3589743589744,9308.0,1326.325,2747.890339765217,-5846.0,6710.0,12556.0,458.0,1525.0,1067.0,2302.2820512820513,6732.0,1215.225,5693.844463486423,-18527.0,13690.0,32217.0,4960.0,-18527.0,-23487.0,4282.4358974358975,18387.0,exercise_5_finger_typing,exercise_5_finger_typing_7
0.0,0.0,0.0,0.0,0.0,0.0,0.0,0.0,0.0,0.0,0.0,0.0,0.0,0.0,0.0,0.0,0.0,0.0,0.0,0.0,0.0,0.0,0.0,0.0,0.0,0.0,0.0,0.0,0.0,0.0,0.1,0.3,0.0,1.0,1.0,0.0,0.0,0.0,0.05128205128205128,1.0,0.15,0.3570714214271425,0.0,1.0,1.0,0.0,0.0,0.0,0.05128205128205128,1.0,15059.9,1169.8794766983478,13028.0,18300.0,5272.0,14948.0,15444.0,496.0,845.7435897435897,3464.0,-3231.4,3271.585615569307,-10328.0,1812.0,12140.0,220.0,-1940.0,-2160.0,2041.4358974358975,8220.0,-4675.4,1646.8764495249786,-11076.0,-2052.0,9024.0,-2776.0,-2792.0,-16.0,1037.7435897435898,4440.0,-1104.275,2576.657233582884,-6398.0,3990.0,10388.0,2684.0,978.0,-1706.0,2062.6666666666665,9308.0,1316.15,2492.934481188786,-5653.0,6710.0,12363.0,4749.0,4410.0,-339.0,2153.4615384615386,6289.0,423.025,6943.873513707965,-19849.0,13690.0,33539.0,4940.0,1140.0,-3800.0,4913.2307692307695,18387.0,exercise_5_finger_typing,exercise_5_finger_typing_7
0.0,0.0,0.0,0.0,0.0,0.0,0.0,0.0,0.0,0.0,0.0,0.0,0.0,0.0,0.0,0.0,0.0,0.0,0.0,0.0,0.15,0.3570714214271425,0.0,1.0,1.0,0.0,0.0,0.0,0.05128205128205128,1.0,0.0,0.0,0.0,0.0,0.0,0.0,0.0,0.0,0.0,0.0,0.0,0.0,0.0,0.0,0.0,0.0,0.0,0.0,0.0,0.0,13793.1,1562.0115204440715,10468.0,18184.0,7716.0,18184.0,12404.0,-5780.0,1201.7435897435898,5984.0,-2497.5,3943.425890009853,-12040.0,3336.0,15376.0,1704.0,-5844.0,-7548.0,1442.3589743589744,6676.0,-7498.2,1239.276869791412,-9860.0,-4380.0,5480.0,-9268.0,-6320.0,2948.0,938.7692307692307,4180.0,634.7,2034.0215116856555,-5239.0,4373.0,9612.0,-700.0,-2627.0,-1927.0,1368.8461538461538,6835.0,1361.025,2682.9285723580124,-4862.0,8902.0,13764.0,466.0,1323.0,857.0,2088.076923076923,6983.0,1691.35,4501.99667675355,-10379.0,11584.0,21963.0,813.0,-3246.0,-4059.0,3187.4102564102564,15017.0,exercise_5_finger_typing,exercise_5_finger_typing_8
0.0,0.0,0.0,0.0,0.0,0.0,0.0,0.0,0.0,0.0,0.0,0.0,0.0,0.0,0.0,0.0,0.0,0.0,0.0,0.0,0.0,0.0,0.0,0.0,0.0,0.0,0.0,0.0,0.0,0.0,0.0,0.0,0.0,0.0,0.0,0.0,0.0,0.0,0.0,0.0,0.1,0.29999999999999993,0.0,1.0,1.0,0.0,0.0,0.0,0.05128205128205128,1.0,13726.6,1752.0177053899881,10468.0,19216.0,8748.0,11288.0,17080.0,5792.0,1310.974358974359,5984.0,-4770.5,3455.7193968839542,-12040.0,2044.0,14084.0,-5008.0,1224.0,6232.0,1789.5384615384614,6676.0,-6722.0,1270.553580137414,-9860.0,-4380.0,5480.0,-9860.0,-6308.0,3552.0,925.3333333333334,4180.0,-175.375,2385.0588953682045,-5239.0,4284.0,9523.0,-761.0,-770.0,-9.0,1659.820512820513,6835.0,1446.25,2566.9793995083014,-3731.0,8902.0,12633.0,-3731.0,2098.0,5829.0,2056.641025641026,8177.0,-978.475,7000.7563590925665,-15870.0,14346.0,30216.0,5063.0,-132.0,-5195.0,5397.25641025641,22515.0,exercise_5_finger_typing,exercise_5_finger_typing_8
0.0,0.0,0.0,0.0,0.0,0.0,0.0,0.0,0.0,0.0,0.0,0.0,0.0,0.0,0.0,0.0,0.0,0.0,0.0,0.0,0.125,0.33071891388307384,0.0,1.0,1.0,0.0,0.0,0.0,0.05128205128205128,1.0,0.0,0.0,0.0,0.0,0.0,0.0,0.0,0.0,0.0,0.0,0.1,0.29999999999999977,0.0,1.0,1.0,0.0,0.0,0.0,0.05128205128205128,1.0,14567.7,1329.1065833859975,12188.0,19216.0,7028.0,13028.0,14312.0,1284.0,938.7692307692307,5484.0,-1986.9,3401.877362574965,-8816.0,2248.0,11064.0,-5428.0,-2172.0,3256.0,1480.6153846153845,5252.0,-6308.8,921.1454608258134,-8876.0,-4840.0,4036.0,-5736.0,-7312.0,-1576.0,854.5641025641025,3028.0,151.35,2054.5881040977533,-4563.0,4284.0,8847.0,-1838.0,94.0,1932.0,1341.5384615384614,4982.0,874.7,2303.109204966191,-4399.0,5912.0,10311.0,-713.0,467.0,1180.0,2036.7179487179487,8177.0,-1296.825,5774.970484286046,-15870.0,14346.0,30216.0,3051.0,3084.0,33.0,4075.051282051282,22515.0,exercise_5_finger_typing,exercise_5_finger_typing_8
0.0,0.0,0.0,0.0,0.0,0.0,0.0,0.0,0.0,0.0,0.0,0.0,0.0,0.0,0.0,0.0,0.0,0.0,0.0,0.0,0.125,0.33071891388307384,0.0,1.0,1.0,0.0,0.0,0.0,0.05128205128205128,1.0,0.0,0.0,0.0,0.0,0.0,0.0,0.0,0.0,0.0,0.0,0.0,0.0,0.0,0.0,0.0,0.0,0.0,0.0,0.0,0.0,13951.2,1415.999209039327,10472.0,16172.0,5700.0,15724.0,14696.0,-1028.0,783.8974358974359,3820.0,-4104.0,4586.692751863809,-13140.0,2248.0,15388.0,1288.0,-5820.0,-7108.0,1552.5128205128206,5216.0,-5425.3,1533.3188546417864,-8884.0,-2168.0,6716.0,-6844.0,-5348.0,1496.0,814.5641025641025,2264.0,203.45,2072.95279673706,-4211.0,7029.0,11240.0,-379.0,-3388.0,-3009.0,1358.7435897435898,5322.0,1100.65,2678.5433686054066,-4399.0,5912.0,10311.0,1930.0,-1222.0,-3152.0,1951.3333333333333,7134.0,1408.725,6392.527285774774,-13866.0,16254.0,30120.0,-790.0,-8537.0,-7747.0,4009.6153846153848,15944.0,exercise_5_finger_typing,exercise_5_finger_typing_8
0.0,0.0,0.0,0.0,0.0,0.0,0.0,0.0,0.0,0.0,0.0,0.0,0.0,0.0,0.0,0.0,0.0,0.0,0.0,0.0,0.0,0.0,0.0,0.0,0.0,0.0,0.0,0.0,0.0,0.0,0.0,0.0,0.0,0.0,0.0,0.0,0.0,0.0,0.0,0.0,0.125,0.33071891388307384,0.0,1.0,1.0,0.0,0.0,0.0,0.05128205128205128,1.0,13982.5,1654.1220480968143,10472.0,17664.0,7192.0,14024.0,15112.0,1088.0,1208.0,4072.0,-5267.6,3882.1436140359365,-13140.0,1788.0,14928.0,-2956.0,-2096.0,860.0,1769.5384615384614,7248.0,-5179.2,1737.345607528911,-10900.0,-1844.0,9056.0,-8884.0,-6784.0,2100.0,1261.6410256410256,4736.0,-374.95,2325.585957882443,-4211.0,7029.0,11240.0,-210.0,2702.0,2912.0,1602.051282051282,5322.0,1189.75,2723.730931553262,-4185.0,7331.0,11516.0,2324.0,91.0,-2233.0,1834.8974358974358,7134.0,-259.225,6712.069656549684,-13866.0,16254.0,30120.0,3842.0,-2947.0,-6789.0,4599.0,15944.0,exercise_5_finger_typing,exercise_5_finger_typing_8
0.0,0.0,0.0,0.0,0.0,0.0,0.0,0.0,0.0,0.0,0.0,0.0,0.0,0.0,0.0,0.0,0.0,0.0,0.0,0.0,0.125,0.33071891388307384,0.0,1.0,1.0,0.0,0.0,0.0,0.05128205128205128,1.0,0.0,0.0,0.0,0.0,0.0,0.0,0.0,0.0,0.0,0.0,0.125,0.33071891388307384,0.0,1.0,1.0,1.0,0.0,-1.0,0.02564102564102564,1.0,14683.9,1304.30256842498,11100.0,17664.0,6564.0,16308.0,11100.0,-5208.0,1181.5384615384614,4072.0,-2650.1,2348.060814800162,-8800.0,1788.0,10588.0,-5464.0,-6692.0,-1228.0,1539.3846153846155,7248.0,-6075.3,1440.675365930854,-10900.0,-1844.0,9056.0,-6052.0,-6856.0,-804.0,1265.7435897435898,4736.0,-256.85,1734.1195683977503,-3681.0,2982.0,6663.0,-1243.0,-1352.0,-109.0,1375.051282051282,3791.0,631.575,3601.625368410074,-11074.0,10515.0,21589.0,-184.0,-8744.0,-8560.0,2803.128205128205,12805.0,738.95,5337.067495123141,-10844.0,13853.0,24697.0,-787.0,13853.0,14640.0,4282.717948717948,16272.0,exercise_5_finger_typing,exercise_5_finger_typing_8
0.0,0.0,0.0,0.0,0.0,0.0,0.0,0.0,0.0,0.0,0.05,0.2179449471770336,0.0,1.0,1.0,0.0,0.0,0.0,0.05128205128205128,1.0,0.125,0.33071891388307384,0.0,1.0,1.0,0.0,0.0,0.0,0.05128205128205128,1.0,0.0,0.0,0.0,0.0,0.0,0.0,0.0,0.0,0.0,0.0,0.175,0.3799671038392666,0.0,1.0,1.0,0.0,1.0,1.0,0.02564102564102564,1.0,13826.1,1448.8182736285457,10636.0,16428.0,5792.0,15240.0,12860.0,-2380.0,1055.8974358974358,3552.0,-4581.5,3037.721736762602,-14396.0,52.0,14448.0,-1476.0,-4436.0,-2960.0,1966.5641025641025,11756.0,-6764.5,1391.690249301187,-10384.0,-3600.0,6784.0,-6432.0,-6800.0,-368.0,893.1282051282051,3528.0,-1030.275,1983.626086079481,-6930.0,3135.0,10065.0,999.0,-1849.0,-2848.0,1496.1025641025642,5578.0,866.2,3832.25734522096,-11074.0,10515.0,21589.0,-2366.0,405.0,2771.0,3594.7948717948716,17697.0,1116.0,5685.699574370774,-11379.0,13853.0,25232.0,-2192.0,4740.0,6932.0,5398.102564102564,18301.0,exercise_5_finger_typing,exercise_5_finger_typing_8
0.0,0.0,0.0,0.0,0.0,0.0,0.0,0.0,0.0,0.0,0.05,0.21794494717703355,0.0,1.0,1.0,0.0,0.0,0.0,0.05128205128205128,1.0,0.1,0.30000000000000004,0.0,1.0,1.0,0.0,1.0,1.0,0.02564102564102564,1.0,0.0,0.0,0.0,0.0,0.0,0.0,0.0,0.0,0.0,0.0,0.175,0.37996710383926635,0.0,1.0,1.0,0.0,0.0,0.0,0.05128205128205128,1.0,13467.7,1393.1536562777274,10636.0,16272.0,5636.0,13360.0,14340.0,980.0,1299.7948717948718,4460.0,-5908.4,2576.3636078783597,-14396.0,-2160.0,12236.0,-14396.0,-2244.0,12152.0,1946.4615384615386,11756.0,-6737.3,1581.8954168970843,-10384.0,-2532.0,7852.0,-10384.0,-7868.0,2516.0,1122.974358974359,5256.0,-910.225,2633.088438388464,-6930.0,6090.0,13020.0,-6930.0,-5770.0,1160.0,1840.4615384615386,8604.0,786.675,3240.5082964521166,-5668.0,8953.0,14621.0,8953.0,-3064.0,-12017.0,2851.871794871795,13038.0,-1200.625,5678.9891120141265,-12898.0,12745.0,25643.0,-131.0,-4066.0,-3935.0,5218.384615384615,19293.0,exercise_5_finger_typing,exercise_5_finger_typing_8
0.0,0.0,0.0,0.0,0.0,0.0,0.0,0.0,0.0,0.0,0.05,0.21794494717703367,0.0,1.0,1.0,0.0,0.0,0.0,0.05128205128205128,1.0,0.275,0.4465142774872936,0.0,1.0,1.0,0.0,0.0,0.0,0.10256410256410256,1.0,0.125,0.33071891388307384,0.0,1.0,1.0,0.0,0.0,0.0,0.05128205128205128,1.0,0.0,0.0,0.0,0.0,0.0,0.0,0.0,0.0,0.0,0.0,13996.0,1157.1437248673997,10860.0,16272.0,5412.0,12864.0,12280.0,-584.0,1211.2820512820513,4460.0,-3428.5,3019.702659203386,-9964.0,1588.0,11552.0,-5152.0,-2180.0,2972.0,1881.5384615384614,6892.0,-7021.2,1847.0038873808578,-13852.0,-2532.0,11320.0,-6296.0,-6688.0,-392.0,1434.6666666666667,6032.0,-319.45,2785.1011826323293,-7565.0,6090.0,13655.0,852.0,-7565.0,-8417.0,2053.25641025641,8604.0,1215.7,3620.684183963025,-5526.0,9401.0,14927.0,3174.0,8784.0,5610.0,3101.846153846154,10084.0,-377.775,5612.5139264303825,-12898.0,12745.0,25643.0,-371.0,-4195.0,-3824.0,4718.923076923077,19293.0,exercise_5_finger_typing,exercise_5_finger_typing_8
0.0,0.0,0.0,0.0,0.0,0.0,0.0,0.0,0.0,0.0,0.05,0.2179449471770336,0.0,1.0,1.0,0.0,0.0,0.0,0.05128205128205128,1.0,0.175,0.37996710383926624,0.0,1.0,1.0,1.0,0.0,-1.0,0.07692307692307693,1.0,0.125,0.33071891388307384,0.0,1.0,1.0,0.0,0.0,0.0,0.05128205128205128,1.0,0.05,0.21794494717703367,0.0,1.0,1.0,0.0,1.0,1.0,0.02564102564102564,1.0,14889.1,1300.853869579516,12280.0,18004.0,5724.0,16104.0,15420.0,-684.0,1246.6666666666667,5248.0,-970.2,2231.7922752801164,-7048.0,4196.0,11244.0,940.0,304.0,-636.0,2168.102564102564,6892.0,-6874.5,1888.94927142049,-13852.0,-3288.0,10564.0,-9160.0,-6288.0,2872.0,1532.7179487179487,6032.0,-926.25,2751.683264385638,-7565.0,4052.0,11617.0,-3872.0,3855.0,7727.0,1731.3076923076924,6682.0,1756.05,2980.8321988162966,-5488.0,9401.0,14889.0,3967.0,2321.0,-1646.0,2771.3333333333335,10084.0,-224.525,4044.33851814793,-7339.0,11723.0,19062.0,77.0,1211.0,1134.0,3837.74358974359,11417.0,exercise_5_finger_typing,exercise_5_finger_typing_8
0.0,0.0,0.0,0.0,0.0,0.0,0.0,0.0,0.0,0.0,0.0,0.0,0.0,0.0,0.0,0.0,0.0,0.0,0.0,0.0,0.0,0.0,0.0,0.0,0.0,0.0,0.0,0.0,0.0,0.0,0.05,0.21794494717703364,0.0,1.0,1.0,0.0,0.0,0.0,0.05128205128205128,1.0,0.175,0.3799671038392664,0.0,1.0,1.0,0.0,0.0,0.0,0.05128205128205128,1.0,15196.8,1147.182705587911,12508.0,18004.0,5496.0,13940.0,15328.0,1388.0,1193.7435897435898,5248.0,-0.9,1917.9075029833946,-4876.0,4196.0,9072.0,1412.0,-1232.0,-2644.0,2056.7179487179487,6312.0,-5968.9,1276.2643887533648,-8980.0,-3288.0,5692.0,-6076.0,-6444.0,-368.0,1493.128205128205,5692.0,-1094.65,3072.0055383250856,-7259.0,4108.0,11367.0,-5433.0,1535.0,6968.0,1630.4615384615386,6519.0,1229.75,2008.7612320781184,-3487.0,6199.0,9686.0,2311.0,30.0,-2281.0,2143.871794871795,5807.0,102.4,3077.142479639186,-7339.0,7924.0,15263.0,-828.0,1785.0,2613.0,2921.871794871795,9487.0,exercise_5_finger_typing,exercise_5_finger_typing_8
0.0,0.0,0.0,0.0,0.0,0.0,0.0,0.0,0.0,0.0,0.0,0.0,0.0,0.0,0.0,0.0,0.0,0.0,0.0,0.0,0.0,0.0,0.0,0.0,0.0,0.0,0.0,0.0,0.0,0.0,0.05,0.2179449471770336,0.0,1.0,1.0,0.0,0.0,0.0,0.05128205128205128,1.0,0.125,0.33071891388307384,0.0,1.0,1.0,1.0,0.0,-1.0,0.02564102564102564,1.0,14819.6,913.6177756589459,12376.0,16636.0,4260.0,15008.0,15504.0,496.0,1026.6666666666667,3944.0,-1737.6,2965.8532397945787,-7952.0,3476.0,11428.0,-788.0,-4112.0,-3324.0,1875.7948717948718,6612.0,-5785.6,907.9479280223068,-8356.0,-4084.0,4272.0,-5156.0,-6120.0,-964.0,978.5641025641025,4272.0,-335.475,3535.142111623662,-7259.0,6654.0,13913.0,3592.0,-5292.0,-8884.0,2058.871794871795,7602.0,909.175,1945.2197033690056,-3487.0,4604.0,8091.0,-1673.0,978.0,2651.0,1885.1538461538462,6298.0,1189.7,3186.494784241769,-6690.0,7924.0,14614.0,2915.0,-6690.0,-9605.0,3274.7948717948716,10974.0,exercise_5_finger_typing,exercise_5_finger_typing_8
0.0,0.0,0.0,0.0,0.0,0.0,0.0,0.0,0.0,0.0,0.0,0.0,0.0,0.0,0.0,0.0,0.0,0.0,0.0,0.0,0.0,0.0,0.0,0.0,0.0,0.0,0.0,0.0,0.0,0.0,0.0,0.0,0.0,0.0,0.0,0.0,0.0,0.0,0.0,0.0,0.125,0.33071891388307384,0.0,1.0,1.0,0.0,0.0,0.0,0.05128205128205128,1.0,14531.0,996.1255944909758,12300.0,16636.0,4336.0,15380.0,14664.0,-716.0,1024.3076923076924,3944.0,-4252.8,2883.4548999420813,-8912.0,3896.0,12808.0,-552.0,-4544.0,-3992.0,2027.6923076923076,7604.0,-5451.8,965.4702274021712,-8100.0,-3416.0,4684.0,-6120.0,-5620.0,500.0,744.7179487179487,3140.0,237.625,3926.87050135028,-7203.0,11878.0,19081.0,388.0,-2901.0,-3289.0,2439.153846153846,8774.0,1058.925,2010.0994799698349,-2720.0,7344.0,10064.0,1131.0,-1919.0,-3050.0,2073.7948717948716,6631.0,833.875,6063.832155442216,-14464.0,19041.0,33505.0,421.0,-73.0,-494.0,4333.2307692307695,16628.0,exercise_5_finger_typing,exercise_5_finger_typing_8
0.0,0.0,0.0,0.0,0.0,0.0,0.0,0.0,0.0,0.0,0.0,0.0,0.0,0.0,0.0,0.0,0.0,0.0,0.0,0.0,0.075,0.26339134382131846,0.0,1.0,1.0,0.0,1.0,1.0,0.02564102564102564,1.0,0.0,0.0,0.0,0.0,0.0,0.0,0.0,0.0,0.0,0.0,0.125,0.33071891388307384,0.0,1.0,1.0,0.0,0.0,0.0,0.05128205128205128,1.0,14743.1,937.9140632275432,12300.0,16520.0,4220.0,16100.0,15312.0,-788.0,796.4102564102565,2440.0,-3902.2,2660.6122528470773,-8912.0,3896.0,12808.0,-2544.0,-2048.0,496.0,1646.1538461538462,7604.0,-5370.9,1222.4990756642721,-8100.0,-1392.0,6708.0,-7800.0,-6192.0,1608.0,1095.179487179487,4112.0,-561.1,3511.7083720035753,-6651.0,11878.0,18529.0,-3383.0,1380.0,4763.0,2085.974358974359,8774.0,1438.225,1859.0367329278354,-1952.0,7344.0,9296.0,2320.0,2606.0,286.0,1976.3076923076924,6631.0,56.275,5692.665175414323,-14464.0,19041.0,33505.0,-4079.0,2059.0,6138.0,3339.846153846154,16628.0,exercise_5_finger_typing,exercise_5_finger_typing_8
0.0,0.0,0.0,0.0,0.0,0.0,0.0,0.0,0.0,0.0,0.05,0.21794494717703364,0.0,1.0,1.0,0.0,0.0,0.0,0.05128205128205128,1.0,0.1,0.2999999999999999,0.0,1.0,1.0,0.0,0.0,0.0,0.05128205128205128,1.0,0.0,0.0,0.0,0.0,0.0,0.0,0.0,0.0,0.0,0.0,0.125,0.33071891388307384,0.0,1.0,1.0,0.0,1.0,1.0,0.02564102564102564,1.0,15196.2,887.3510917331427,12872.0,17712.0,4840.0,15096.0,17712.0,2616.0,870.974358974359,2576.0,-3302.7,1602.9568646722842,-6412.0,560.0,6972.0,-4488.0,560.0,5048.0,1469.7435897435898,4748.0,-5055.1,1272.5189153800425,-7764.0,-1392.0,6372.0,-4968.0,-6740.0,-1772.0,1227.3846153846155,4112.0,-985.475,2810.5201652674546,-7557.0,4325.0,11882.0,-2097.0,-2129.0,-32.0,2021.948717948718,9672.0,1246.775,2371.599981947841,-4396.0,8139.0,12535.0,950.0,83.0,-867.0,2085.923076923077,5533.0,-602.975,2979.923191019359,-8588.0,4988.0,13576.0,-148.0,955.0,1103.0,3125.2051282051284,9280.0,exercise_5_finger_typing,exercise_5_finger_typing_8
0.0,0.0,0.0,0.0,0.0,0.0,0.0,0.0,0.0,0.0,0.125,0.33071891388307384,0.0,1.0,1.0,0.0,0.0,0.0,0.10256410256410256,1.0,0.025,0.1561249499599599,0.0,1.0,1.0,1.0,0.0,-1.0,0.02564102564102564,1.0,0.0,0.0,0.0,0.0,0.0,0.0,0.0,0.0,0.0,0.0,0.225,0.4175823272122517,0.0,1.0,1.0,0.0,0.0,0.0,0.05128205128205128,1.0,15073.6,910.1216621968733,13624.0,17712.0,4088.0,14480.0,14640.0,160.0,790.1538461538462,2576.0,-3948.8,1837.3080743304863,-7236.0,560.0,7796.0,-5620.0,-5572.0,48.0,1619.6923076923076,4372.0,-4512.0,1100.6903288391336,-7284.0,-2348.0,4936.0,-5428.0,-4232.0,1196.0,963.7948717948718,2364.0,1260.925,3815.4036378049177,-7557.0,8755.0,16312.0,4208.0,2007.0,-2201.0,2571.7179487179487,9672.0,887.475,2943.756817295715,-4442.0,8139.0,12581.0,8139.0,-2972.0,-11111.0,2557.7179487179487,6437.0,775.075,3748.554450634937,-8588.0,9058.0,17646.0,2282.0,5466.0,3184.0,4059.128205128205,11321.0,exercise_5_finger_typing,exercise_5_finger_typing_8
0.0,0.0,0.0,0.0,0.0,0.0,0.0,0.0,0.0,0.0,0.075,0.26339134382131874,0.0,1.0,1.0,0.0,0.0,0.0,0.05128205128205128,1.0,0.0,0.0,0.0,0.0,0.0,0.0,0.0,0.0,0.0,0.0,0.0,0.0,0.0,0.0,0.0,0.0,0.0,0.0,0.0,0.0,0.35,0.47696960070847283,0.0,1.0,1.0,1.0,1.0,0.0,0.05128205128205128,1.0,14833.3,982.5861336290067,13324.0,18284.0,4960.0,16140.0,13588.0,-2552.0,671.3846153846154,2720.0,-4753.8,2302.359302975971,-8872.0,-532.0,8340.0,-1900.0,-5828.0,-3928.0,1355.6923076923076,4372.0,-4466.0,1022.002348333897,-6976.0,-2348.0,4628.0,-6140.0,-5104.0,1036.0,883.5897435897435,2508.0,444.275,4510.730400874674,-9851.0,8755.0,18606.0,986.0,5407.0,4421.0,2248.076923076923,7138.0,1225.2,2368.143399374286,-4442.0,5867.0,10309.0,2282.0,999.0,-1283.0,2011.2051282051282,6437.0,789.85,4484.065095145253,-11288.0,9058.0,20346.0,2835.0,5911.0,3076.0,3023.5897435897436,11321.0,exercise_5_finger_typing,exercise_5_finger_typing_8
0.15,0.3570714214271425,0.0,1.0,1.0,0.0,0.0,0.0,0.05128205128205128,1.0,0.0,0.0,0.0,0.0,0.0,0.0,0.0,0.0,0.0,0.0,0.0,0.0,0.0,0.0,0.0,0.0,0.0,0.0,0.0,0.0,0.0,0.0,0.0,0.0,0.0,0.0,0.0,0.0,0.0,0.0,0.25,0.4330127018922193,0.0,1.0,1.0,0.0,0.0,0.0,0.05128205128205128,1.0,14359.1,1270.793606373592,11292.0,18284.0,6992.0,14396.0,17420.0,3024.0,981.5384615384615,4336.0,-5320.8,3138.2546996698657,-11684.0,-552.0,11132.0,-8872.0,-1460.0,7412.0,1326.4615384615386,5560.0,-4508.7,1413.5619936882854,-9324.0,-2224.0,7100.0,-4964.0,-7356.0,-2392.0,1222.5641025641025,4740.0,-2403.3,4600.569444101458,-9851.0,10200.0,20051.0,-1125.0,1194.0,2319.0,2076.5384615384614,6390.0,1136.125,2523.795556176253,-4605.0,7015.0,11620.0,3071.0,-177.0,-3248.0,2051.1794871794873,7170.0,-877.575,6243.265591369231,-15435.0,15284.0,30719.0,2204.0,6980.0,4776.0,3605.846153846154,14565.0,exercise_5_finger_typing,exercise_5_finger_typing_8
0.15,0.3570714214271425,0.0,1.0,1.0,0.0,0.0,0.0,0.05128205128205128,1.0,0.0,0.0,0.0,0.0,0.0,0.0,0.0,0.0,0.0,0.0,0.075,0.2633913438213185,0.0,1.0,1.0,0.0,0.0,0.0,0.05128205128205128,1.0,0.075,0.2633913438213187,0.0,1.0,1.0,0.0,0.0,0.0,0.05128205128205128,1.0,0.0,0.0,0.0,0.0,0.0,0.0,0.0,0.0,0.0,0.0,14684.5,1327.949151887978,11292.0,17700.0,6408.0,13412.0,15244.0,1832.0,1016.6153846153846,4336.0,-3351.2,3545.038132376011,-11684.0,1752.0,13436.0,-4924.0,-1824.0,3100.0,1535.4871794871794,5560.0,-5226.0,1567.5068101925426,-9324.0,-2224.0,7100.0,-2224.0,-5836.0,-3612.0,1138.7692307692307,4740.0,-1672.55,4024.6014582191865,-8975.0,10200.0,19175.0,10200.0,2503.0,-7697.0,1767.4615384615386,6390.0,1104.85,2707.788964727495,-4605.0,7015.0,11620.0,2578.0,3979.0,1401.0,2254.5897435897436,7170.0,-408.55,5651.171263331169,-15435.0,15284.0,30719.0,15284.0,2153.0,-13131.0,3832.5897435897436,14565.0,exercise_5_finger_typing,exercise_5_finger_typing_8
0.0,0.0,0.0,0.0,0.0,0.0,0.0,0.0,0.0,0.0,0.15,0.3570714214271425,0.0,1.0,1.0,0.0,0.0,0.0,0.10256410256410256,1.0,0.125,0.33071891388307384,0.0,1.0,1.0,0.0,0.0,0.0,0.05128205128205128,1.0,0.075,0.2633913438213189,0.0,1.0,1.0,1.0,0.0,-1.0,0.02564102564102564,1.0,0.0,0.0,0.0,0.0,0.0,0.0,0.0,0.0,0.0,0.0,14316.6,1429.8356688794697,11600.0,17080.0,5480.0,13488.0,13304.0,-184.0,1118.3589743589744,4776.0,-3538.2,3395.150417875473,-10620.0,1736.0,12356.0,880.0,-7104.0,-7984.0,1788.1025641025642,6568.0,-6228.3,1885.008517222137,-12612.0,-2400.0,10212.0,-6304.0,-3312.0,2992.0,1210.2564102564102,5580.0,1056.3,2329.4211319553187,-5643.0,5597.0,11240.0,-1704.0,-2740.0,-1036.0,1635.7948717948718,5955.0,1730.225,3339.2105091435915,-7704.0,7439.0,15143.0,4079.0,-61.0,-4140.0,2334.6153846153848,10193.0,1235.975,4985.0569278971125,-13328.0,9111.0,22439.0,-1644.0,-13328.0,-11684.0,4011.6923076923076,15354.0,exercise_5_finger_typing,exercise_5_finger_typing_9
0.0,0.0,0.0,0.0,0.0,0.0,0.0,0.0,0.0,0.0,0.05,0.2179449471770336,0.0,1.0,1.0,0.0,0.0,0.0,0.05128205128205128,1.0,0.05,0.21794494717703367,0.0,1.0,1.0,0.0,1.0,1.0,0.02564102564102564,1.0,0.025,0.15612494995995996,0.0,1.0,1.0,0.0,0.0,0.0,0.05128205128205128,1.0,0.175,0.3799671038392666,0.0,1.0,1.0,0.0,0.0,0.0,0.10256410256410256,1.0,14591.9,1911.2018182285196,11600.0,19000.0,7400.0,14604.0,13484.0,-1120.0,1670.7692307692307,6256.0,-3428.6,3813.378087732713,-10620.0,4652.0,15272.0,-2688.0,0.0,2688.0,2368.0,10156.0,-5617.1,2100.9508299815116,-12612.0,-1968.0,10644.0,-3700.0,-5792.0,-2092.0,1664.7179487179487,5580.0,-637.375,3489.1686236659584,-7349.0,5597.0,12946.0,893.0,1414.0,521.0,2336.948717948718,8859.0,1273.325,3721.5203572431246,-7704.0,7439.0,15143.0,-742.0,2416.0,3158.0,3020.358974358974,10620.0,-527.025,6460.756099279326,-14654.0,9111.0,23765.0,2912.0,5904.0,2992.0,5348.102564102564,18679.0,exercise_5_finger_typing,exercise_5_finger_typing_9
0.0,0.0,0.0,0.0,0.0,0.0,0.0,0.0,0.0,0.0,0.0,0.0,0.0,0.0,0.0,0.0,0.0,0.0,0.0,0.0,0.05,0.2179449471770336,0.0,1.0,1.0,0.0,0.0,0.0,0.05128205128205128,1.0,0.025,0.1561249499599599,0.0,1.0,1.0,0.0,0.0,0.0,0.05128205128205128,1.0,0.175,0.3799671038392663,0.0,1.0,1.0,0.0,0.0,0.0,0.10256410256410256,1.0,15066.8,1508.935571851893,12360.0,19000.0,6640.0,14528.0,17396.0,2868.0,1414.871794871795,6256.0,-1798.2,2398.9040747808153,-6532.0,4652.0,11184.0,-5136.0,-4564.0,572.0,1736.923076923077,10156.0,-5616.4,1529.3033185081367,-9132.0,-1968.0,7164.0,-2468.0,-8208.0,-5740.0,1196.6153846153845,4380.0,-1213.75,3454.379971499951,-8281.0,4792.0,13073.0,-4269.0,-1227.0,3042.0,2176.051282051282,8859.0,524.65,3543.3608449465037,-6693.0,6766.0,13459.0,937.0,6766.0,5829.0,3149.25641025641,13459.0,-946.85,5017.259912292764,-14654.0,7549.0,22203.0,-13927.0,745.0,14672.0,4178.153846153846,18679.0,exercise_5_finger_typing,exercise_5_finger_typing_9
0.0,0.0,0.0,0.0,0.0,0.0,0.0,0.0,0.0,0.0,0.075,0.2633913438213185,0.0,1.0,1.0,0.0,0.0,0.0,0.05128205128205128,1.0,0.05,0.21794494717703367,0.0,1.0,1.0,0.0,0.0,0.0,0.05128205128205128,1.0,0.05,0.2179449471770336,0.0,1.0,1.0,0.0,0.0,0.0,0.05128205128205128,1.0,0.0,0.0,0.0,0.0,0.0,0.0,0.0,0.0,0.0,0.0,14584.8,945.4561650335779,12144.0,17396.0,5252.0,14048.0,13996.0,-52.0,916.8205128205128,4012.0,-3246.7,2068.724319478069,-7468.0,-92.0,7376.0,-1148.0,-5188.0,-4040.0,1446.1538461538462,4956.0,-6184.7,1175.1183387216795,-9264.0,-3860.0,5404.0,-4552.0,-5056.0,-504.0,866.6666666666666,3620.0,-60.85,2620.068763887696,-8281.0,4738.0,13019.0,802.0,-4870.0,-5672.0,1673.5384615384614,7054.0,759.675,3231.9495539650675,-7580.0,6766.0,14346.0,4990.0,-484.0,-5474.0,2648.3076923076924,13459.0,1068.825,3184.418258391162,-7265.0,8042.0,15307.0,-810.0,-7265.0,-6455.0,2329.358974358974,7642.0,exercise_5_finger_typing,exercise_5_finger_typing_9
0.0,0.0,0.0,0.0,0.0,0.0,0.0,0.0,0.0,0.0,0.2,0.40000000000000013,0.0,1.0,1.0,0.0,0.0,0.0,0.10256410256410256,1.0,0.05,0.2179449471770336,0.0,1.0,1.0,0.0,0.0,0.0,0.05128205128205128,1.0,0.05,0.21794494717703355,0.0,1.0,1.0,1.0,0.0,-1.0,0.02564102564102564,1.0,0.15,0.3570714214271425,0.0,1.0,1.0,0.0,0.0,0.0,0.05128205128205128,1.0,14101.4,838.6286663357031,12144.0,15884.0,3740.0,14908.0,12848.0,-2060.0,819.7948717948718,3300.0,-4492.4,2547.8321451775428,-8048.0,-92.0,7956.0,-608.0,-7664.0,-7056.0,1632.2051282051282,4956.0,-6465.8,958.3176717560832,-9264.0,-4740.0,4524.0,-7744.0,-4772.0,2972.0,838.8717948717949,3620.0,-211.525,2957.2708363244315,-7663.0,7127.0,14790.0,-2686.0,-3244.0,-558.0,1822.4615384615386,6135.0,1125.95,2223.6158048323005,-7580.0,4581.0,12161.0,2758.0,4185.0,1427.0,1996.076923076923,9934.0,1132.6,4543.811141541866,-11225.0,9954.0,21179.0,-85.0,-537.0,-452.0,3219.2820512820513,9931.0,exercise_5_finger_typing,exercise_5_finger_typing_9
0.0,0.0,0.0,0.0,0.0,0.0,0.0,0.0,0.0,0.0,0.125,0.33071891388307384,0.0,1.0,1.0,0.0,0.0,0.0,0.05128205128205128,1.0,0.0,0.0,0.0,0.0,0.0,0.0,0.0,0.0,0.0,0.0,0.0,0.0,0.0,0.0,0.0,0.0,0.0,0.0,0.0,0.0,0.25,0.4330127018922193,0.0,1.0,1.0,0.0,0.0,0.0,0.10256410256410256,1.0,14264.9,927.6958499422104,12312.0,17060.0,4748.0,13992.0,14832.0,840.0,720.4102564102565,2232.0,-4044.3,2809.3713727451554,-9168.0,1620.0,10788.0,-5660.0,276.0,5936.0,2017.2307692307693,5276.0,-6371.6,799.589294575659,-7948.0,-4484.0,3464.0,-5880.0,-5632.0,248.0,742.5641025641025,2316.0,-728.275,2712.17606349127,-7663.0,7127.0,14790.0,-7663.0,28.0,7691.0,1828.128205128205,6135.0,819.6,2254.6293908312296,-5983.0,5513.0,11496.0,-780.0,-893.0,-113.0,2054.025641025641,10168.0,-814.425,5160.926268062256,-11225.0,9954.0,21179.0,-11225.0,4.0,11229.0,4271.51282051282,10218.0,exercise_5_finger_typing,exercise_5_finger_typing_9
0.025,0.15612494995995996,0.0,1.0,1.0,0.0,1.0,1.0,0.02564102564102564,1.0,0.0,0.0,0.0,0.0,0.0,0.0,0.0,0.0,0.0,0.0,0.025,0.15612494995995996,0.0,1.0,1.0,0.0,0.0,0.0,0.05128205128205128,1.0,0.1,0.29999999999999993,0.0,1.0,1.0,0.0,0.0,0.0,0.05128205128205128,1.0,0.275,0.44651427748729366,0.0,1.0,1.0,0.0,0.0,0.0,0.10256410256410256,1.0,14538.6,1173.948397503059,12804.0,18016.0,5212.0,13156.0,13028.0,-128.0,919.3846153846154,5188.0,-2437.9,2384.8547104593185,-9168.0,1620.0,10788.0,-5588.0,-3824.0,1764.0,1864.1025641025642,5276.0,-6551.9,916.7374705988625,-9212.0,-4484.0,4728.0,-6624.0,-5784.0,840.0,818.8717948717949,2724.0,-915.375,2056.8418228864853,-8001.0,1999.0,10000.0,-481.0,1996.0,2477.0,1692.8974358974358,3953.0,794.775,2440.7956437143607,-5983.0,6171.0,12154.0,-5983.0,4275.0,10258.0,1637.2820512820513,7179.0,151.15,4627.948835877509,-9110.0,8890.0,18000.0,3691.0,6292.0,2601.0,3997.8205128205127,10218.0,exercise_5_finger_typing,exercise_5_finger_typing_9
0.175,0.3799671038392664,0.0,1.0,1.0,0.0,0.0,0.0,0.05128205128205128,1.0,0.0,0.0,0.0,0.0,0.0,0.0,0.0,0.0,0.0,0.0,0.025,0.15612494995995993,0.0,1.0,1.0,0.0,0.0,0.0,0.05128205128205128,1.0,0.1,0.29999999999999977,0.0,1.0,1.0,0.0,0.0,0.0,0.05128205128205128,1.0,0.175,0.37996710383926624,0.0,1.0,1.0,0.0,0.0,0.0,0.05128205128205128,1.0,13963.4,1297.1293073552845,11688.0,18016.0,6328.0,14116.0,14004.0,-112.0,958.7692307692307,5188.0,-4260.7,3014.6805983387358,-10600.0,1160.0,11760.0,-1032.0,-7960.0,-6928.0,1576.820512820513,4252.0,-6708.7,1216.5258361415924,-10120.0,-4788.0,5332.0,-6184.0,-4788.0,1396.0,993.7435897435897,3380.0,-440.9,2151.593604749745,-8001.0,3073.0,11074.0,-578.0,-931.0,-353.0,1539.820512820513,4167.0,1099.45,2431.5008528684502,-7332.0,6171.0,13503.0,-1115.0,1787.0,2902.0,1757.8461538461538,7336.0,1743.9,3355.3649637558055,-8272.0,8890.0,17162.0,2361.0,3588.0,1227.0,3586.1794871794873,11940.0,exercise_5_finger_typing,exercise_5_finger_typing_9
0.325,0.4683748498798798,0.0,1.0,1.0,1.0,1.0,0.0,0.05128205128205128,1.0,0.0,0.0,0.0,0.0,0.0,0.0,0.0,0.0,0.0,0.0,0.075,0.26339134382131846,0.0,1.0,1.0,0.0,0.0,0.0,0.05128205128205128,1.0,0.175,0.37996710383926663,0.0,1.0,1.0,0.0,1.0,1.0,0.07692307692307693,1.0,0.0,0.0,0.0,0.0,0.0,0.0,0.0,0.0,0.0,0.0,13871.8,1159.1458752029446,11688.0,16968.0,5280.0,12688.0,13752.0,1064.0,1027.8974358974358,3680.0,-4544.5,3468.7458468443606,-10600.0,2444.0,13044.0,-4152.0,2276.0,6428.0,1965.025641025641,8912.0,-6643.1,1518.2159233784898,-10544.0,-4480.0,6064.0,-5220.0,-6524.0,-1304.0,1449.2307692307693,4172.0,-790.925,2971.089121748959,-9774.0,5234.0,15008.0,1889.0,3733.0,1844.0,1960.2051282051282,5390.0,917.275,2645.2759306686703,-7332.0,4469.0,11801.0,2320.0,579.0,-1741.0,2243.102564102564,10620.0,-2013.025,5604.940233791524,-14809.0,6451.0,21260.0,2042.0,-6740.0,-8782.0,3875.4871794871797,12464.0,exercise_5_finger_typing,exercise_5_finger_typing_9
0.175,0.37996710383926635,0.0,1.0,1.0,0.0,0.0,0.0,0.05128205128205128,1.0,0.0,0.0,0.0,0.0,0.0,0.0,0.0,0.0,0.0,0.0,0.075,0.2633913438213187,0.0,1.0,1.0,0.0,0.0,0.0,0.05128205128205128,1.0,0.3,0.4582575694955839,0.0,1.0,1.0,0.0,0.0,0.0,0.20512820512820512,1.0,0.425,0.4943429983321296,0.0,1.0,1.0,0.0,1.0,1.0,0.07692307692307693,1.0,14533.2,1344.4746780806247,12864.0,19228.0,6364.0,12920.0,15432.0,2512.0,1431.5897435897436,5072.0,-192.2,3738.501512638452,-9224.0,6484.0,15708.0,-9224.0,-1664.0,7560.0,1824.6153846153845,8912.0,-6666.5,1423.761128139127,-10544.0,-4480.0,6064.0,-5112.0,-4932.0,180.0,1581.025641025641,4172.0,-1098.575,3462.4030592025247,-9774.0,5234.0,15008.0,-2607.0,1341.0,3948.0,2498.4102564102564,7710.0,994.1,3064.7376298795953,-7021.0,10184.0,17205.0,1640.0,1565.0,-75.0,3201.6666666666665,13870.0,-650.65,6874.541284878576,-14809.0,10390.0,25199.0,-3690.0,9968.0,13658.0,4034.102564102564,12464.0,exercise_5_finger_typing,exercise_5_finger_typing_9
0.0,0.0,0.0,0.0,0.0,0.0,0.0,0.0,0.0,0.0,0.0,0.0,0.0,0.0,0.0,0.0,0.0,0.0,0.0,0.0,0.0,0.0,0.0,0.0,0.0,0.0,0.0,0.0,0.0,0.0,0.175,0.37996710383926646,0.0,1.0,1.0,0.0,0.0,0.0,0.15384615384615385,1.0,0.425,0.4943429983321294,0.0,1.0,1.0,1.0,0.0,-1.0,0.07692307692307693,1.0,14111.5,1529.8842276460007,11480.0,19228.0,7748.0,15796.0,12016.0,-3780.0,1331.3846153846155,5072.0,-2065.3,4647.299033847509,-9572.0,6484.0,16056.0,4620.0,-9572.0,-14192.0,1506.051282051282,5428.0,-6811.2,1338.0200895352802,-10052.0,-4644.0,5408.0,-6248.0,-5348.0,900.0,1294.051282051282,3264.0,143.275,3034.1367552196784,-8634.0,6629.0,15263.0,2830.0,6629.0,3799.0,2317.051282051282,7710.0,1083.025,3203.806942431925,-4553.0,10184.0,14737.0,1653.0,2724.0,1071.0,3374.025641025641,13870.0,3357.7,4801.660052523503,-8118.0,10390.0,18508.0,-1248.0,8793.0,10041.0,4791.205128205128,15395.0,exercise_5_finger_typing,exercise_5_finger_typing_9
0.025,0.15612494995995996,0.0,1.0,1.0,0.0,1.0,1.0,0.02564102564102564,1.0,0.0,0.0,0.0,0.0,0.0,0.0,0.0,0.0,0.0,0.0,0.05,0.21794494717703367,0.0,1.0,1.0,0.0,1.0,1.0,0.02564102564102564,1.0,0.05,0.21794494717703358,0.0,1.0,1.0,0.0,0.0,0.0,0.05128205128205128,1.0,0.0,0.0,0.0,0.0,0.0,0.0,0.0,0.0,0.0,0.0,12560.7,1765.0103427459,7672.0,16628.0,8956.0,14336.0,11684.0,-2652.0,1470.6666666666667,8956.0,-7676.2,2601.8344220953027,-12848.0,-2988.0,9860.0,-4608.0,-3108.0,1500.0,1625.5384615384614,5428.0,-6143.1,1810.1665089156852,-11476.0,-2236.0,9240.0,-6056.0,-5976.0,80.0,1218.2564102564102,5872.0,-1.75,3215.7608333798707,-9594.0,6629.0,16223.0,-108.0,-454.0,-346.0,2799.3846153846152,13670.0,996.65,3553.023842799257,-10696.0,13429.0,24125.0,1832.0,3847.0,2015.0,2980.025641025641,14598.0,538.925,5297.740723117261,-16095.0,8793.0,24888.0,7059.0,631.0,-6428.0,4965.641025641025,16726.0,exercise_5_finger_typing,exercise_5_finger_typing_9
0.175,0.3799671038392664,0.0,1.0,1.0,0.0,0.0,0.0,0.05128205128205128,1.0,0.0,0.0,0.0,0.0,0.0,0.0,0.0,0.0,0.0,0.0,0.075,0.2633913438213187,0.0,1.0,1.0,0.0,0.0,0.0,0.05128205128205128,1.0,0.0,0.0,0.0,0.0,0.0,0.0,0.0,0.0,0.0,0.0,0.125,0.33071891388307384,0.0,1.0,1.0,0.0,0.0,0.0,0.05128205128205128,1.0,13109.7,2143.246115125372,7672.0,18144.0,10472.0,9844.0,14552.0,4708.0,1417.128205128205,8956.0,-6374.2,3802.3121334261864,-12848.0,4536.0,17384.0,-12848.0,-3604.0,9244.0,1840.3076923076924,8632.0,-5434.2,1434.2724845718824,-11476.0,-2236.0,9240.0,-4180.0,-6088.0,-1908.0,1039.8974358974358,5872.0,-846.45,2724.531023405679,-9594.0,5633.0,15227.0,4679.0,-2312.0,-6991.0,2392.641025641026,13670.0,893.05,3100.1796476172153,-10696.0,13429.0,24125.0,3724.0,-1154.0,-4878.0,2509.4358974358975,14598.0,-1487.7,5893.065798886009,-24155.0,9688.0,33843.0,4878.0,-2108.0,-6986.0,4395.897435897436,27663.0,exercise_5_finger_typing,exercise_5_finger_typing_9
0.15,0.3570714214271425,0.0,1.0,1.0,1.0,0.0,-1.0,0.02564102564102564,1.0,0.0,0.0,0.0,0.0,0.0,0.0,0.0,0.0,0.0,0.0,0.025,0.1561249499599599,0.0,1.0,1.0,1.0,0.0,-1.0,0.02564102564102564,1.0,0.0,0.0,0.0,0.0,0.0,0.0,0.0,0.0,0.0,0.0,0.125,0.33071891388307384,0.0,1.0,1.0,0.0,0.0,0.0,0.05128205128205128,1.0,14545.3,1347.051413272708,11916.0,18144.0,6228.0,11916.0,12172.0,256.0,1025.6410256410256,4904.0,-3333.7,2208.610040274199,-7392.0,4536.0,11928.0,-7392.0,1340.0,8732.0,1364.820512820513,8632.0,-5586.7,1135.9666852509365,-8364.0,-1544.0,6820.0,-6164.0,-1544.0,4620.0,856.5128205128206,4020.0,-564.7,2783.6340025226013,-11198.0,4227.0,15425.0,887.0,-11198.0,-12085.0,1575.6153846153845,6910.0,506.35,2354.325121452006,-8205.0,4993.0,13198.0,2732.0,-8205.0,-10937.0,1982.5897435897436,9652.0,-1274.325,5245.2778495876655,-24155.0,9688.0,33843.0,-238.0,-4847.0,-4609.0,3196.3333333333335,27663.0,exercise_5_finger_typing,exercise_5_finger_typing_9
0.0,0.0,0.0,0.0,0.0,0.0,0.0,0.0,0.0,0.0,0.0,0.0,0.0,0.0,0.0,0.0,0.0,0.0,0.0,0.0,0.1,0.29999999999999993,0.0,1.0,1.0,0.0,0.0,0.0,0.05128205128205128,1.0,0.075,0.2633913438213187,0.0,1.0,1.0,0.0,0.0,0.0,0.05128205128205128,1.0,0.0,0.0,0.0,0.0,0.0,0.0,0.0,0.0,0.0,0.0,14646.6,1953.8052205887877,11988.0,21468.0,9480.0,13280.0,17760.0,4480.0,1544.2051282051282,9296.0,-2492.3,1614.2216421545093,-5476.0,1340.0,6816.0,-3964.0,-612.0,3352.0,1220.1025641025642,4760.0,-6527.3,1715.6104190637222,-10824.0,-1544.0,9280.0,-5596.0,-8772.0,-3176.0,1338.871794871795,7560.0,109.9,2762.2638614006446,-11198.0,4227.0,15425.0,-4324.0,-951.0,3373.0,1702.7435897435898,9129.0,408.775,2926.867143273674,-8205.0,5885.0,14090.0,-5472.0,5448.0,10920.0,2539.5384615384614,10917.0,-660.6,3381.8225766589235,-8128.0,9508.0,17636.0,-2790.0,-8128.0,-5338.0,3085.3846153846152,15974.0,exercise_5_finger_typing,exercise_5_finger_typing_9
0.025,0.15612494995995993,0.0,1.0,1.0,0.0,0.0,0.0,0.05128205128205128,1.0,0.1,0.29999999999999993,0.0,1.0,1.0,0.0,0.0,0.0,0.10256410256410256,1.0,0.125,0.33071891388307384,0.0,1.0,1.0,0.0,0.0,0.0,0.10256410256410256,1.0,0.075,0.26339134382131885,0.0,1.0,1.0,0.0,0.0,0.0,0.05128205128205128,1.0,0.0,0.0,0.0,0.0,0.0,0.0,0.0,0.0,0.0,0.0,14412.2,2073.822933618008,11988.0,21468.0,9480.0,21468.0,17864.0,-3604.0,1591.6923076923076,6340.0,-2721.6,1759.6128665135407,-6900.0,1328.0,8228.0,-2612.0,-6900.0,-4288.0,1602.051282051282,4760.0,-7147.9,1475.4992341577138,-10824.0,-4724.0,6100.0,-9104.0,-7980.0,1124.0,1135.2820512820513,4796.0,158.7,1855.0383850475982,-5898.0,3649.0,9547.0,-2069.0,-2110.0,-41.0,1479.923076923077,6629.0,914.775,3405.6319273190693,-6571.0,7357.0,13928.0,-589.0,-878.0,-289.0,2984.076923076923,11171.0,893.325,4514.417251359803,-13803.0,9508.0,23311.0,9508.0,-658.0,-10166.0,4916.871794871795,23097.0,exercise_5_finger_typing,exercise_5_finger_typing_9
0.075,0.2633913438213187,0.0,1.0,1.0,0.0,0.0,0.0,0.10256410256410256,1.0,0.275,0.4465142774872936,0.0,1.0,1.0,1.0,1.0,0.0,0.20512820512820512,1.0,0.175,0.37996710383926646,0.0,1.0,1.0,1.0,1.0,0.0,0.10256410256410256,1.0,0.0,0.0,0.0,0.0,0.0,0.0,0.0,0.0,0.0,0.0,0.0,0.0,0.0,0.0,0.0,0.0,0.0,0.0,0.0,0.0,13933.4,1505.6317079551695,10844.0,18432.0,7588.0,14312.0,13736.0,-576.0,1347.2820512820513,5168.0,-4082.0,1847.3057137355472,-7800.0,-784.0,7016.0,-2024.0,-1324.0,700.0,1580.6153846153845,4180.0,-7025.4,1341.5231790766793,-10460.0,-5064.0,5396.0,-8880.0,-7376.0,1504.0,1091.8974358974358,4576.0,-444.5,1904.3061466056345,-4896.0,4448.0,9344.0,1424.0,-50.0,-1474.0,1584.4615384615386,6629.0,986.625,3019.3440569724744,-6571.0,7357.0,13928.0,1005.0,396.0,-609.0,2414.230769230769,11171.0,507.325,4813.238449253787,-13803.0,9294.0,23097.0,6870.0,1944.0,-4926.0,4751.846153846154,23097.0,exercise_5_finger_typing,exercise_5_finger_typing_9
0.05,0.21794494717703355,0.0,1.0,1.0,1.0,0.0,-1.0,0.02564102564102564,1.0,0.3,0.45825756949558394,0.0,1.0,1.0,1.0,0.0,-1.0,0.1282051282051282,1.0,0.35,0.4769696007084729,0.0,1.0,1.0,0.0,1.0,1.0,0.1282051282051282,1.0,0.15,0.3570714214271425,0.0,1.0,1.0,0.0,0.0,0.0,0.10256410256410256,1.0,0.3,0.45825756949558405,0.0,1.0,1.0,0.0,1.0,1.0,0.07692307692307693,1.0,14230.3,1630.926089680339,10844.0,18204.0,7360.0,16128.0,16348.0,220.0,1498.7692307692307,3860.0,-3096.7,2560.054825584796,-7800.0,3684.0,11484.0,-4524.0,-3768.0,756.0,1765.8461538461538,6076.0,-7106.2,2004.888415847625,-11852.0,-2484.0,9368.0,-7776.0,-4188.0,3588.0,1850.5641025641025,8500.0,-1274.325,2586.477125237144,-7033.0,7378.0,14411.0,38.0,-99.0,-137.0,2127.7179487179487,8437.0,1280.6,2831.1570673489664,-3320.0,10636.0,13956.0,2769.0,3290.0,521.0,2423.0,7833.0,-107.4,4919.481292778741,-9616.0,13079.0,22695.0,3728.0,-2052.0,-5780.0,4510.25641025641,12926.0,exercise_5_finger_typing,exercise_5_finger_typing_9
0.1,0.2999999999999999,0.0,1.0,1.0,0.0,0.0,0.0,0.05128205128205128,1.0,0.125,0.33071891388307384,0.0,1.0,1.0,1.0,0.0,-1.0,0.02564102564102564,1.0,0.35,0.47696960070847283,0.0,1.0,1.0,1.0,1.0,0.0,0.15384615384615385,1.0,0.2,0.40000000000000013,0.0,1.0,1.0,0.0,0.0,0.0,0.15384615384615385,1.0,0.325,0.4683748498798799,0.0,1.0,1.0,0.0,0.0,0.0,0.10256410256410256,1.0,14695.9,1634.3190600369314,11644.0,18676.0,7032.0,13256.0,16688.0,3432.0,1414.1538461538462,4988.0,-2427.1,2070.426910084005,-6020.0,3684.0,9704.0,-4412.0,-2636.0,1776.0,1654.974358974359,6076.0,-6764.0,2102.628450297389,-11852.0,-2484.0,9368.0,-7204.0,-7116.0,88.0,1969.6410256410256,8500.0,-955.525,2833.3110664688766,-7033.0,7378.0,14411.0,-1212.0,-1536.0,-324.0,2511.1794871794873,9609.0,1481.575,3616.0247502436982,-7338.0,11539.0,18877.0,1170.0,1794.0,624.0,2939.3333333333335,10274.0,18.825,4405.8781467915105,-8670.0,13079.0,21749.0,-241.0,-3957.0,-3716.0,3931.74358974359,12926.0,exercise_5_finger_typing,exercise_5_finger_typing_9
0.0,0.0,0.0,0.0,0.0,0.0,0.0,0.0,0.0,0.0,0.0,0.0,0.0,0.0,0.0,0.0,0.0,0.0,0.0,0.0,0.0,0.0,0.0,0.0,0.0,0.0,0.0,0.0,0.0,0.0,0.0,0.0,0.0,0.0,0.0,0.0,0.0,0.0,0.0,0.0,0.0,0.0,0.0,0.0,0.0,0.0,0.0,0.0,0.0,0.0,16119.5,64.20085669210341,15964.0,16292.0,328.0,16128.0,16028.0,-100.0,69.84615384615384,268.0,-3781.2,80.71282425984113,-3992.0,-3632.0,360.0,-3704.0,-3632.0,72.0,104.82051282051282,304.0,1262.1,96.37836894241363,1064.0,1492.0,428.0,1276.0,1244.0,-32.0,126.76923076923077,408.0,-501.175,62.88914353845185,-599.0,-374.0,225.0,-395.0,-486.0,-91.0,75.82051282051282,196.0,1020.725,106.9151503529785,765.0,1209.0,444.0,1151.0,1154.0,3.0,145.71794871794873,376.0,81.325,88.24408974543283,-136.0,243.0,379.0,19.0,76.0,57.0,130.5897435897436,345.0,idle,idle_4
0.0,0.0,0.0,0.0,0.0,0.0,0.0,0.0,0.0,0.0,0.0,0.0,0.0,0.0,0.0,0.0,0.0,0.0,0.0,0.0,0.0,0.0,0.0,0.0,0.0,0.0,0.0,0.0,0.0,0.0,0.0,0.0,0.0,0.0,0.0,0.0,0.0,0.0,0.0,0.0,0.0,0.0,0.0,0.0,0.0,0.0,0.0,0.0,0.0,0.0,16129.1,47.93318266086658,16008.0,16236.0,228.0,16184.0,16168.0,-16.0,47.58974358974359,140.0,-3734.0,83.37865434270333,-3992.0,-3580.0,412.0,-3764.0,-3708.0,56.0,109.33333333333333,260.0,1250.1,97.4884095674968,1052.0,1416.0,364.0,1116.0,1220.0,104.0,140.92307692307693,344.0,-493.9,53.88311423813587,-599.0,-374.0,225.0,-524.0,-558.0,-34.0,59.743589743589745,151.0,1023.75,105.51439475256446,833.0,1218.0,385.0,915.0,973.0,58.0,157.3846153846154,376.0,80.325,82.73372574107854,-83.0,260.0,343.0,173.0,213.0,40.0,107.28205128205128,343.0,idle,idle_4
0.0,0.0,0.0,0.0,0.0,0.0,0.0,0.0,0.0,0.0,0.0,0.0,0.0,0.0,0.0,0.0,0.0,0.0,0.0,0.0,0.0,0.0,0.0,0.0,0.0,0.0,0.0,0.0,0.0,0.0,0.0,0.0,0.0,0.0,0.0,0.0,0.0,0.0,0.0,0.0,0.0,0.0,0.0,0.0,0.0,0.0,0.0,0.0,0.0,0.0,16111.0,50.82322303829225,16008.0,16232.0,224.0,16052.0,16116.0,64.0,61.333333333333336,144.0,-3714.8,77.2590447779417,-3868.0,-3548.0,320.0,-3796.0,-3800.0,-4.0,112.51282051282051,296.0,1262.3,107.42024948770135,992.0,1472.0,480.0,1240.0,1144.0,-96.0,152.4102564102564,480.0,-482.8,67.45190879434028,-651.0,-326.0,325.0,-508.0,-372.0,136.0,74.61538461538461,281.0,1024.35,137.02418582133592,678.0,1410.0,732.0,1023.0,1229.0,206.0,186.87179487179486,732.0,81.725,95.57248231054793,-83.0,333.0,416.0,-36.0,49.0,85.0,124.84615384615384,413.0,idle,idle_4
0.0,0.0,0.0,0.0,0.0,0.0,0.0,0.0,0.0,0.0,0.0,0.0,0.0,0.0,0.0,0.0,0.0,0.0,0.0,0.0,0.0,0.0,0.0,0.0,0.0,0.0,0.0,0.0,0.0,0.0,0.0,0.0,0.0,0.0,0.0,0.0,0.0,0.0,0.0,0.0,0.0,0.0,0.0,0.0,0.0,0.0,0.0,0.0,0.0,0.0,16114.2,62.85825323694572,15976.0,16260.0,284.0,16084.0,16148.0,64.0,64.41025641025641,160.0,-3701.3,76.13350116735732,-3868.0,-3548.0,320.0,-3728.0,-3696.0,32.0,105.02564102564102,296.0,1263.0,106.87843561729373,992.0,1472.0,480.0,1304.0,1368.0,64.0,136.0,480.0,-480.475,68.63890569494826,-651.0,-326.0,325.0,-464.0,-517.0,-53.0,73.41025641025641,281.0,1015.8,139.84763137071718,678.0,1410.0,732.0,1015.0,1073.0,58.0,190.46153846153845,732.0,83.25,100.22842660642738,-80.0,333.0,413.0,93.0,251.0,158.0,134.71794871794873,413.0,idle,idle_4
0.0,0.0,0.0,0.0,0.0,0.0,0.0,0.0,0.0,0.0,0.0,0.0,0.0,0.0,0.0,0.0,0.0,0.0,0.0,0.0,0.0,0.0,0.0,0.0,0.0,0.0,0.0,0.0,0.0,0.0,0.0,0.0,0.0,0.0,0.0,0.0,0.0,0.0,0.0,0.0,0.0,0.0,0.0,0.0,0.0,0.0,0.0,0.0,0.0,0.0,16140.2,145.530615335743,15468.0,16520.0,1052.0,16068.0,16292.0,224.0,119.17948717948718,704.0,-3646.8,178.71810204900902,-4152.0,-3048.0,1104.0,-3676.0,-3776.0,-100.0,177.74358974358975,964.0,1102.4,295.10513380827524,460.0,1808.0,1348.0,1312.0,864.0,-448.0,219.28205128205127,1348.0,-570.675,303.07007337412915,-2212.0,-222.0,1990.0,-481.0,-977.0,-496.0,183.84615384615384,1466.0,864.5,387.723419462895,-645.0,1624.0,2269.0,925.0,1108.0,183.0,270.43589743589746,1284.0,77.425,381.491539060829,-1309.0,1429.0,2738.0,-11.0,1429.0,1440.0,295.94871794871796,1599.0,idle,idle_4
0.0,0.0,0.0,0.0,0.0,0.0,0.0,0.0,0.0,0.0,0.0,0.0,0.0,0.0,0.0,0.0,0.0,0.0,0.0,0.0,0.0,0.0,0.0,0.0,0.0,0.0,0.0,0.0,0.0,0.0,0.0,0.0,0.0,0.0,0.0,0.0,0.0,0.0,0.0,0.0,0.0,0.0,0.0,0.0,0.0,0.0,0.0,0.0,0.0,0.0,16188.8,284.65445719327846,15468.0,17440.0,1972.0,16060.0,16312.0,252.0,223.28205128205127,1440.0,-3402.4,433.63837468563594,-4332.0,-2484.0,1848.0,-3740.0,-2996.0,744.0,272.8205128205128,964.0,981.1,355.9741423193544,20.0,1872.0,1852.0,1212.0,1264.0,52.0,325.43589743589746,1348.0,-612.4,421.23940936241945,-2212.0,100.0,2312.0,-443.0,-603.0,-160.0,291.3333333333333,1466.0,1043.1,575.1972183521056,-645.0,2600.0,3245.0,1030.0,1827.0,797.0,384.02564102564105,1823.0,-75.425,585.9263984281644,-1805.0,1429.0,3234.0,-124.0,-148.0,-24.0,508.15384615384613,1794.0,idle,idle_4
0.0,0.0,0.0,0.0,0.0,0.0,0.0,0.0,0.0,0.0,0.0,0.0,0.0,0.0,0.0,0.0,0.0,0.0,0.0,0.0,0.0,0.0,0.0,0.0,0.0,0.0,0.0,0.0,0.0,0.0,0.0,0.0,0.0,0.0,0.0,0.0,0.0,0.0,0.0,0.0,0.0,0.0,0.0,0.0,0.0,0.0,0.0,0.0,0.0,0.0,16237.4,254.1645923412622,15832.0,17440.0,1608.0,16096.0,16216.0,120.0,181.12820512820514,1440.0,-3078.4,360.28188963643447,-4332.0,-2484.0,1848.0,-4332.0,-3144.0,1188.0,201.74358974358975,904.0,1359.3,458.4913412486652,20.0,2080.0,2060.0,480.0,1976.0,1496.0,295.79487179487177,1208.0,-484.8,319.1187239884241,-1492.0,100.0,1592.0,-902.0,-381.0,521.0,187.25641025641025,719.0,1268.45,384.0803268848848,743.0,2600.0,1857.0,1762.0,1110.0,-652.0,341.28205128205127,1823.0,-65.25,472.22498610302273,-1805.0,847.0,2652.0,-365.0,217.0,582.0,371.28205128205127,1597.0,idle,idle_4
0.0,0.0,0.0,0.0,0.0,0.0,0.0,0.0,0.0,0.0,0.0,0.0,0.0,0.0,0.0,0.0,0.0,0.0,0.0,0.0,0.0,0.0,0.0,0.0,0.0,0.0,0.0,0.0,0.0,0.0,0.0,0.0,0.0,0.0,0.0,0.0,0.0,0.0,0.0,0.0,0.0,0.0,0.0,0.0,0.0,0.0,0.0,0.0,0.0,0.0,16253.7,64.3110410427323,16120.0,16408.0,288.0,16216.0,16248.0,32.0,87.17948717948718,288.0,-3006.7,102.95780689194964,-3164.0,-2652.0,512.0,-2900.0,-3164.0,-264.0,129.43589743589743,400.0,1689.6,176.06317048150643,1272.0,2080.0,808.0,1676.0,1628.0,-48.0,207.7948717948718,604.0,-434.9,67.29999999999998,-557.0,-213.0,344.0,-213.0,-511.0,-298.0,67.84615384615384,344.0,1054.825,235.823969042589,686.0,1691.0,1005.0,1242.0,1022.0,-220.0,231.84615384615384,818.0,125.35,152.53287350600857,-310.0,470.0,780.0,470.0,69.0,-401.0,201.92307692307693,555.0,idle,idle_4
0.0,0.0,0.0,0.0,0.0,0.0,0.0,0.0,0.0,0.0,0.0,0.0,0.0,0.0,0.0,0.0,0.0,0.0,0.0,0.0,0.0,0.0,0.0,0.0,0.0,0.0,0.0,0.0,0.0,0.0,0.0,0.0,0.0,0.0,0.0,0.0,0.0,0.0,0.0,0.0,0.0,0.0,0.0,0.0,0.0,0.0,0.0,0.0,0.0,0.0,16245.0,66.15587653413716,16060.0,16408.0,348.0,16212.0,16352.0,140.0,74.35897435897436,288.0,-3064.2,91.52901179407543,-3252.0,-2908.0,344.0,-2932.0,-3104.0,-172.0,133.84615384615384,296.0,1660.8,132.6806692777814,1352.0,1956.0,604.0,1748.0,1664.0,-84.0,177.94871794871796,552.0,-468.275,43.866266937135194,-575.0,-355.0,220.0,-494.0,-412.0,82.0,50.15384615384615,210.0,961.675,129.02662273732503,686.0,1314.0,628.0,855.0,987.0,132.0,163.69230769230768,593.0,113.8,99.26106991162244,-90.0,320.0,410.0,235.0,1.0,-234.0,143.5897435897436,313.0,idle,idle_4
0.0,0.0,0.0,0.0,0.0,0.0,0.0,0.0,0.0,0.0,0.0,0.0,0.0,0.0,0.0,0.0,0.0,0.0,0.0,0.0,0.0,0.0,0.0,0.0,0.0,0.0,0.0,0.0,0.0,0.0,0.0,0.0,0.0,0.0,0.0,0.0,0.0,0.0,0.0,0.0,0.0,0.0,0.0,0.0,0.0,0.0,0.0,0.0,0.0,0.0,16235.2,59.93463105751129,16060.0,16352.0,292.0,16192.0,16200.0,8.0,63.17948717948718,256.0,-3085.0,94.01595609256974,-3280.0,-2908.0,372.0,-2908.0,-3120.0,-212.0,142.66666666666666,344.0,1659.1,120.09159004693043,1352.0,1956.0,604.0,1812.0,1724.0,-88.0,157.12820512820514,456.0,-481.05,47.86541026670511,-575.0,-355.0,220.0,-461.0,-460.0,1.0,52.53846153846154,210.0,1004.6,130.84490819286782,661.0,1314.0,653.0,1036.0,1177.0,141.0,171.6153846153846,593.0,89.2,79.64552718138037,-90.0,236.0,326.0,133.0,81.0,-52.0,120.35897435897436,286.0,idle,idle_4
0.0,0.0,0.0,0.0,0.0,0.0,0.0,0.0,0.0,0.0,0.0,0.0,0.0,0.0,0.0,0.0,0.0,0.0,0.0,0.0,0.0,0.0,0.0,0.0,0.0,0.0,0.0,0.0,0.0,0.0,0.0,0.0,0.0,0.0,0.0,0.0,0.0,0.0,0.0,0.0,0.0,0.0,0.0,0.0,0.0,0.0,0.0,0.0,0.0,0.0,16233.9,50.99794113491251,16108.0,16328.0,220.0,16256.0,16196.0,-60.0,63.07692307692308,188.0,-3083.3,73.5276138603722,-3280.0,-2936.0,344.0,-3044.0,-2980.0,64.0,109.53846153846153,344.0,1675.9,95.70992633995702,1508.0,1868.0,360.0,1816.0,1852.0,36.0,118.66666666666667,316.0,-483.05,45.875347410128676,-570.0,-388.0,182.0,-458.0,-506.0,-48.0,48.41025641025641,154.0,1011.4,113.82020910189895,661.0,1222.0,561.0,1139.0,1076.0,-63.0,150.33333333333334,561.0,96.8,72.73864172501436,-57.0,238.0,295.0,92.0,146.0,54.0,108.87179487179488,241.0,idle,idle_4
0.0,0.0,0.0,0.0,0.0,0.0,0.0,0.0,0.0,0.0,0.0,0.0,0.0,0.0,0.0,0.0,0.0,0.0,0.0,0.0,0.0,0.0,0.0,0.0,0.0,0.0,0.0,0.0,0.0,0.0,0.0,0.0,0.0,0.0,0.0,0.0,0.0,0.0,0.0,0.0,0.0,0.0,0.0,0.0,0.0,0.0,0.0,0.0,0.0,0.0,16235.9,47.52672932150916,16116.0,16328.0,212.0,16200.0,16208.0,8.0,60.1025641025641,200.0,-3096.4,71.44676339765154,-3228.0,-2952.0,276.0,-3040.0,-3108.0,-68.0,109.64102564102564,256.0,1657.8,111.40897629903974,1452.0,1960.0,508.0,1524.0,1648.0,124.0,134.66666666666666,424.0,-474.35,53.97478578002881,-579.0,-342.0,237.0,-492.0,-541.0,-49.0,54.69230769230769,184.0,991.9,101.4127210955312,754.0,1195.0,441.0,1041.0,971.0,-70.0,143.33333333333334,382.0,96.175,82.91618885959484,-92.0,256.0,348.0,119.0,241.0,122.0,116.97435897435898,348.0,idle,idle_4
0.0,0.0,0.0,0.0,0.0,0.0,0.0,0.0,0.0,0.0,0.0,0.0,0.0,0.0,0.0,0.0,0.0,0.0,0.0,0.0,0.0,0.0,0.0,0.0,0.0,0.0,0.0,0.0,0.0,0.0,0.0,0.0,0.0,0.0,0.0,0.0,0.0,0.0,0.0,0.0,0.0,0.0,0.0,0.0,0.0,0.0,0.0,0.0,0.0,0.0,16236.1,49.31115492462124,16112.0,16340.0,228.0,16316.0,16260.0,-56.0,52.1025641025641,228.0,-3114.7,71.18644533898289,-3252.0,-2952.0,300.0,-3196.0,-3084.0,112.0,97.64102564102564,256.0,1581.9,116.28581168827088,1348.0,1960.0,612.0,1656.0,1428.0,-228.0,125.02564102564102,424.0,-469.475,84.73989246511941,-640.0,-211.0,429.0,-505.0,-275.0,230.0,80.35897435897436,282.0,962.45,137.40068231271636,547.0,1195.0,648.0,887.0,807.0,-80.0,152.71794871794873,472.0,88.05,118.05823774730841,-250.0,358.0,608.0,109.0,39.0,-70.0,149.5897435897436,608.0,idle,idle_4
0.0,0.0,0.0,0.0,0.0,0.0,0.0,0.0,0.0,0.0,0.0,0.0,0.0,0.0,0.0,0.0,0.0,0.0,0.0,0.0,0.0,0.0,0.0,0.0,0.0,0.0,0.0,0.0,0.0,0.0,0.0,0.0,0.0,0.0,0.0,0.0,0.0,0.0,0.0,0.0,0.0,0.0,0.0,0.0,0.0,0.0,0.0,0.0,0.0,0.0,16246.0,54.376465497492575,16112.0,16340.0,228.0,16224.0,16300.0,76.0,59.38461538461539,228.0,-3092.9,102.9815031935347,-3296.0,-2868.0,428.0,-3176.0,-3296.0,-120.0,133.94871794871796,416.0,1517.2,87.71408096765308,1316.0,1692.0,376.0,1508.0,1512.0,4.0,111.48717948717949,316.0,-473.25,79.79121192211583,-640.0,-211.0,429.0,-454.0,-490.0,-36.0,74.97435897435898,282.0,978.9,144.4546295554421,547.0,1313.0,766.0,839.0,1088.0,249.0,151.6153846153846,474.0,94.35,122.30035772637788,-250.0,358.0,608.0,71.0,206.0,135.0,154.07692307692307,608.0,idle,idle_4
0.0,0.0,0.0,0.0,0.0,0.0,0.0,0.0,0.0,0.0,0.0,0.0,0.0,0.0,0.0,0.0,0.0,0.0,0.0,0.0,0.0,0.0,0.0,0.0,0.0,0.0,0.0,0.0,0.0,0.0,0.0,0.0,0.0,0.0,0.0,0.0,0.0,0.0,0.0,0.0,0.0,0.0,0.0,0.0,0.0,0.0,0.0,0.0,0.0,0.0,16254.8,48.37520025798344,16144.0,16340.0,196.0,16284.0,16276.0,-8.0,55.17948717948718,160.0,-3084.4,104.5056936247973,-3296.0,-2868.0,428.0,-2868.0,-3252.0,-384.0,147.07692307692307,416.0,1511.5,84.70271542282455,1316.0,1692.0,376.0,1524.0,1432.0,-92.0,115.7948717948718,316.0,-483.275,44.6519806391609,-566.0,-383.0,183.0,-444.0,-478.0,-34.0,52.56410256410256,130.0,1008.35,98.94204111498813,839.0,1313.0,474.0,920.0,920.0,0.0,120.76923076923077,474.0,117.975,86.79098095424432,-84.0,283.0,367.0,-84.0,112.0,196.0,110.1025641025641,367.0,idle,idle_4
0.0,0.0,0.0,0.0,0.0,0.0,0.0,0.0,0.0,0.0,0.0,0.0,0.0,0.0,0.0,0.0,0.0,0.0,0.0,0.0,0.0,0.0,0.0,0.0,0.0,0.0,0.0,0.0,0.0,0.0,0.0,0.0,0.0,0.0,0.0,0.0,0.0,0.0,0.0,0.0,0.0,0.0,0.0,0.0,0.0,0.0,0.0,0.0,0.0,0.0,16250.1,52.23782154722765,16124.0,16332.0,208.0,16276.0,16124.0,-152.0,53.743589743589745,176.0,-3106.9,85.22904434522307,-3308.0,-2912.0,396.0,-2912.0,-3180.0,-268.0,121.74358974358974,332.0,1535.6,75.93049453282917,1336.0,1664.0,328.0,1588.0,1608.0,20.0,93.43589743589743,268.0,-480.725,55.198726208129116,-601.0,-351.0,250.0,-537.0,-601.0,-64.0,66.0,199.0,1003.175,118.30445627701435,726.0,1442.0,716.0,961.0,1442.0,481.0,126.53846153846153,596.0,111.075,112.49319701653074,-294.0,406.0,700.0,175.0,-294.0,-469.0,131.56410256410257,700.0,idle,idle_4
0.0,0.0,0.0,0.0,0.0,0.0,0.0,0.0,0.0,0.0,0.0,0.0,0.0,0.0,0.0,0.0,0.0,0.0,0.0,0.0,0.0,0.0,0.0,0.0,0.0,0.0,0.0,0.0,0.0,0.0,0.0,0.0,0.0,0.0,0.0,0.0,0.0,0.0,0.0,0.0,0.0,0.0,0.0,0.0,0.0,0.0,0.0,0.0,0.0,0.0,16247.5,58.632328966194066,16124.0,16376.0,252.0,16212.0,16292.0,80.0,65.23076923076923,228.0,-3098.7,85.20275817131743,-3308.0,-2924.0,384.0,-2940.0,-3128.0,-188.0,122.97435897435898,332.0,1529.8,94.0635955085707,1272.0,1688.0,416.0,1612.0,1444.0,-168.0,116.1025641025641,416.0,-486.175,54.056399944872375,-601.0,-351.0,250.0,-541.0,-552.0,-11.0,65.0,199.0,982.775,116.34162786810231,726.0,1442.0,716.0,919.0,943.0,24.0,122.92307692307692,596.0,92.125,113.56389996385295,-294.0,406.0,700.0,-53.0,132.0,185.0,149.87179487179486,700.0,idle,idle_4
0.0,0.0,0.0,0.0,0.0,0.0,0.0,0.0,0.0,0.0,0.0,0.0,0.0,0.0,0.0,0.0,0.0,0.0,0.0,0.0,0.0,0.0,0.0,0.0,0.0,0.0,0.0,0.0,0.0,0.0,0.0,0.0,0.0,0.0,0.0,0.0,0.0,0.0,0.0,0.0,0.0,0.0,0.0,0.0,0.0,0.0,0.0,0.0,0.0,0.0,16252.4,67.6981535937281,16076.0,16384.0,308.0,16196.0,16076.0,-120.0,65.84615384615384,228.0,-3098.1,68.1996334300999,-3252.0,-2924.0,328.0,-2924.0,-3160.0,-236.0,94.87179487179488,328.0,1497.0,107.71350890208711,1272.0,1688.0,416.0,1556.0,1608.0,52.0,152.71794871794873,416.0,-492.3,40.400618807142045,-579.0,-398.0,181.0,-475.0,-454.0,21.0,51.41025641025641,144.0,972.925,81.46729021515323,833.0,1226.0,393.0,856.0,1022.0,166.0,95.48717948717949,387.0,96.25,79.18640981885717,-61.0,242.0,303.0,242.0,192.0,-50.0,115.8974358974359,295.0,idle,idle_4
0.0,0.0,0.0,0.0,0.0,0.0,0.0,0.0,0.0,0.0,0.0,0.0,0.0,0.0,0.0,0.0,0.0,0.0,0.0,0.0,0.0,0.0,0.0,0.0,0.0,0.0,0.0,0.0,0.0,0.0,0.0,0.0,0.0,0.0,0.0,0.0,0.0,0.0,0.0,0.0,0.0,0.0,0.0,0.0,0.0,0.0,0.0,0.0,0.0,0.0,16257.3,66.79154138062695,16076.0,16384.0,308.0,16264.0,16256.0,-8.0,69.74358974358974,260.0,-3120.6,60.94292411757086,-3252.0,-3012.0,240.0,-3084.0,-3192.0,-108.0,84.61538461538461,200.0,1494.0,102.02352669850224,1300.0,1756.0,456.0,1460.0,1536.0,76.0,135.48717948717947,316.0,-486.675,34.70690673338665,-560.0,-390.0,170.0,-480.0,-482.0,-2.0,42.56410256410256,106.0,991.725,111.63623683643229,721.0,1284.0,563.0,976.0,972.0,-4.0,139.48717948717947,417.0,100.65,77.15878109457147,-57.0,283.0,340.0,75.0,61.0,-14.0,115.6923076923077,295.0,idle,idle_4
0.0,0.0,0.0,0.0,0.0,0.0,0.0,0.0,0.0,0.0,0.0,0.0,0.0,0.0,0.0,0.0,0.0,0.0,0.0,0.0,0.0,0.0,0.0,0.0,0.0,0.0,0.0,0.0,0.0,0.0,0.0,0.0,0.0,0.0,0.0,0.0,0.0,0.0,0.0,0.0,0.0,0.0,0.0,0.0,0.0,0.0,0.0,0.0,0.0,0.0,7059.3,151.59917545949912,6716.0,7448.0,732.0,6932.0,7164.0,232.0,129.43589743589743,432.0,-3508.0,168.90470686159105,-4192.0,-3284.0,908.0,-3396.0,-3504.0,-108.0,127.07692307692308,488.0,15281.2,127.27356363361557,14952.0,15484.0,532.0,15312.0,15184.0,-128.0,137.23076923076923,316.0,-476.975,167.24764385485378,-983.0,-222.0,761.0,-501.0,-451.0,50.0,112.92307692307692,376.0,968.125,170.71001545017796,616.0,1513.0,897.0,952.0,879.0,-73.0,126.38461538461539,393.0,77.6,115.86582757655513,-167.0,291.0,458.0,109.0,-46.0,-155.0,118.17948717948718,337.0,idle,idle_5
0.0,0.0,0.0,0.0,0.0,0.0,0.0,0.0,0.0,0.0,0.0,0.0,0.0,0.0,0.0,0.0,0.0,0.0,0.0,0.0,0.0,0.0,0.0,0.0,0.0,0.0,0.0,0.0,0.0,0.0,0.0,0.0,0.0,0.0,0.0,0.0,0.0,0.0,0.0,0.0,0.0,0.0,0.0,0.0,0.0,0.0,0.0,0.0,0.0,0.0,7115.5,103.04634879509317,6944.0,7352.0,408.0,6960.0,7352.0,392.0,89.84615384615384,276.0,-3434.1,110.02540615694176,-3748.0,-3180.0,568.0,-3284.0,-3552.0,-268.0,106.35897435897436,312.0,15257.3,107.91621750228272,15024.0,15444.0,420.0,15212.0,15164.0,-48.0,115.48717948717949,316.0,-485.05,93.37289488925575,-655.0,-241.0,414.0,-300.0,-556.0,-256.0,94.05128205128206,376.0,946.925,97.36436398908998,784.0,1157.0,373.0,868.0,822.0,-46.0,80.76923076923077,230.0,89.825,104.7494361560004,-132.0,290.0,422.0,290.0,274.0,-16.0,108.82051282051282,308.0,idle,idle_5
0.0,0.0,0.0,0.0,0.0,0.0,0.0,0.0,0.0,0.0,0.0,0.0,0.0,0.0,0.0,0.0,0.0,0.0,0.0,0.0,0.0,0.0,0.0,0.0,0.0,0.0,0.0,0.0,0.0,0.0,0.0,0.0,0.0,0.0,0.0,0.0,0.0,0.0,0.0,0.0,0.0,0.0,0.0,0.0,0.0,0.0,0.0,0.0,0.0,0.0,7204.7,102.79644935502394,7024.0,7480.0,456.0,7228.0,7204.0,-24.0,89.84615384615384,228.0,-3440.4,96.98164774842714,-3644.0,-3180.0,464.0,-3432.0,-3548.0,-116.0,85.43589743589743,312.0,15205.8,99.49452246229437,14992.0,15420.0,428.0,15024.0,15176.0,152.0,97.84615384615384,232.0,-515.2,59.667914325875344,-634.0,-400.0,234.0,-464.0,-458.0,6.0,64.1025641025641,234.0,947.825,109.5816790115939,753.0,1148.0,395.0,1109.0,856.0,-253.0,95.76923076923077,249.0,107.275,106.67426763282698,-132.0,284.0,416.0,-132.0,167.0,299.0,112.8974358974359,276.0,idle,idle_5
0.0,0.0,0.0,0.0,0.0,0.0,0.0,0.0,0.0,0.0,0.0,0.0,0.0,0.0,0.0,0.0,0.0,0.0,0.0,0.0,0.0,0.0,0.0,0.0,0.0,0.0,0.0,0.0,0.0,0.0,0.0,0.0,0.0,0.0,0.0,0.0,0.0,0.0,0.0,0.0,0.0,0.0,0.0,0.0,0.0,0.0,0.0,0.0,0.0,0.0,7322.2,113.79261838977078,7108.0,7600.0,492.0,7480.0,7340.0,-140.0,83.17948717948718,244.0,-3490.4,78.76953725901912,-3680.0,-3264.0,416.0,-3512.0,-3572.0,-60.0,73.53846153846153,184.0,15145.0,93.45266181334804,14992.0,15344.0,352.0,15084.0,15084.0,0.0,91.28205128205128,252.0,-501.55,55.09081139355274,-612.0,-356.0,256.0,-412.0,-508.0,-96.0,51.02564102564103,155.0,957.525,109.75836813200168,707.0,1148.0,441.0,978.0,1064.0,86.0,108.41025641025641,249.0,86.05,104.46864362094496,-205.0,284.0,489.0,10.0,24.0,14.0,93.07692307692308,437.0,idle,idle_5
0.0,0.0,0.0,0.0,0.0,0.0,0.0,0.0,0.0,0.0,0.0,0.0,0.0,0.0,0.0,0.0,0.0,0.0,0.0,0.0,0.0,0.0,0.0,0.0,0.0,0.0,0.0,0.0,0.0,0.0,0.0,0.0,0.0,0.0,0.0,0.0,0.0,0.0,0.0,0.0,0.0,0.0,0.0,0.0,0.0,0.0,0.0,0.0,0.0,0.0,7408.8,79.08071825672806,7276.0,7600.0,324.0,7356.0,7508.0,152.0,81.02564102564102,308.0,-3493.7,73.16768412352546,-3680.0,-3340.0,340.0,-3496.0,-3552.0,-56.0,79.17948717948718,196.0,15115.0,82.64502404863828,14964.0,15344.0,380.0,15052.0,15224.0,172.0,89.94871794871794,308.0,-486.275,45.65084199661601,-580.0,-356.0,224.0,-423.0,-414.0,9.0,51.30769230769231,155.0,969.85,93.40999678835236,707.0,1162.0,455.0,707.0,1069.0,362.0,98.41025641025641,214.0,49.35,85.21577025410261,-205.0,233.0,438.0,232.0,233.0,1.0,66.17948717948718,437.0,idle,idle_5
0.0,0.0,0.0,0.0,0.0,0.0,0.0,0.0,0.0,0.0,0.0,0.0,0.0,0.0,0.0,0.0,0.0,0.0,0.0,0.0,0.0,0.0,0.0,0.0,0.0,0.0,0.0,0.0,0.0,0.0,0.0,0.0,0.0,0.0,0.0,0.0,0.0,0.0,0.0,0.0,0.0,0.0,0.0,0.0,0.0,0.0,0.0,0.0,0.0,0.0,7443.2,83.51862067826553,7288.0,7652.0,364.0,7288.0,7424.0,136.0,72.41025641025641,308.0,-3474.5,81.83245077596051,-3636.0,-3340.0,296.0,-3528.0,-3344.0,184.0,90.25641025641026,248.0,15114.4,81.48521338255182,14964.0,15272.0,308.0,15208.0,15188.0,-20.0,90.76923076923077,308.0,-493.35,54.36200419410602,-672.0,-406.0,266.0,-488.0,-505.0,-17.0,52.58974358974359,157.0,959.725,92.85552958763412,686.0,1162.0,476.0,988.0,922.0,-66.0,93.07692307692308,257.0,63.425,98.80432366551578,-160.0,258.0,418.0,108.0,2.0,-106.0,95.94871794871794,255.0,idle,idle_5
0.0,0.0,0.0,0.0,0.0,0.0,0.0,0.0,0.0,0.0,0.0,0.0,0.0,0.0,0.0,0.0,0.0,0.0,0.0,0.0,0.0,0.0,0.0,0.0,0.0,0.0,0.0,0.0,0.0,0.0,0.0,0.0,0.0,0.0,0.0,0.0,0.0,0.0,0.0,0.0,0.0,0.0,0.0,0.0,0.0,0.0,0.0,0.0,0.0,0.0,7503.2,92.08778420615843,7304.0,7752.0,448.0,7456.0,7752.0,296.0,72.82051282051282,268.0,-3485.6,75.41776978935401,-3636.0,-3344.0,292.0,-3576.0,-3484.0,92.0,82.97435897435898,248.0,15067.8,80.19451352804631,14924.0,15248.0,324.0,15116.0,15044.0,-72.0,79.17948717948718,196.0,-512.1,61.146054656044655,-672.0,-419.0,253.0,-427.0,-502.0,-75.0,56.43589743589744,157.0,960.65,80.55574157066646,686.0,1129.0,443.0,989.0,986.0,-3.0,77.56410256410257,257.0,70.35,90.26420940771595,-160.0,258.0,418.0,4.0,26.0,22.0,95.74358974358974,255.0,idle,idle_5
0.0,0.0,0.0,0.0,0.0,0.0,0.0,0.0,0.0,0.0,0.0,0.0,0.0,0.0,0.0,0.0,0.0,0.0,0.0,0.0,0.0,0.0,0.0,0.0,0.0,0.0,0.0,0.0,0.0,0.0,0.0,0.0,0.0,0.0,0.0,0.0,0.0,0.0,0.0,0.0,0.0,0.0,0.0,0.0,0.0,0.0,0.0,0.0,0.0,0.0,7573.4,88.79436919084452,7396.0,7752.0,356.0,7412.0,7672.0,260.0,83.7948717948718,268.0,-3529.3,74.46549536530324,-3688.0,-3388.0,300.0,-3412.0,-3684.0,-272.0,72.82051282051282,236.0,15013.9,65.79354071639555,14924.0,15220.0,296.0,15136.0,14960.0,-176.0,71.58974358974359,260.0,-506.25,50.52561231692299,-655.0,-419.0,236.0,-453.0,-428.0,25.0,47.41025641025641,112.0,970.525,80.0643452168317,769.0,1129.0,360.0,930.0,1051.0,121.0,77.41025641025641,202.0,99.325,73.4991113891862,-73.0,293.0,366.0,89.0,199.0,110.0,66.76923076923077,191.0,idle,idle_5
0.0,0.0,0.0,0.0,0.0,0.0,0.0,0.0,0.0,0.0,0.0,0.0,0.0,0.0,0.0,0.0,0.0,0.0,0.0,0.0,0.0,0.0,0.0,0.0,0.0,0.0,0.0,0.0,0.0,0.0,0.0,0.0,0.0,0.0,0.0,0.0,0.0,0.0,0.0,0.0,0.0,0.0,0.0,0.0,0.0,0.0,0.0,0.0,0.0,0.0,7635.8,91.62947124151705,7436.0,7864.0,428.0,7596.0,7660.0,64.0,81.84615384615384,352.0,-3581.7,78.51057253644251,-3760.0,-3408.0,352.0,-3552.0,-3444.0,108.0,71.6923076923077,236.0,14977.3,89.01410000668433,14736.0,15220.0,484.0,14964.0,15044.0,80.0,89.64102564102564,264.0,-494.9,36.6713784851347,-592.0,-428.0,164.0,-477.0,-485.0,-8.0,41.333333333333336,112.0,985.375,99.095582015547,769.0,1178.0,409.0,1066.0,1022.0,-44.0,92.56410256410257,281.0,72.925,108.9718742382639,-178.0,293.0,471.0,134.0,88.0,-46.0,90.3076923076923,392.0,idle,idle_5
0.0,0.0,0.0,0.0,0.0,0.0,0.0,0.0,0.0,0.0,0.0,0.0,0.0,0.0,0.0,0.0,0.0,0.0,0.0,0.0,0.0,0.0,0.0,0.0,0.0,0.0,0.0,0.0,0.0,0.0,0.0,0.0,0.0,0.0,0.0,0.0,0.0,0.0,0.0,0.0,0.0,0.0,0.0,0.0,0.0,0.0,0.0,0.0,0.0,0.0,7680.9,83.31380437838621,7512.0,7864.0,352.0,7680.0,7808.0,128.0,74.05128205128206,352.0,-3581.6,65.36543429060958,-3760.0,-3444.0,316.0,-3680.0,-3600.0,80.0,60.1025641025641,160.0,14946.7,84.31553830700486,14736.0,15172.0,436.0,14952.0,14956.0,4.0,89.33333333333333,264.0,-497.35,37.51769582477047,-592.0,-393.0,199.0,-517.0,-539.0,-22.0,43.07692307692308,124.0,992.05,95.65588063470014,732.0,1178.0,446.0,1082.0,1019.0,-63.0,101.71794871794872,296.0,56.025,96.96248952558919,-178.0,231.0,409.0,29.0,93.0,64.0,89.64102564102564,392.0,idle,idle_5
0.0,0.0,0.0,0.0,0.0,0.0,0.0,0.0,0.0,0.0,0.0,0.0,0.0,0.0,0.0,0.0,0.0,0.0,0.0,0.0,0.0,0.0,0.0,0.0,0.0,0.0,0.0,0.0,0.0,0.0,0.0,0.0,0.0,0.0,0.0,0.0,0.0,0.0,0.0,0.0,0.0,0.0,0.0,0.0,0.0,0.0,0.0,0.0,0.0,0.0,7735.2,107.72260672672195,7524.0,7972.0,448.0,7680.0,7944.0,264.0,80.2051282051282,220.0,-3594.4,71.25615762865691,-3804.0,-3492.0,312.0,-3568.0,-3684.0,-116.0,56.717948717948715,252.0,14922.0,77.66080092298817,14676.0,15072.0,396.0,15020.0,14832.0,-188.0,75.17948717948718,304.0,-505.175,46.324338905158704,-648.0,-393.0,255.0,-550.0,-500.0,50.0,48.666666666666664,137.0,957.0,111.1712642727427,688.0,1136.0,448.0,892.0,1120.0,228.0,101.07692307692308,321.0,109.25,73.52202051086464,-122.0,293.0,415.0,121.0,77.0,-44.0,78.76923076923077,245.0,idle,idle_5
0.0,0.0,0.0,0.0,0.0,0.0,0.0,0.0,0.0,0.0,0.0,0.0,0.0,0.0,0.0,0.0,0.0,0.0,0.0,0.0,0.0,0.0,0.0,0.0,0.0,0.0,0.0,0.0,0.0,0.0,0.0,0.0,0.0,0.0,0.0,0.0,0.0,0.0,0.0,0.0,0.0,0.0,0.0,0.0,0.0,0.0,0.0,0.0,0.0,0.0,7805.1,102.98732931773694,7524.0,7972.0,448.0,7588.0,7772.0,184.0,84.51282051282051,216.0,-3622.3,66.3438768840049,-3804.0,-3492.0,312.0,-3652.0,-3596.0,56.0,59.282051282051285,252.0,14882.7,76.84991867269608,14676.0,15072.0,396.0,14932.0,14824.0,-108.0,80.92307692307692,304.0,-496.075,44.86334110384558,-648.0,-431.0,217.0,-475.0,-469.0,6.0,40.87179487179487,137.0,966.425,109.0657800366366,688.0,1124.0,436.0,1106.0,1099.0,-7.0,87.87179487179488,321.0,91.9,78.55214828379934,-122.0,293.0,415.0,127.0,114.0,-13.0,82.07692307692308,245.0,idle,idle_5
0.0,0.0,0.0,0.0,0.0,0.0,0.0,0.0,0.0,0.0,0.0,0.0,0.0,0.0,0.0,0.0,0.0,0.0,0.0,0.0,0.0,0.0,0.0,0.0,0.0,0.0,0.0,0.0,0.0,0.0,0.0,0.0,0.0,0.0,0.0,0.0,0.0,0.0,0.0,0.0,0.0,0.0,0.0,0.0,0.0,0.0,0.0,0.0,0.0,0.0,7849.7,69.35063085509748,7708.0,8008.0,300.0,7808.0,7936.0,128.0,67.28205128205128,216.0,-3614.6,49.06770832227648,-3756.0,-3536.0,220.0,-3660.0,-3712.0,-52.0,44.82051282051282,168.0,14858.0,65.10299532279602,14644.0,14996.0,352.0,14892.0,14808.0,-84.0,72.71794871794872,208.0,-483.775,38.40995150999283,-575.0,-416.0,159.0,-482.0,-531.0,-49.0,40.64102564102564,104.0,992.7,87.8530591385411,788.0,1164.0,376.0,1124.0,1067.0,-57.0,88.6923076923077,272.0,91.0,72.37437391784471,-59.0,245.0,304.0,25.0,124.0,99.0,62.38461538461539,191.0,idle,idle_5
0.0,0.0,0.0,0.0,0.0,0.0,0.0,0.0,0.0,0.0,0.0,0.0,0.0,0.0,0.0,0.0,0.0,0.0,0.0,0.0,0.0,0.0,0.0,0.0,0.0,0.0,0.0,0.0,0.0,0.0,0.0,0.0,0.0,0.0,0.0,0.0,0.0,0.0,0.0,0.0,0.0,0.0,0.0,0.0,0.0,0.0,0.0,0.0,0.0,0.0,7881.1,81.2107751471441,7720.0,8024.0,304.0,7844.0,7968.0,124.0,76.82051282051282,216.0,-3635.1,61.53689949940604,-3780.0,-3536.0,244.0,-3568.0,-3708.0,-140.0,42.56410256410256,128.0,14832.2,74.67235097410554,14644.0,14960.0,316.0,14892.0,14672.0,-220.0,73.12820512820512,232.0,-492.15,45.89583314419731,-615.0,-411.0,204.0,-454.0,-454.0,0.0,45.794871794871796,125.0,982.425,97.46047596333602,788.0,1187.0,399.0,890.0,979.0,89.0,102.43589743589743,276.0,104.2,63.238516744148896,-31.0,245.0,276.0,116.0,188.0,72.0,58.205128205128204,154.0,idle,idle_5
0.0,0.0,0.0,0.0,0.0,0.0,0.0,0.0,0.0,0.0,0.0,0.0,0.0,0.0,0.0,0.0,0.0,0.0,0.0,0.0,0.0,0.0,0.0,0.0,0.0,0.0,0.0,0.0,0.0,0.0,0.0,0.0,0.0,0.0,0.0,0.0,0.0,0.0,0.0,0.0,0.0,0.0,0.0,0.0,0.0,0.0,0.0,0.0,0.0,0.0,7898.4,85.50929774007037,7720.0,8048.0,328.0,7968.0,7844.0,-124.0,93.43589743589743,208.0,-3640.4,71.75402427738808,-3780.0,-3472.0,308.0,-3748.0,-3508.0,240.0,58.666666666666664,168.0,14807.0,75.62935937848475,14632.0,14972.0,340.0,14800.0,14824.0,24.0,87.38461538461539,260.0,-481.225,42.76300240862421,-615.0,-379.0,236.0,-615.0,-477.0,138.0,41.94871794871795,145.0,977.675,108.61385443395332,712.0,1189.0,477.0,859.0,844.0,-15.0,105.87179487179488,304.0,96.075,71.69079002912439,-65.0,301.0,366.0,140.0,77.0,-63.0,81.82051282051282,239.0,idle,idle_5
0.0,0.0,0.0,0.0,0.0,0.0,0.0,0.0,0.0,0.0,0.0,0.0,0.0,0.0,0.0,0.0,0.0,0.0,0.0,0.0,0.0,0.0,0.0,0.0,0.0,0.0,0.0,0.0,0.0,0.0,0.0,0.0,0.0,0.0,0.0,0.0,0.0,0.0,0.0,0.0,0.0,0.0,0.0,0.0,0.0,0.0,0.0,0.0,0.0,0.0,7960.5,99.33453578690545,7764.0,8144.0,380.0,8032.0,8144.0,112.0,72.41025641025641,196.0,-3627.6,82.6694623183192,-3792.0,-3472.0,320.0,-3724.0,-3772.0,-48.0,75.28205128205128,168.0,14773.6,80.66126703691184,14576.0,14972.0,396.0,14736.0,14672.0,-64.0,86.35897435897436,260.0,-505.975,54.8814574788243,-626.0,-379.0,247.0,-497.0,-558.0,-61.0,44.53846153846154,145.0,933.3,103.01728010387383,712.0,1189.0,477.0,1043.0,864.0,-179.0,96.33333333333333,304.0,111.025,91.85735885055698,-188.0,301.0,489.0,50.0,53.0,3.0,91.76923076923077,387.0,idle,idle_5
0.0,0.0,0.0,0.0,0.0,0.0,0.0,0.0,0.0,0.0,0.0,0.0,0.0,0.0,0.0,0.0,0.0,0.0,0.0,0.0,0.0,0.0,0.0,0.0,0.0,0.0,0.0,0.0,0.0,0.0,0.0,0.0,0.0,0.0,0.0,0.0,0.0,0.0,0.0,0.0,0.0,0.0,0.0,0.0,0.0,0.0,0.0,0.0,0.0,0.0,8076.1,90.81624304054864,7880.0,8256.0,376.0,7900.0,8188.0,288.0,68.3076923076923,200.0,-3651.7,72.83618606159989,-3792.0,-3472.0,320.0,-3472.0,-3652.0,-180.0,61.84615384615385,164.0,14710.7,79.67628254380348,14528.0,14920.0,392.0,14804.0,14584.0,-220.0,82.56410256410257,248.0,-517.225,55.74651894961694,-673.0,-429.0,244.0,-441.0,-512.0,-71.0,46.38461538461539,195.0,942.95,96.49040107699831,745.0,1176.0,431.0,881.0,844.0,-37.0,102.33333333333333,283.0,79.35,97.49244842550627,-188.0,239.0,427.0,129.0,131.0,2.0,79.38461538461539,387.0,idle,idle_5
0.0,0.0,0.0,0.0,0.0,0.0,0.0,0.0,0.0,0.0,0.0,0.0,0.0,0.0,0.0,0.0,0.0,0.0,0.0,0.0,0.0,0.0,0.0,0.0,0.0,0.0,0.0,0.0,0.0,0.0,0.0,0.0,0.0,0.0,0.0,0.0,0.0,0.0,0.0,0.0,0.0,0.0,0.0,0.0,0.0,0.0,0.0,0.0,0.0,0.0,8142.4,72.2373864422018,7980.0,8304.0,324.0,8200.0,8168.0,-32.0,77.33333333333333,204.0,-3664.2,53.48607295362036,-3768.0,-3548.0,220.0,-3736.0,-3684.0,52.0,64.51282051282051,164.0,14679.6,90.52204151476036,14512.0,14864.0,352.0,14608.0,14668.0,60.0,104.71794871794872,280.0,-487.575,44.50836297820894,-673.0,-421.0,252.0,-536.0,-456.0,80.0,46.76923076923077,195.0,985.7,114.79224712496921,585.0,1176.0,591.0,988.0,949.0,-39.0,130.17948717948718,561.0,58.7,72.48868877280097,-148.0,194.0,342.0,-101.0,121.0,222.0,64.25641025641026,173.0,idle,idle_5
0.0,0.0,0.0,0.0,0.0,0.0,0.0,0.0,0.0,0.0,0.0,0.0,0.0,0.0,0.0,0.0,0.0,0.0,0.0,0.0,0.0,0.0,0.0,0.0,0.0,0.0,0.0,0.0,0.0,0.0,0.0,0.0,0.0,0.0,0.0,0.0,0.0,0.0,0.0,0.0,0.0,0.0,0.0,0.0,0.0,0.0,0.0,0.0,0.0,0.0,8204.3,92.32285740811969,8000.0,8408.0,408.0,8248.0,8316.0,68.0,71.07692307692308,216.0,-3664.9,72.08599031712056,-3812.0,-3504.0,308.0,-3688.0,-3772.0,-84.0,73.33333333333333,196.0,14626.9,109.14939303541729,14464.0,14864.0,400.0,14600.0,14496.0,-104.0,109.12820512820512,280.0,-493.45,35.59490834375051,-569.0,-421.0,148.0,-443.0,-456.0,-13.0,41.97435897435897,104.0,938.8,119.7420561039437,585.0,1176.0,591.0,986.0,862.0,-124.0,112.2051282051282,561.0,115.225,74.14529233201525,-26.0,303.0,329.0,102.0,230.0,128.0,75.7948717948718,173.0,idle,idle_5
0.0,0.0,0.0,0.0,0.0,0.0,0.0,0.0,0.0,0.0,0.0,0.0,0.0,0.0,0.0,0.0,0.0,0.0,0.0,0.0,0.0,0.0,0.0,0.0,0.0,0.0,0.0,0.0,0.0,0.0,0.0,0.0,0.0,0.0,0.0,0.0,0.0,0.0,0.0,0.0,0.0,0.0,0.0,0.0,0.0,0.0,0.0,0.0,0.0,0.0,7617.6,65.68896406551103,7428.0,7756.0,328.0,7596.0,7636.0,40.0,59.282051282051285,192.0,-2644.8,164.4,-3064.0,-2344.0,720.0,-2452.0,-3064.0,-612.0,131.5897435897436,412.0,15304.3,74.7817491103277,15096.0,15496.0,400.0,15312.0,15276.0,-36.0,77.64102564102564,268.0,-557.325,167.07803378960384,-992.0,-217.0,775.0,-521.0,-648.0,-127.0,124.02564102564102,391.0,1016.2,90.2812826670069,725.0,1189.0,464.0,1029.0,997.0,-32.0,85.17948717948718,246.0,132.525,147.659572581665,-192.0,471.0,663.0,105.0,179.0,74.0,200.97435897435898,520.0,idle,idle_6
0.0,0.0,0.0,0.0,0.0,0.0,0.0,0.0,0.0,0.0,0.0,0.0,0.0,0.0,0.0,0.0,0.0,0.0,0.0,0.0,0.0,0.0,0.0,0.0,0.0,0.0,0.0,0.0,0.0,0.0,0.0,0.0,0.0,0.0,0.0,0.0,0.0,0.0,0.0,0.0,0.0,0.0,0.0,0.0,0.0,0.0,0.0,0.0,0.0,0.0,7637.5,61.98507884967156,7496.0,7756.0,260.0,7712.0,7600.0,-112.0,53.743589743589745,172.0,-2788.7,172.03229348003242,-3132.0,-2428.0,704.0,-2804.0,-3084.0,-280.0,131.28205128205127,444.0,15258.8,89.08512782726417,15056.0,15440.0,384.0,15296.0,15192.0,-104.0,96.82051282051282,304.0,-577.15,136.12853301200303,-992.0,-245.0,747.0,-431.0,-522.0,-91.0,108.38461538461539,344.0,1040.1,84.48692206489712,856.0,1219.0,363.0,1062.0,1029.0,-33.0,82.07692307692308,264.0,88.35,139.0240177091714,-192.0,336.0,528.0,126.0,325.0,199.0,183.4102564102564,520.0,idle,idle_6
0.0,0.0,0.0,0.0,0.0,0.0,0.0,0.0,0.0,0.0,0.0,0.0,0.0,0.0,0.0,0.0,0.0,0.0,0.0,0.0,0.0,0.0,0.0,0.0,0.0,0.0,0.0,0.0,0.0,0.0,0.0,0.0,0.0,0.0,0.0,0.0,0.0,0.0,0.0,0.0,0.0,0.0,0.0,0.0,0.0,0.0,0.0,0.0,0.0,0.0,7660.3,74.28802056859504,7532.0,7844.0,312.0,7708.0,7728.0,20.0,53.84615384615385,136.0,-2914.6,207.48310774614882,-3488.0,-2596.0,892.0,-2936.0,-3256.0,-320.0,157.74358974358975,444.0,15213.1,90.01327679848121,15008.0,15392.0,384.0,15056.0,15188.0,132.0,93.43589743589743,304.0,-606.8,183.72522962293448,-1125.0,-245.0,880.0,-680.0,-716.0,-36.0,107.58974358974359,250.0,1023.525,100.80723870337883,754.0,1219.0,465.0,911.0,1080.0,169.0,75.3076923076923,264.0,120.3,167.98618990857554,-183.0,682.0,865.0,158.0,318.0,160.0,192.66666666666666,519.0,idle,idle_6
0.0,0.0,0.0,0.0,0.0,0.0,0.0,0.0,0.0,0.0,0.0,0.0,0.0,0.0,0.0,0.0,0.0,0.0,0.0,0.0,0.0,0.0,0.0,0.0,0.0,0.0,0.0,0.0,0.0,0.0,0.0,0.0,0.0,0.0,0.0,0.0,0.0,0.0,0.0,0.0,0.0,0.0,0.0,0.0,0.0,0.0,0.0,0.0,0.0,0.0,7687.0,73.49421745960699,7532.0,7844.0,312.0,7696.0,7812.0,116.0,56.1025641025641,164.0,-3126.0,259.6767220988435,-3488.0,-2596.0,892.0,-2816.0,-3364.0,-548.0,130.56410256410257,392.0,15164.8,91.24121875556025,15008.0,15356.0,348.0,15308.0,15072.0,-236.0,83.7948717948718,188.0,-601.525,180.98963886090274,-1125.0,-326.0,799.0,-567.0,-485.0,82.0,94.35897435897436,250.0,1020.225,98.69789448108808,754.0,1178.0,424.0,939.0,989.0,50.0,71.38461538461539,188.0,131.9,155.5264929200167,-158.0,682.0,840.0,-99.0,155.0,254.0,155.69230769230768,518.0,idle,idle_6
0.0,0.0,0.0,0.0,0.0,0.0,0.0,0.0,0.0,0.0,0.0,0.0,0.0,0.0,0.0,0.0,0.0,0.0,0.0,0.0,0.0,0.0,0.0,0.0,0.0,0.0,0.0,0.0,0.0,0.0,0.0,0.0,0.0,0.0,0.0,0.0,0.0,0.0,0.0,0.0,0.0,0.0,0.0,0.0,0.0,0.0,0.0,0.0,0.0,0.0,7701.0,60.22457969965419,7568.0,7820.0,252.0,7704.0,7760.0,56.0,55.794871794871796,164.0,-3280.1,112.57526371277129,-3500.0,-2908.0,592.0,-3432.0,-3368.0,64.0,98.87179487179488,308.0,15129.4,74.8414323753895,15000.0,15340.0,340.0,15200.0,15168.0,-32.0,81.02564102564102,212.0,-497.45,72.71621208506396,-647.0,-326.0,321.0,-625.0,-508.0,117.0,64.23076923076923,221.0,1052.55,77.31492417379714,882.0,1240.0,358.0,1120.0,1122.0,2.0,78.82051282051282,197.0,82.8,96.72130065295855,-69.0,317.0,386.0,317.0,-27.0,-344.0,111.43589743589743,266.0,idle,idle_6
0.0,0.0,0.0,0.0,0.0,0.0,0.0,0.0,0.0,0.0,0.0,0.0,0.0,0.0,0.0,0.0,0.0,0.0,0.0,0.0,0.0,0.0,0.0,0.0,0.0,0.0,0.0,0.0,0.0,0.0,0.0,0.0,0.0,0.0,0.0,0.0,0.0,0.0,0.0,0.0,0.0,0.0,0.0,0.0,0.0,0.0,0.0,0.0,0.0,0.0,7683.3,64.81288452152087,7568.0,7820.0,252.0,7704.0,7704.0,0.0,52.717948717948715,148.0,-3206.3,130.98057107830914,-3500.0,-2908.0,592.0,-3308.0,-3084.0,224.0,119.17948717948718,308.0,15152.2,78.0356328865218,15000.0,15320.0,320.0,15164.0,15072.0,-92.0,86.66666666666667,240.0,-494.025,66.38466972878604,-631.0,-330.0,301.0,-523.0,-534.0,-11.0,55.05128205128205,221.0,1047.1,75.82077551700456,871.0,1240.0,369.0,1132.0,1029.0,-103.0,72.48717948717949,197.0,88.05,104.3731167494772,-124.0,310.0,434.0,-59.0,274.0,333.0,120.07692307692308,358.0,idle,idle_6
0.0,0.0,0.0,0.0,0.0,0.0,0.0,0.0,0.0,0.0,0.0,0.0,0.0,0.0,0.0,0.0,0.0,0.0,0.0,0.0,0.0,0.0,0.0,0.0,0.0,0.0,0.0,0.0,0.0,0.0,0.0,0.0,0.0,0.0,0.0,0.0,0.0,0.0,0.0,0.0,0.0,0.0,0.0,0.0,0.0,0.0,0.0,0.0,0.0,0.0,7691.9,64.04677977853376,7572.0,7824.0,252.0,7712.0,7704.0,-8.0,58.666666666666664,168.0,-3176.3,109.28270677467684,-3436.0,-2940.0,496.0,-3172.0,-3184.0,-12.0,133.84615384615384,292.0,15163.5,65.6425928799282,15028.0,15320.0,292.0,15284.0,15224.0,-60.0,72.51282051282051,240.0,-501.15,60.71431050419662,-631.0,-383.0,248.0,-484.0,-477.0,7.0,51.51282051282051,145.0,1034.425,60.08697342186574,871.0,1127.0,256.0,1119.0,984.0,-135.0,56.48717948717949,134.0,103.975,87.66569668348048,-124.0,274.0,398.0,-124.0,88.0,212.0,96.51282051282051,358.0,idle,idle_6
0.0,0.0,0.0,0.0,0.0,0.0,0.0,0.0,0.0,0.0,0.0,0.0,0.0,0.0,0.0,0.0,0.0,0.0,0.0,0.0,0.0,0.0,0.0,0.0,0.0,0.0,0.0,0.0,0.0,0.0,0.0,0.0,0.0,0.0,0.0,0.0,0.0,0.0,0.0,0.0,0.0,0.0,0.0,0.0,0.0,0.0,0.0,0.0,0.0,0.0,7720.4,60.09192957461094,7592.0,7852.0,260.0,7708.0,7684.0,-24.0,57.84615384615385,172.0,-3162.1,100.64586429655219,-3356.0,-2940.0,416.0,-3352.0,-3172.0,180.0,122.97435897435898,292.0,15146.9,65.96355054118904,14968.0,15264.0,296.0,15164.0,15068.0,-96.0,75.6923076923077,260.0,-511.75,53.74790693599147,-634.0,-388.0,246.0,-505.0,-515.0,-10.0,57.8974358974359,146.0,1033.875,50.29373097116578,929.0,1116.0,187.0,1068.0,973.0,-95.0,49.82051282051282,153.0,89.925,65.81807787378784,-52.0,202.0,254.0,147.0,81.0,-66.0,80.25641025641026,254.0,idle,idle_6
0.0,0.0,0.0,0.0,0.0,0.0,0.0,0.0,0.0,0.0,0.0,0.0,0.0,0.0,0.0,0.0,0.0,0.0,0.0,0.0,0.0,0.0,0.0,0.0,0.0,0.0,0.0,0.0,0.0,0.0,0.0,0.0,0.0,0.0,0.0,0.0,0.0,0.0,0.0,0.0,0.0,0.0,0.0,0.0,0.0,0.0,0.0,0.0,0.0,0.0,7740.2,60.965235995606534,7624.0,7856.0,232.0,7712.0,7788.0,76.0,51.794871794871796,172.0,-3113.3,107.08646039532728,-3368.0,-2796.0,572.0,-3076.0,-3040.0,36.0,120.92307692307692,488.0,15146.2,64.04342276924302,14968.0,15264.0,296.0,15096.0,15036.0,-60.0,69.02564102564102,260.0,-513.75,60.886266924487984,-656.0,-381.0,275.0,-545.0,-514.0,31.0,62.43589743589744,228.0,1034.275,51.09402484635556,929.0,1139.0,210.0,1116.0,1029.0,-87.0,50.43589743589744,153.0,85.1,107.74989559159674,-140.0,439.0,579.0,54.0,275.0,221.0,139.82051282051282,481.0,idle,idle_6
0.0,0.0,0.0,0.0,0.0,0.0,0.0,0.0,0.0,0.0,0.0,0.0,0.0,0.0,0.0,0.0,0.0,0.0,0.0,0.0,0.0,0.0,0.0,0.0,0.0,0.0,0.0,0.0,0.0,0.0,0.0,0.0,0.0,0.0,0.0,0.0,0.0,0.0,0.0,0.0,0.0,0.0,0.0,0.0,0.0,0.0,0.0,0.0,0.0,0.0,7760.7,66.8843030912336,7596.0,7896.0,300.0,7848.0,7828.0,-20.0,56.30769230769231,208.0,-3129.9,107.30512569304413,-3368.0,-2796.0,572.0,-3108.0,-3148.0,-40.0,109.74358974358974,488.0,15134.1,70.25090746744843,14948.0,15264.0,316.0,15168.0,15036.0,-132.0,62.05128205128205,280.0,-518.575,65.54154693780123,-710.0,-381.0,329.0,-507.0,-500.0,7.0,66.94871794871794,228.0,1033.6,78.83869608257102,875.0,1253.0,378.0,1073.0,1105.0,32.0,77.48717948717949,304.0,107.875,125.55560272245918,-140.0,439.0,579.0,115.0,159.0,44.0,170.97435897435898,481.0,idle,idle_6
0.0,0.0,0.0,0.0,0.0,0.0,0.0,0.0,0.0,0.0,0.0,0.0,0.0,0.0,0.0,0.0,0.0,0.0,0.0,0.0,0.0,0.0,0.0,0.0,0.0,0.0,0.0,0.0,0.0,0.0,0.0,0.0,0.0,0.0,0.0,0.0,0.0,0.0,0.0,0.0,0.0,0.0,0.0,0.0,0.0,0.0,0.0,0.0,0.0,0.0,7757.0,77.27742231725901,7596.0,7924.0,328.0,7728.0,7756.0,28.0,74.76923076923077,208.0,-3154.4,118.62141459281287,-3428.0,-2852.0,576.0,-3064.0,-3428.0,-364.0,118.25641025641026,356.0,15121.7,101.60270665686029,14920.0,15304.0,384.0,15140.0,15072.0,-68.0,106.97435897435898,384.0,-512.825,82.46238157487328,-710.0,-367.0,343.0,-552.0,-380.0,172.0,92.66666666666667,268.0,1033.375,89.5027059646802,856.0,1253.0,397.0,1162.0,932.0,-230.0,86.76923076923077,304.0,109.875,127.70125048330576,-101.0,365.0,466.0,-45.0,93.0,138.0,167.02564102564102,466.0,idle,idle_6
0.0,0.0,0.0,0.0,0.0,0.0,0.0,0.0,0.0,0.0,0.0,0.0,0.0,0.0,0.0,0.0,0.0,0.0,0.0,0.0,0.0,0.0,0.0,0.0,0.0,0.0,0.0,0.0,0.0,0.0,0.0,0.0,0.0,0.0,0.0,0.0,0.0,0.0,0.0,0.0,0.0,0.0,0.0,0.0,0.0,0.0,0.0,0.0,0.0,0.0,7757.6,79.79874685732854,7600.0,7924.0,324.0,7760.0,7832.0,72.0,78.15384615384616,192.0,-3125.8,137.46257672544917,-3428.0,-2852.0,576.0,-3248.0,-3188.0,60.0,149.64102564102564,456.0,15116.5,95.46177245368955,14920.0,15304.0,384.0,15116.0,15132.0,16.0,106.66666666666667,384.0,-508.475,80.5214218391603,-691.0,-367.0,324.0,-484.0,-427.0,57.0,87.2051282051282,268.0,1034.575,78.7463927745265,834.0,1169.0,335.0,1169.0,998.0,-171.0,79.61538461538461,232.0,86.725,115.38933822065192,-101.0,365.0,466.0,-87.0,132.0,219.0,148.28205128205127,466.0,idle,idle_6
0.0,0.0,0.0,0.0,0.0,0.0,0.0,0.0,0.0,0.0,0.0,0.0,0.0,0.0,0.0,0.0,0.0,0.0,0.0,0.0,0.0,0.0,0.0,0.0,0.0,0.0,0.0,0.0,0.0,0.0,0.0,0.0,0.0,0.0,0.0,0.0,0.0,0.0,0.0,0.0,0.0,0.0,0.0,0.0,0.0,0.0,0.0,0.0,0.0,0.0,7779.5,65.89195702056512,7600.0,7912.0,312.0,7900.0,7748.0,-152.0,52.1025641025641,192.0,-3100.6,105.89636443240154,-3396.0,-2904.0,492.0,-2972.0,-3108.0,-136.0,109.12820512820512,392.0,15121.5,59.13163282034414,14936.0,15240.0,304.0,15136.0,15148.0,12.0,66.76923076923077,200.0,-508.275,49.8607999835542,-668.0,-391.0,277.0,-391.0,-469.0,-78.0,46.30769230769231,175.0,1018.375,75.6163631431716,834.0,1169.0,335.0,1003.0,985.0,-18.0,77.7948717948718,232.0,99.75,84.84390078255478,-60.0,259.0,319.0,-48.0,51.0,99.0,103.25641025641026,242.0,idle,idle_6
0.0,0.0,0.0,0.0,0.0,0.0,0.0,0.0,0.0,0.0,0.0,0.0,0.0,0.0,0.0,0.0,0.0,0.0,0.0,0.0,0.0,0.0,0.0,0.0,0.0,0.0,0.0,0.0,0.0,0.0,0.0,0.0,0.0,0.0,0.0,0.0,0.0,0.0,0.0,0.0,0.0,0.0,0.0,0.0,0.0,0.0,0.0,0.0,0.0,0.0,7792.5,47.42309563915034,7704.0,7904.0,200.0,7768.0,7748.0,-20.0,47.8974358974359,148.0,-3090.8,93.37751335305518,-3328.0,-2828.0,500.0,-3012.0,-3080.0,-68.0,98.35897435897436,324.0,15138.7,65.78381259854129,15004.0,15284.0,280.0,15212.0,15208.0,-4.0,73.53846153846153,260.0,-502.625,44.00152696214076,-598.0,-427.0,171.0,-435.0,-510.0,-75.0,38.8974358974359,114.0,1033.625,70.03345182839412,865.0,1163.0,298.0,1056.0,1113.0,57.0,61.205128205128204,173.0,95.15,86.216747213056,-130.0,226.0,356.0,37.0,38.0,1.0,97.41025641025641,302.0,idle,idle_6
0.0,0.0,0.0,0.0,0.0,0.0,0.0,0.0,0.0,0.0,0.0,0.0,0.0,0.0,0.0,0.0,0.0,0.0,0.0,0.0,0.0,0.0,0.0,0.0,0.0,0.0,0.0,0.0,0.0,0.0,0.0,0.0,0.0,0.0,0.0,0.0,0.0,0.0,0.0,0.0,0.0,0.0,0.0,0.0,0.0,0.0,0.0,0.0,0.0,0.0,7798.3,54.7860383674527,7648.0,7924.0,276.0,7804.0,7796.0,-8.0,56.205128205128204,148.0,-3049.1,93.70586961338122,-3212.0,-2828.0,384.0,-3092.0,-2944.0,148.0,103.8974358974359,324.0,15138.7,79.99193709368465,14984.0,15360.0,376.0,15120.0,15140.0,20.0,85.43589743589743,260.0,-508.375,55.455697407930955,-676.0,-382.0,294.0,-444.0,-519.0,-75.0,55.256410256410255,179.0,1046.6,66.56831077922888,861.0,1191.0,330.0,1079.0,1191.0,112.0,62.717948717948715,197.0,78.425,97.65216011435692,-173.0,343.0,516.0,148.0,63.0,-85.0,128.07692307692307,516.0,idle,idle_6
0.0,0.0,0.0,0.0,0.0,0.0,0.0,0.0,0.0,0.0,0.0,0.0,0.0,0.0,0.0,0.0,0.0,0.0,0.0,0.0,0.0,0.0,0.0,0.0,0.0,0.0,0.0,0.0,0.0,0.0,0.0,0.0,0.0,0.0,0.0,0.0,0.0,0.0,0.0,0.0,0.0,0.0,0.0,0.0,0.0,0.0,0.0,0.0,0.0,0.0,7816.5,71.96214282523833,7648.0,7944.0,296.0,7648.0,7900.0,252.0,58.97435897435897,152.0,-3007.4,93.55020042736412,-3212.0,-2756.0,456.0,-3096.0,-3036.0,60.0,113.33333333333333,268.0,15118.5,75.23130997131447,14984.0,15360.0,376.0,15160.0,14996.0,-164.0,75.38461538461539,256.0,-511.7,54.128643064462636,-676.0,-382.0,294.0,-535.0,-487.0,48.0,56.15384615384615,179.0,1016.15,69.33164861735223,861.0,1191.0,330.0,982.0,918.0,-64.0,69.74358974358974,197.0,107.3,104.13625689451297,-173.0,343.0,516.0,111.0,230.0,119.0,132.23076923076923,516.0,idle,idle_6
0.0,0.0,0.0,0.0,0.0,0.0,0.0,0.0,0.0,0.0,0.0,0.0,0.0,0.0,0.0,0.0,0.0,0.0,0.0,0.0,0.0,0.0,0.0,0.0,0.0,0.0,0.0,0.0,0.0,0.0,0.0,0.0,0.0,0.0,0.0,0.0,0.0,0.0,0.0,0.0,0.0,0.0,0.0,0.0,0.0,0.0,0.0,0.0,0.0,0.0,7844.4,69.39048926185777,7660.0,7944.0,284.0,7660.0,7860.0,200.0,56.82051282051282,152.0,-3015.3,97.52081829025022,-3260.0,-2756.0,504.0,-3052.0,-3004.0,48.0,114.87179487179488,300.0,15095.3,77.98403682805858,14948.0,15280.0,332.0,15212.0,15188.0,-24.0,102.35897435897436,304.0,-511.475,45.00332626595505,-596.0,-418.0,178.0,-501.0,-528.0,-27.0,48.43589743589744,134.0,1021.975,71.32688395689243,862.0,1203.0,341.0,1025.0,1088.0,63.0,73.25641025641026,243.0,97.675,106.36902450901765,-120.0,287.0,407.0,72.0,-11.0,-83.0,148.07692307692307,311.0,idle,idle_6
0.0,0.0,0.0,0.0,0.0,0.0,0.0,0.0,0.0,0.0,0.0,0.0,0.0,0.0,0.0,0.0,0.0,0.0,0.0,0.0,0.0,0.0,0.0,0.0,0.0,0.0,0.0,0.0,0.0,0.0,0.0,0.0,0.0,0.0,0.0,0.0,0.0,0.0,0.0,0.0,0.0,0.0,0.0,0.0,0.0,0.0,0.0,0.0,0.0,0.0,7860.5,49.59183400520695,7740.0,7956.0,216.0,7884.0,7860.0,-24.0,57.64102564102564,168.0,-3028.6,87.08409728532529,-3260.0,-2892.0,368.0,-3008.0,-2896.0,112.0,107.07692307692308,300.0,15089.4,82.23162408708708,14948.0,15280.0,332.0,15068.0,15172.0,104.0,107.6923076923077,304.0,-517.05,38.07948922976778,-605.0,-418.0,187.0,-531.0,-605.0,-74.0,38.56410256410256,134.0,1040.95,56.46146916260682,901.0,1203.0,302.0,1161.0,1053.0,-108.0,57.94871794871795,195.0,78.9,86.6045033471124,-120.0,271.0,391.0,-40.0,-35.0,5.0,123.46153846153847,311.0,idle,idle_6
0.0,0.0,0.0,0.0,0.0,0.0,0.0,0.0,0.0,0.0,0.0,0.0,0.0,0.0,0.0,0.0,0.0,0.0,0.0,0.0,0.0,0.0,0.0,0.0,0.0,0.0,0.0,0.0,0.0,0.0,0.0,0.0,0.0,0.0,0.0,0.0,0.0,0.0,0.0,0.0,0.0,0.0,0.0,0.0,0.0,0.0,0.0,0.0,0.0,0.0,7881.8,68.4219263102114,7740.0,8028.0,288.0,7764.0,8028.0,264.0,64.41025641025641,180.0,-3034.6,78.01820300417076,-3240.0,-2896.0,344.0,-3128.0,-2996.0,132.0,94.46153846153847,268.0,15056.5,96.55749582502645,14808.0,15276.0,468.0,15144.0,14940.0,-204.0,111.48717948717949,400.0,-530.95,48.644090082968965,-654.0,-435.0,219.0,-494.0,-619.0,-125.0,47.56410256410256,165.0,997.825,77.7164356812637,740.0,1112.0,372.0,1018.0,1038.0,20.0,67.7948717948718,346.0,107.925,84.48236132471678,-114.0,298.0,412.0,129.0,224.0,95.0,105.2051282051282,289.0,idle,idle_6
0.0,0.0,0.0,0.0,0.0,0.0,0.0,0.0,0.0,0.0,0.0,0.0,0.0,0.0,0.0,0.0,0.0,0.0,0.0,0.0,0.0,0.0,0.0,0.0,0.0,0.0,0.0,0.0,0.0,0.0,0.0,0.0,0.0,0.0,0.0,0.0,0.0,0.0,0.0,0.0,0.0,0.0,0.0,0.0,0.0,0.0,0.0,0.0,0.0,0.0,8459.0,121.91718500687259,8220.0,8716.0,496.0,8524.0,8500.0,-24.0,99.28205128205128,224.0,-4386.9,115.63040257648504,-4624.0,-4104.0,520.0,-4460.0,-4296.0,164.0,151.69230769230768,404.0,14350.8,105.0797792156036,14172.0,14544.0,372.0,14352.0,14248.0,-104.0,147.07692307692307,364.0,-482.125,90.30315263045914,-621.0,-140.0,481.0,-526.0,-494.0,32.0,72.1025641025641,292.0,1016.6,184.98483721645948,637.0,1307.0,670.0,1101.0,1152.0,51.0,179.97435897435898,432.0,111.925,160.91106044955393,-226.0,455.0,681.0,-43.0,-15.0,28.0,196.92307692307693,470.0,idle,idle_7
0.0,0.0,0.0,0.0,0.0,0.0,0.0,0.0,0.0,0.0,0.0,0.0,0.0,0.0,0.0,0.0,0.0,0.0,0.0,0.0,0.0,0.0,0.0,0.0,0.0,0.0,0.0,0.0,0.0,0.0,0.0,0.0,0.0,0.0,0.0,0.0,0.0,0.0,0.0,0.0,0.0,0.0,0.0,0.0,0.0,0.0,0.0,0.0,0.0,0.0,8473.7,171.5922783810507,8188.0,8864.0,676.0,8360.0,8540.0,180.0,142.66666666666666,512.0,-4386.3,174.87341135804496,-4932.0,-3860.0,1072.0,-4224.0,-4416.0,-192.0,184.4102564102564,864.0,14357.1,136.87947252966748,13908.0,14640.0,732.0,14472.0,14384.0,-88.0,151.7948717948718,432.0,-507.975,144.06586818188407,-957.0,-107.0,850.0,-561.0,-526.0,35.0,118.48717948717949,556.0,1028.95,206.36108523653388,550.0,1402.0,852.0,827.0,1035.0,208.0,206.35897435897436,610.0,102.125,154.7218774931328,-226.0,397.0,623.0,304.0,240.0,-64.0,211.53846153846155,599.0,idle,idle_7
0.0,0.0,0.0,0.0,0.0,0.0,0.0,0.0,0.0,0.0,0.0,0.0,0.0,0.0,0.0,0.0,0.0,0.0,0.0,0.0,0.0,0.0,0.0,0.0,0.0,0.0,0.0,0.0,0.0,0.0,0.0,0.0,0.0,0.0,0.0,0.0,0.0,0.0,0.0,0.0,0.0,0.0,0.0,0.0,0.0,0.0,0.0,0.0,0.0,0.0,8477.9,169.11531568725522,8188.0,8864.0,676.0,8440.0,8664.0,224.0,145.02564102564102,512.0,-4392.7,164.83418941469637,-4932.0,-3860.0,1072.0,-4396.0,-4360.0,36.0,151.89743589743588,864.0,14373.8,131.24313315370065,13908.0,14640.0,732.0,14480.0,14268.0,-212.0,122.15384615384616,432.0,-499.975,150.75103440772804,-957.0,-107.0,850.0,-302.0,-425.0,-123.0,128.69230769230768,556.0,1032.8,186.36338159627817,550.0,1402.0,852.0,1116.0,1120.0,4.0,206.46153846153845,610.0,105.275,124.06651189986768,-202.0,397.0,599.0,254.0,53.0,-201.0,146.28205128205127,599.0,idle,idle_7
0.0,0.0,0.0,0.0,0.0,0.0,0.0,0.0,0.0,0.0,0.0,0.0,0.0,0.0,0.0,0.0,0.0,0.0,0.0,0.0,0.0,0.0,0.0,0.0,0.0,0.0,0.0,0.0,0.0,0.0,0.0,0.0,0.0,0.0,0.0,0.0,0.0,0.0,0.0,0.0,0.0,0.0,0.0,0.0,0.0,0.0,0.0,0.0,0.0,0.0,8496.3,93.12094286464244,8312.0,8712.0,400.0,8528.0,8588.0,60.0,90.35897435897436,244.0,-4390.5,89.26225406071707,-4584.0,-4216.0,368.0,-4528.0,-4352.0,176.0,104.61538461538461,304.0,14349.4,97.84702346009304,14136.0,14576.0,440.0,14380.0,14312.0,-68.0,97.74358974358974,364.0,-502.45,66.40291785757611,-624.0,-343.0,281.0,-575.0,-552.0,23.0,67.66666666666667,185.0,1029.15,110.37607304121667,732.0,1309.0,577.0,869.0,1052.0,183.0,131.6153846153846,434.0,90.175,84.90844701794987,-53.0,319.0,372.0,62.0,1.0,-61.0,112.33333333333333,279.0,idle,idle_7
0.0,0.0,0.0,0.0,0.0,0.0,0.0,0.0,0.0,0.0,0.0,0.0,0.0,0.0,0.0,0.0,0.0,0.0,0.0,0.0,0.0,0.0,0.0,0.0,0.0,0.0,0.0,0.0,0.0,0.0,0.0,0.0,0.0,0.0,0.0,0.0,0.0,0.0,0.0,0.0,0.0,0.0,0.0,0.0,0.0,0.0,0.0,0.0,0.0,0.0,8518.5,73.67326516450862,8384.0,8712.0,328.0,8512.0,8596.0,84.0,78.25641025641026,224.0,-4376.7,101.70894749234208,-4584.0,-4176.0,408.0,-4232.0,-4440.0,-208.0,123.28205128205128,304.0,14321.5,100.56515301037433,14104.0,14496.0,392.0,14328.0,14480.0,152.0,105.02564102564102,356.0,-507.75,62.90618014154094,-648.0,-351.0,297.0,-602.0,-571.0,31.0,54.02564102564103,156.0,1030.175,94.57930204331177,838.0,1216.0,378.0,1001.0,1111.0,110.0,112.0,360.0,88.7,88.80912115317885,-80.0,287.0,367.0,114.0,41.0,-73.0,124.6923076923077,332.0,idle,idle_7
0.0,0.0,0.0,0.0,0.0,0.0,0.0,0.0,0.0,0.0,0.0,0.0,0.0,0.0,0.0,0.0,0.0,0.0,0.0,0.0,0.0,0.0,0.0,0.0,0.0,0.0,0.0,0.0,0.0,0.0,0.0,0.0,0.0,0.0,0.0,0.0,0.0,0.0,0.0,0.0,0.0,0.0,0.0,0.0,0.0,0.0,0.0,0.0,0.0,0.0,8558.7,92.23182747837103,8424.0,8820.0,396.0,8500.0,8648.0,148.0,76.2051282051282,232.0,-4372.8,99.9847988446244,-4560.0,-4176.0,384.0,-4424.0,-4364.0,60.0,117.64102564102564,384.0,14322.2,97.54978216275012,14104.0,14496.0,392.0,14356.0,14400.0,44.0,120.51282051282051,352.0,-511.725,74.79905998740894,-754.0,-351.0,403.0,-503.0,-376.0,127.0,64.7948717948718,256.0,1032.9,106.12770609035135,820.0,1286.0,466.0,1110.0,1070.0,-40.0,122.66666666666667,360.0,34.75,179.9202253778046,-837.0,287.0,1124.0,181.0,-35.0,-216.0,157.5897435897436,759.0,idle,idle_7
0.0,0.0,0.0,0.0,0.0,0.0,0.0,0.0,0.0,0.0,0.0,0.0,0.0,0.0,0.0,0.0,0.0,0.0,0.0,0.0,0.0,0.0,0.0,0.0,0.0,0.0,0.0,0.0,0.0,0.0,0.0,0.0,0.0,0.0,0.0,0.0,0.0,0.0,0.0,0.0,0.0,0.0,0.0,0.0,0.0,0.0,0.0,0.0,0.0,0.0,8626.7,122.99394294029277,8436.0,8932.0,496.0,8536.0,8616.0,80.0,87.17948717948718,268.0,-4303.6,117.16245132293878,-4560.0,-4056.0,504.0,-4360.0,-4224.0,136.0,106.46153846153847,408.0,14310.2,99.87572277585778,14052.0,14532.0,480.0,14128.0,14408.0,280.0,127.7948717948718,336.0,-491.95,88.59089964550535,-754.0,-274.0,480.0,-459.0,-653.0,-194.0,69.94871794871794,256.0,1036.75,118.35851257936625,679.0,1286.0,607.0,1029.0,1223.0,194.0,107.28205128205128,302.0,13.15,204.14597105992564,-837.0,299.0,1136.0,27.0,-91.0,-118.0,214.05128205128204,759.0,idle,idle_7
0.0,0.0,0.0,0.0,0.0,0.0,0.0,0.0,0.0,0.0,0.0,0.0,0.0,0.0,0.0,0.0,0.0,0.0,0.0,0.0,0.0,0.0,0.0,0.0,0.0,0.0,0.0,0.0,0.0,0.0,0.0,0.0,0.0,0.0,0.0,0.0,0.0,0.0,0.0,0.0,0.0,0.0,0.0,0.0,0.0,0.0,0.0,0.0,0.0,0.0,8653.9,129.1200604089078,8376.0,8932.0,556.0,8672.0,8720.0,48.0,103.17948717948718,268.0,-4210.4,96.68422828983019,-4464.0,-4020.0,444.0,-4464.0,-4188.0,276.0,107.38461538461539,408.0,14289.2,104.21209142896997,14052.0,14548.0,496.0,14200.0,14284.0,84.0,114.56410256410257,336.0,-472.9,76.20820165835171,-653.0,-274.0,379.0,-418.0,-563.0,-145.0,80.94871794871794,215.0,1034.475,124.86432386794877,679.0,1279.0,600.0,1012.0,1172.0,160.0,115.17948717948718,304.0,72.6,150.19250979992313,-404.0,303.0,707.0,-404.0,-102.0,302.0,190.82051282051282,449.0,idle,idle_7
0.0,0.0,0.0,0.0,0.0,0.0,0.0,0.0,0.0,0.0,0.0,0.0,0.0,0.0,0.0,0.0,0.0,0.0,0.0,0.0,0.0,0.0,0.0,0.0,0.0,0.0,0.0,0.0,0.0,0.0,0.0,0.0,0.0,0.0,0.0,0.0,0.0,0.0,0.0,0.0,0.0,0.0,0.0,0.0,0.0,0.0,0.0,0.0,0.0,0.0,8646.2,99.86370712125603,8376.0,8864.0,488.0,8532.0,8604.0,72.0,74.66666666666667,204.0,-4192.6,82.23162408708706,-4408.0,-4020.0,388.0,-4180.0,-4228.0,-48.0,101.74358974358974,324.0,14302.4,88.44342824653512,14108.0,14548.0,440.0,14308.0,14300.0,-8.0,83.07692307692308,252.0,-497.6,64.26266412155661,-624.0,-346.0,278.0,-461.0,-524.0,-63.0,81.25641025641026,185.0,1039.65,102.08392380781608,724.0,1240.0,516.0,1163.0,964.0,-199.0,115.1025641025641,354.0,83.45,98.01044587185592,-102.0,303.0,405.0,16.0,158.0,142.0,141.23076923076923,390.0,idle,idle_7
0.0,0.0,0.0,0.0,0.0,0.0,0.0,0.0,0.0,0.0,0.0,0.0,0.0,0.0,0.0,0.0,0.0,0.0,0.0,0.0,0.0,0.0,0.0,0.0,0.0,0.0,0.0,0.0,0.0,0.0,0.0,0.0,0.0,0.0,0.0,0.0,0.0,0.0,0.0,0.0,0.0,0.0,0.0,0.0,0.0,0.0,0.0,0.0,0.0,0.0,8664.9,75.72839625926329,8436.0,8812.0,376.0,8516.0,8688.0,172.0,65.94871794871794,196.0,-4210.8,105.71357528718816,-4440.0,-3984.0,456.0,-4124.0,-4324.0,-200.0,124.1025641025641,420.0,14301.5,73.68955149816017,14132.0,14440.0,308.0,14244.0,14284.0,40.0,74.46153846153847,252.0,-504.4,75.92127501563708,-694.0,-346.0,348.0,-439.0,-556.0,-117.0,82.8974358974359,185.0,1037.65,101.85370636358797,787.0,1240.0,453.0,1240.0,1224.0,-16.0,113.28205128205128,354.0,77.475,87.82169080016621,-112.0,297.0,409.0,101.0,-112.0,-213.0,108.48717948717949,358.0,idle,idle_7
0.0,0.0,0.0,0.0,0.0,0.0,0.0,0.0,0.0,0.0,0.0,0.0,0.0,0.0,0.0,0.0,0.0,0.0,0.0,0.0,0.0,0.0,0.0,0.0,0.0,0.0,0.0,0.0,0.0,0.0,0.0,0.0,0.0,0.0,0.0,0.0,0.0,0.0,0.0,0.0,0.0,0.0,0.0,0.0,0.0,0.0,0.0,0.0,0.0,0.0,8677.3,127.77288444736622,8400.0,9008.0,608.0,8764.0,8784.0,20.0,111.28205128205128,320.0,-4224.5,107.76711001042943,-4440.0,-3984.0,456.0,-4372.0,-4312.0,60.0,117.02564102564102,420.0,14273.5,85.47134022583242,14096.0,14448.0,352.0,14272.0,14312.0,40.0,91.6923076923077,316.0,-499.625,71.52890587028436,-694.0,-378.0,316.0,-433.0,-480.0,-47.0,66.17948717948718,183.0,1008.85,147.40429946239695,591.0,1297.0,706.0,871.0,1003.0,132.0,144.0,613.0,97.8,106.43594317710536,-112.0,302.0,414.0,182.0,211.0,29.0,127.1025641025641,362.0,idle,idle_7
0.0,0.0,0.0,0.0,0.0,0.0,0.0,0.0,0.0,0.0,0.0,0.0,0.0,0.0,0.0,0.0,0.0,0.0,0.0,0.0,0.0,0.0,0.0,0.0,0.0,0.0,0.0,0.0,0.0,0.0,0.0,0.0,0.0,0.0,0.0,0.0,0.0,0.0,0.0,0.0,0.0,0.0,0.0,0.0,0.0,0.0,0.0,0.0,0.0,0.0,8696.4,135.0134808083993,8400.0,9008.0,608.0,8492.0,8636.0,144.0,111.7948717948718,320.0,-4232.8,80.11092310041124,-4412.0,-4060.0,352.0,-4204.0,-4144.0,60.0,77.43589743589743,236.0,14259.2,93.12013745694321,14096.0,14448.0,352.0,14356.0,14424.0,68.0,101.23076923076923,316.0,-502.1,54.63689229815327,-617.0,-378.0,239.0,-408.0,-563.0,-155.0,51.41025641025641,134.0,1014.425,144.98480739374037,591.0,1297.0,706.0,1036.0,898.0,-138.0,142.51282051282053,613.0,91.325,122.04556270098473,-193.0,302.0,495.0,150.0,176.0,26.0,167.23076923076923,447.0,idle,idle_7
0.0,0.0,0.0,0.0,0.0,0.0,0.0,0.0,0.0,0.0,0.0,0.0,0.0,0.0,0.0,0.0,0.0,0.0,0.0,0.0,0.0,0.0,0.0,0.0,0.0,0.0,0.0,0.0,0.0,0.0,0.0,0.0,0.0,0.0,0.0,0.0,0.0,0.0,0.0,0.0,0.0,0.0,0.0,0.0,0.0,0.0,0.0,0.0,0.0,0.0,8717.4,98.18574234582127,8540.0,8900.0,360.0,8860.0,8884.0,24.0,86.97435897435898,268.0,-4237.3,78.51311992272375,-4400.0,-4096.0,304.0,-4280.0,-4240.0,40.0,93.12820512820512,268.0,14233.4,76.11859168429221,14032.0,14424.0,392.0,14176.0,14292.0,116.0,82.76923076923077,236.0,-497.625,41.07839304305854,-587.0,-419.0,168.0,-587.0,-490.0,97.0,47.666666666666664,134.0,1029.975,109.22419317623728,809.0,1266.0,457.0,939.0,1041.0,102.0,126.15384615384616,457.0,82.875,122.90081112425581,-199.0,314.0,513.0,-193.0,199.0,392.0,175.33333333333334,513.0,idle,idle_7
0.0,0.0,0.0,0.0,0.0,0.0,0.0,0.0,0.0,0.0,0.0,0.0,0.0,0.0,0.0,0.0,0.0,0.0,0.0,0.0,0.0,0.0,0.0,0.0,0.0,0.0,0.0,0.0,0.0,0.0,0.0,0.0,0.0,0.0,0.0,0.0,0.0,0.0,0.0,0.0,0.0,0.0,0.0,0.0,0.0,0.0,0.0,0.0,0.0,0.0,8715.1,77.78168164805902,8540.0,8884.0,344.0,8728.0,8652.0,-76.0,68.2051282051282,184.0,-4227.2,73.16939250806996,-4400.0,-4108.0,292.0,-4400.0,-4232.0,168.0,88.0,268.0,14234.0,72.89444423273972,14032.0,14396.0,364.0,14256.0,14140.0,-116.0,95.48717948717949,228.0,-493.925,38.549570360770566,-572.0,-418.0,154.0,-513.0,-418.0,95.0,39.92307692307692,133.0,1043.825,98.10756533010083,809.0,1266.0,457.0,1042.0,1087.0,45.0,113.97435897435898,457.0,87.475,97.55767204582118,-199.0,314.0,513.0,7.0,4.0,-3.0,133.87179487179486,513.0,idle,idle_7
0.0,0.0,0.0,0.0,0.0,0.0,0.0,0.0,0.0,0.0,0.0,0.0,0.0,0.0,0.0,0.0,0.0,0.0,0.0,0.0,0.0,0.0,0.0,0.0,0.0,0.0,0.0,0.0,0.0,0.0,0.0,0.0,0.0,0.0,0.0,0.0,0.0,0.0,0.0,0.0,0.0,0.0,0.0,0.0,0.0,0.0,0.0,0.0,0.0,0.0,8702.1,71.80522265128072,8520.0,8808.0,288.0,8740.0,8792.0,52.0,62.666666666666664,200.0,-4202.7,65.67427197921572,-4348.0,-4088.0,260.0,-4304.0,-4184.0,120.0,88.61538461538461,232.0,14256.1,86.57707548768322,14060.0,14420.0,360.0,14128.0,14320.0,192.0,119.17948717948718,352.0,-491.05,42.24094577539665,-588.0,-418.0,170.0,-505.0,-501.0,4.0,46.35897435897436,153.0,1036.225,89.29487317309993,802.0,1228.0,426.0,1166.0,1059.0,-107.0,96.17948717948718,257.0,93.325,65.05896844402008,-27.0,237.0,264.0,-15.0,116.0,131.0,82.53846153846153,216.0,idle,idle_7
0.0,0.0,0.0,0.0,0.0,0.0,0.0,0.0,0.0,0.0,0.0,0.0,0.0,0.0,0.0,0.0,0.0,0.0,0.0,0.0,0.0,0.0,0.0,0.0,0.0,0.0,0.0,0.0,0.0,0.0,0.0,0.0,0.0,0.0,0.0,0.0,0.0,0.0,0.0,0.0,0.0,0.0,0.0,0.0,0.0,0.0,0.0,0.0,0.0,0.0,8716.7,105.98825406619358,8520.0,9032.0,512.0,8540.0,8728.0,188.0,88.3076923076923,256.0,-4189.1,86.19042870295982,-4392.0,-4008.0,384.0,-4164.0,-4216.0,-52.0,95.07692307692308,292.0,14259.4,94.69339998120249,14060.0,14444.0,384.0,14332.0,14116.0,-216.0,105.64102564102564,352.0,-489.45,58.38576453211862,-621.0,-357.0,264.0,-519.0,-584.0,-65.0,60.8974358974359,153.0,1008.4,109.29496786220307,789.0,1323.0,534.0,1062.0,864.0,-198.0,113.33333333333333,299.0,109.525,82.03596391217695,-112.0,267.0,379.0,92.0,138.0,46.0,106.0,379.0,idle,idle_7
0.0,0.0,0.0,0.0,0.0,0.0,0.0,0.0,0.0,0.0,0.0,0.0,0.0,0.0,0.0,0.0,0.0,0.0,0.0,0.0,0.0,0.0,0.0,0.0,0.0,0.0,0.0,0.0,0.0,0.0,0.0,0.0,0.0,0.0,0.0,0.0,0.0,0.0,0.0,0.0,0.0,0.0,0.0,0.0,0.0,0.0,0.0,0.0,0.0,0.0,8749.2,114.20052539283695,8540.0,9032.0,492.0,8796.0,8668.0,-128.0,104.2051282051282,256.0,-4191.7,86.37308608588673,-4392.0,-4008.0,384.0,-4124.0,-4164.0,-40.0,80.82051282051282,292.0,14233.3,98.4414038908426,13996.0,14444.0,448.0,14188.0,14136.0,-52.0,114.15384615384616,376.0,-503.925,63.68649287721847,-644.0,-357.0,287.0,-596.0,-432.0,164.0,63.12820512820513,148.0,1030.375,123.27158786597988,789.0,1323.0,534.0,1022.0,1145.0,123.0,126.58974358974359,361.0,97.25,84.08827207167478,-112.0,267.0,379.0,162.0,112.0,-50.0,98.0,379.0,idle,idle_7
0.0,0.0,0.0,0.0,0.0,0.0,0.0,0.0,0.0,0.0,0.0,0.0,0.0,0.0,0.0,0.0,0.0,0.0,0.0,0.0,0.0,0.0,0.0,0.0,0.0,0.0,0.0,0.0,0.0,0.0,0.0,0.0,0.0,0.0,0.0,0.0,0.0,0.0,0.0,0.0,0.0,0.0,0.0,0.0,0.0,0.0,0.0,0.0,0.0,0.0,8752.6,97.35111709682639,8560.0,8948.0,388.0,8888.0,8808.0,-80.0,86.15384615384616,236.0,-4192.4,64.2607189502265,-4360.0,-4068.0,292.0,-4280.0,-4212.0,68.0,70.05128205128206,232.0,14241.9,93.63327400021852,13996.0,14440.0,444.0,14148.0,14212.0,64.0,126.97435897435898,376.0,-512.925,48.66692280183738,-644.0,-419.0,225.0,-526.0,-495.0,31.0,50.38461538461539,172.0,1042.375,112.6749057022015,861.0,1377.0,516.0,866.0,894.0,28.0,121.84615384615384,361.0,77.975,63.10724502780959,-32.0,195.0,227.0,163.0,87.0,-76.0,70.15384615384616,178.0,idle,idle_7
0.0,0.0,0.0,0.0,0.0,0.0,0.0,0.0,0.0,0.0,0.0,0.0,0.0,0.0,0.0,0.0,0.0,0.0,0.0,0.0,0.0,0.0,0.0,0.0,0.0,0.0,0.0,0.0,0.0,0.0,0.0,0.0,0.0,0.0,0.0,0.0,0.0,0.0,0.0,0.0,0.0,0.0,0.0,0.0,0.0,0.0,0.0,0.0,0.0,0.0,8752.9,76.75669351919743,8560.0,8948.0,388.0,8804.0,8700.0,-104.0,66.66666666666667,216.0,-4188.1,69.75091397250648,-4340.0,-4028.0,312.0,-4176.0,-4112.0,64.0,85.33333333333333,312.0,14267.3,85.38331218686704,14092.0,14480.0,388.0,14300.0,14256.0,-44.0,108.41025641025641,288.0,-510.1,41.12225674741113,-604.0,-430.0,174.0,-604.0,-513.0,91.0,44.02564102564103,95.0,1045.15,95.34871525091464,852.0,1377.0,525.0,937.0,1105.0,168.0,94.66666666666667,328.0,66.65,49.64803621494007,-29.0,177.0,206.0,94.0,-11.0,-105.0,55.717948717948715,155.0,idle,idle_7
0.0,0.0,0.0,0.0,0.0,0.0,0.0,0.0,0.0,0.0,0.0,0.0,0.0,0.0,0.0,0.0,0.0,0.0,0.0,0.0,0.0,0.0,0.0,0.0,0.0,0.0,0.0,0.0,0.0,0.0,0.0,0.0,0.0,0.0,0.0,0.0,0.0,0.0,0.0,0.0,0.0,0.0,0.0,0.0,0.0,0.0,0.0,0.0,0.0,0.0,7342.8,109.98618095015391,7032.0,7588.0,556.0,7360.0,7400.0,40.0,94.76923076923077,272.0,-2853.3,186.03523859742273,-3332.0,-2476.0,856.0,-2736.0,-2552.0,184.0,147.07692307692307,780.0,15373.1,108.79701282663967,15184.0,15628.0,444.0,15404.0,15412.0,8.0,125.53846153846153,300.0,-474.65,138.86748179469518,-920.0,-189.0,731.0,-337.0,-920.0,-583.0,96.84615384615384,301.0,998.475,161.45463565658312,588.0,1414.0,826.0,1136.0,787.0,-349.0,171.66666666666666,468.0,22.6,286.4011871483776,-567.0,603.0,1170.0,-87.0,-384.0,-297.0,232.33333333333334,930.0,idle,idle_8
0.0,0.0,0.0,0.0,0.0,0.0,0.0,0.0,0.0,0.0,0.0,0.0,0.0,0.0,0.0,0.0,0.0,0.0,0.0,0.0,0.0,0.0,0.0,0.0,0.0,0.0,0.0,0.0,0.0,0.0,0.0,0.0,0.0,0.0,0.0,0.0,0.0,0.0,0.0,0.0,0.0,0.0,0.0,0.0,0.0,0.0,0.0,0.0,0.0,0.0,7446.9,105.79598291050564,7176.0,7652.0,476.0,7488.0,7364.0,-124.0,80.3076923076923,244.0,-2778.8,151.76613588017588,-3072.0,-2544.0,528.0,-2860.0,-2600.0,260.0,144.71794871794873,420.0,15332.2,105.36394070079196,14952.0,15596.0,644.0,15336.0,15400.0,64.0,104.0,432.0,-489.7,123.39858183950086,-920.0,-189.0,731.0,-189.0,-492.0,-303.0,93.05128205128206,427.0,1014.9,113.43914668226309,710.0,1229.0,519.0,1015.0,1121.0,106.0,136.05128205128204,519.0,-1.775,254.99896936066233,-567.0,539.0,1106.0,54.0,93.0,39.0,240.17948717948718,616.0,idle,idle_8
0.0,0.0,0.0,0.0,0.0,0.0,0.0,0.0,0.0,0.0,0.0,0.0,0.0,0.0,0.0,0.0,0.0,0.0,0.0,0.0,0.0,0.0,0.0,0.0,0.0,0.0,0.0,0.0,0.0,0.0,0.0,0.0,0.0,0.0,0.0,0.0,0.0,0.0,0.0,0.0,0.0,0.0,0.0,0.0,0.0,0.0,0.0,0.0,0.0,0.0,7517.8,78.4344312148689,7348.0,7652.0,304.0,7644.0,7544.0,-100.0,70.46153846153847,168.0,-2736.4,123.5436764873055,-3016.0,-2528.0,488.0,-2972.0,-2740.0,232.0,150.97435897435898,384.0,15291.6,99.91516401427762,14952.0,15448.0,496.0,15348.0,15328.0,-20.0,106.35897435897436,432.0,-480.4,73.31671023716217,-610.0,-236.0,374.0,-493.0,-509.0,-16.0,71.58974358974359,198.0,1017.9,98.35695196578634,710.0,1229.0,519.0,1006.0,919.0,-87.0,109.15384615384616,519.0,99.275,160.52195916758555,-258.0,539.0,797.0,189.0,246.0,57.0,197.46153846153845,615.0,idle,idle_8
0.0,0.0,0.0,0.0,0.0,0.0,0.0,0.0,0.0,0.0,0.0,0.0,0.0,0.0,0.0,0.0,0.0,0.0,0.0,0.0,0.0,0.0,0.0,0.0,0.0,0.0,0.0,0.0,0.0,0.0,0.0,0.0,0.0,0.0,0.0,0.0,0.0,0.0,0.0,0.0,0.0,0.0,0.0,0.0,0.0,0.0,0.0,0.0,0.0,0.0,7524.5,76.09566347696826,7368.0,7720.0,352.0,7412.0,7612.0,200.0,71.7948717948718,220.0,-2712.9,114.71874301961299,-2904.0,-2508.0,396.0,-2744.0,-2644.0,100.0,152.10256410256412,368.0,15281.3,79.6059671130249,15076.0,15460.0,384.0,15252.0,15156.0,-96.0,90.66666666666667,204.0,-475.8,56.81469880233459,-604.0,-317.0,287.0,-469.0,-447.0,22.0,57.333333333333336,187.0,1030.6,82.97373078270013,849.0,1197.0,348.0,923.0,1049.0,126.0,87.53846153846153,240.0,98.075,103.43727265836044,-137.0,324.0,461.0,91.0,1.0,-90.0,142.0,328.0,idle,idle_8
0.0,0.0,0.0,0.0,0.0,0.0,0.0,0.0,0.0,0.0,0.0,0.0,0.0,0.0,0.0,0.0,0.0,0.0,0.0,0.0,0.0,0.0,0.0,0.0,0.0,0.0,0.0,0.0,0.0,0.0,0.0,0.0,0.0,0.0,0.0,0.0,0.0,0.0,0.0,0.0,0.0,0.0,0.0,0.0,0.0,0.0,0.0,0.0,0.0,0.0,7536.6,142.27452336943534,7200.0,7856.0,656.0,7576.0,7620.0,44.0,104.3076923076923,340.0,-2665.5,177.50647875500206,-2932.0,-2152.0,780.0,-2764.0,-2504.0,260.0,213.02564102564102,632.0,15290.1,112.22829411516508,15076.0,15712.0,636.0,15216.0,15340.0,124.0,120.1025641025641,504.0,-461.85,170.5978531517909,-1108.0,-21.0,1087.0,-468.0,-1108.0,-640.0,117.28205128205128,592.0,1039.95,242.25915359383225,600.0,2284.0,1684.0,1054.0,2284.0,1230.0,140.66666666666666,1073.0,71.725,197.66043958010414,-502.0,548.0,1050.0,163.0,-373.0,-536.0,253.84615384615384,1050.0,idle,idle_8
0.0,0.0,0.0,0.0,0.0,0.0,0.0,0.0,0.0,0.0,0.0,0.0,0.0,0.0,0.0,0.0,0.0,0.0,0.0,0.0,0.0,0.0,0.0,0.0,0.0,0.0,0.0,0.0,0.0,0.0,0.0,0.0,0.0,0.0,0.0,0.0,0.0,0.0,0.0,0.0,0.0,0.0,0.0,0.0,0.0,0.0,0.0,0.0,0.0,0.0,7498.1,237.88398432849567,6960.0,8012.0,1052.0,7608.0,7508.0,-100.0,182.25641025641025,692.0,-2430.6,309.3393605734647,-2932.0,-1748.0,1184.0,-2764.0,-1748.0,1016.0,227.89743589743588,660.0,15360.1,178.5687262652674,15020.0,15784.0,764.0,15416.0,15408.0,-8.0,167.17948717948718,504.0,-417.025,250.41290776435625,-1108.0,98.0,1206.0,-453.0,-921.0,-468.0,173.28205128205127,784.0,1100.525,385.5422796205366,420.0,2284.0,1864.0,1191.0,1905.0,714.0,246.05128205128204,1073.0,-22.275,342.0723598524148,-758.0,610.0,1368.0,186.0,-393.0,-579.0,372.38461538461536,1190.0,idle,idle_8
0.0,0.0,0.0,0.0,0.0,0.0,0.0,0.0,0.0,0.0,0.0,0.0,0.0,0.0,0.0,0.0,0.0,0.0,0.0,0.0,0.0,0.0,0.0,0.0,0.0,0.0,0.0,0.0,0.0,0.0,0.0,0.0,0.0,0.0,0.0,0.0,0.0,0.0,0.0,0.0,0.0,0.0,0.0,0.0,0.0,0.0,0.0,0.0,0.0,0.0,7340.0,410.9481719146588,6352.0,8356.0,2004.0,7396.0,6616.0,-780.0,271.28205128205127,776.0,-2373.0,340.0820489234914,-3656.0,-1748.0,1908.0,-2648.0,-2592.0,56.0,221.12820512820514,1004.0,15471.0,266.8463977647066,14792.0,16024.0,1232.0,15280.0,15964.0,684.0,211.3846153846154,564.0,-556.75,347.0958621188101,-1186.0,98.0,1284.0,-324.0,-180.0,144.0,143.69230769230768,471.0,1184.525,473.9302684731162,313.0,2136.0,1823.0,2136.0,1485.0,-651.0,313.2564102564103,974.0,11.525,417.90752490832216,-1108.0,865.0,1973.0,439.0,587.0,148.0,449.28205128205127,1204.0,idle,idle_8
0.0,0.0,0.0,0.0,0.0,0.0,0.0,0.0,0.0,0.0,0.0,0.0,0.0,0.0,0.0,0.0,0.0,0.0,0.0,0.0,0.0,0.0,0.0,0.0,0.0,0.0,0.0,0.0,0.0,0.0,0.0,0.0,0.0,0.0,0.0,0.0,0.0,0.0,0.0,0.0,0.0,0.0,0.0,0.0,0.0,0.0,0.0,0.0,0.0,0.0,7054.0,410.6005358009168,6352.0,8356.0,2004.0,7440.0,6808.0,-632.0,242.46153846153845,776.0,-2478.2,377.78930636003975,-3656.0,-1924.0,1732.0,-1996.0,-2156.0,-160.0,270.35897435897436,1004.0,15598.7,259.27651262696355,14792.0,16024.0,1232.0,15384.0,15500.0,116.0,189.64102564102564,564.0,-492.85,392.92553683872467,-1186.0,217.0,1403.0,-934.0,-294.0,640.0,161.89743589743588,510.0,1164.475,410.3895702561165,313.0,1925.0,1612.0,1480.0,1296.0,-184.0,266.20512820512823,974.0,89.1,411.530727892827,-1108.0,865.0,1973.0,179.0,-176.0,-355.0,446.7435897435897,1204.0,idle,idle_8
0.0,0.0,0.0,0.0,0.0,0.0,0.0,0.0,0.0,0.0,0.0,0.0,0.0,0.0,0.0,0.0,0.0,0.0,0.0,0.0,0.0,0.0,0.0,0.0,0.0,0.0,0.0,0.0,0.0,0.0,0.0,0.0,0.0,0.0,0.0,0.0,0.0,0.0,0.0,0.0,0.0,0.0,0.0,0.0,0.0,0.0,0.0,0.0,0.0,0.0,6891.8,273.11528701264604,6164.0,7500.0,1336.0,6900.0,6424.0,-476.0,202.35897435897436,796.0,-2159.4,490.27547358602385,-3196.0,-1120.0,2076.0,-3112.0,-2380.0,732.0,264.9230769230769,780.0,15712.1,180.50481988024586,15380.0,16144.0,764.0,15680.0,16128.0,448.0,166.76923076923077,452.0,-368.925,412.22471950988097,-1468.0,217.0,1685.0,-117.0,-999.0,-882.0,170.51282051282053,659.0,1076.45,278.21537969709726,436.0,1743.0,1307.0,1276.0,1306.0,30.0,235.53846153846155,648.0,191.8,491.1230090313424,-785.0,1860.0,2645.0,22.0,234.0,212.0,335.0769230769231,1498.0,idle,idle_8
0.0,0.0,0.0,0.0,0.0,0.0,0.0,0.0,0.0,0.0,0.0,0.0,0.0,0.0,0.0,0.0,0.0,0.0,0.0,0.0,0.0,0.0,0.0,0.0,0.0,0.0,0.0,0.0,0.0,0.0,0.0,0.0,0.0,0.0,0.0,0.0,0.0,0.0,0.0,0.0,0.0,0.0,0.0,0.0,0.0,0.0,0.0,0.0,0.0,0.0,6987.6,371.8481410468526,6164.0,8092.0,1928.0,6760.0,7352.0,592.0,256.0,864.0,-2289.6,557.6793343849134,-3296.0,-1120.0,2176.0,-2124.0,-2944.0,-820.0,268.61538461538464,772.0,15653.7,248.71170056915295,14860.0,16144.0,1284.0,15668.0,15468.0,-200.0,247.7948717948718,872.0,-605.6,457.072248118391,-1690.0,189.0,1879.0,-304.0,-634.0,-330.0,224.6153846153846,666.0,1001.475,386.9917303703013,264.0,1826.0,1562.0,978.0,1416.0,438.0,286.1025641025641,891.0,170.05,639.8817840038893,-1259.0,1860.0,3119.0,-96.0,-388.0,-292.0,551.7948717948718,1559.0,idle,idle_8
0.0,0.0,0.0,0.0,0.0,0.0,0.0,0.0,0.0,0.0,0.0,0.0,0.0,0.0,0.0,0.0,0.0,0.0,0.0,0.0,0.0,0.0,0.0,0.0,0.0,0.0,0.0,0.0,0.0,0.0,0.0,0.0,0.0,0.0,0.0,0.0,0.0,0.0,0.0,0.0,0.0,0.0,0.0,0.0,0.0,0.0,0.0,0.0,0.0,0.0,6921.5,340.3946973735049,6372.0,8092.0,1720.0,6812.0,6840.0,28.0,191.48717948717947,864.0,-2635.5,308.7992066051984,-3296.0,-2032.0,1264.0,-2360.0,-2604.0,-244.0,252.82051282051282,772.0,15625.9,238.1394339457453,14860.0,16072.0,1212.0,15832.0,15676.0,-156.0,266.7692307692308,872.0,-519.575,384.5220336664728,-1690.0,204.0,1894.0,-1076.0,-329.0,747.0,215.71794871794873,666.0,1066.85,407.6712860872102,264.0,1933.0,1669.0,436.0,1247.0,811.0,261.0,891.0,147.0,548.2505357954518,-1259.0,1248.0,2507.0,-461.0,-331.0,130.0,515.2307692307693,1559.0,idle,idle_8
0.0,0.0,0.0,0.0,0.0,0.0,0.0,0.0,0.0,0.0,0.0,0.0,0.0,0.0,0.0,0.0,0.0,0.0,0.0,0.0,0.0,0.0,0.0,0.0,0.0,0.0,0.0,0.0,0.0,0.0,0.0,0.0,0.0,0.0,0.0,0.0,0.0,0.0,0.0,0.0,0.0,0.0,0.0,0.0,0.0,0.0,0.0,0.0,0.0,0.0,6723.6,167.3147931295975,6416.0,7464.0,1048.0,7464.0,6596.0,-868.0,120.92307692307692,516.0,-2499.2,209.99466659894006,-3032.0,-2032.0,1000.0,-2860.0,-2280.0,580.0,192.30769230769232,588.0,15715.4,161.79134711102444,15248.0,16072.0,824.0,15740.0,15840.0,100.0,161.94871794871796,620.0,-412.85,193.08567398955316,-800.0,204.0,1004.0,-800.0,-513.0,287.0,118.53846153846153,651.0,1135.9,248.93270174888627,695.0,1933.0,1238.0,1220.0,1117.0,-103.0,187.6153846153846,752.0,124.625,277.9765896168237,-630.0,742.0,1372.0,-192.0,141.0,333.0,224.28205128205127,868.0,idle,idle_8
0.0,0.0,0.0,0.0,0.0,0.0,0.0,0.0,0.0,0.0,0.0,0.0,0.0,0.0,0.0,0.0,0.0,0.0,0.0,0.0,0.0,0.0,0.0,0.0,0.0,0.0,0.0,0.0,0.0,0.0,0.0,0.0,0.0,0.0,0.0,0.0,0.0,0.0,0.0,0.0,0.0,0.0,0.0,0.0,0.0,0.0,0.0,0.0,0.0,0.0,6656.7,85.28487556419368,6492.0,6844.0,352.0,6728.0,6668.0,-60.0,94.05128205128206,248.0,-2466.6,143.63161211933814,-2872.0,-2092.0,780.0,-2508.0,-2564.0,-56.0,163.28205128205127,564.0,15759.7,79.90688330801044,15612.0,15912.0,300.0,15672.0,15672.0,0.0,95.38461538461539,236.0,-528.575,74.22697875435858,-704.0,-371.0,333.0,-537.0,-532.0,5.0,63.0,201.0,1071.6,126.51912898846562,818.0,1481.0,663.0,1185.0,1005.0,-180.0,139.23076923076923,450.0,45.05,176.8092121468788,-630.0,295.0,925.0,-630.0,-350.0,280.0,150.56410256410257,608.0,idle,idle_8
0.0,0.0,0.0,0.0,0.0,0.0,0.0,0.0,0.0,0.0,0.0,0.0,0.0,0.0,0.0,0.0,0.0,0.0,0.0,0.0,0.0,0.0,0.0,0.0,0.0,0.0,0.0,0.0,0.0,0.0,0.0,0.0,0.0,0.0,0.0,0.0,0.0,0.0,0.0,0.0,0.0,0.0,0.0,0.0,0.0,0.0,0.0,0.0,0.0,0.0,6671.3,100.05553457955237,6492.0,6932.0,440.0,6516.0,6752.0,236.0,86.46153846153847,312.0,-2576.9,192.08433043848214,-2912.0,-2240.0,672.0,-2356.0,-2684.0,-328.0,155.48717948717947,564.0,15764.2,102.91724831144678,15460.0,16064.0,604.0,15752.0,15692.0,-60.0,112.51282051282051,428.0,-541.025,83.69154303153933,-732.0,-361.0,371.0,-521.0,-463.0,58.0,77.07692307692308,238.0,1004.65,119.71310496349177,645.0,1212.0,567.0,884.0,1085.0,201.0,140.02564102564102,348.0,165.125,205.68777157381038,-350.0,685.0,1035.0,47.0,9.0,-38.0,182.2051282051282,944.0,idle,idle_8
0.0,0.0,0.0,0.0,0.0,0.0,0.0,0.0,0.0,0.0,0.0,0.0,0.0,0.0,0.0,0.0,0.0,0.0,0.0,0.0,0.0,0.0,0.0,0.0,0.0,0.0,0.0,0.0,0.0,0.0,0.0,0.0,0.0,0.0,0.0,0.0,0.0,0.0,0.0,0.0,0.0,0.0,0.0,0.0,0.0,0.0,0.0,0.0,0.0,0.0,6684.6,109.47712089747336,6364.0,6932.0,568.0,6640.0,6668.0,28.0,97.53846153846153,312.0,-2719.4,225.21731727378335,-3244.0,-2240.0,1004.0,-2472.0,-2804.0,-332.0,180.0,724.0,15735.3,110.24658724876704,15460.0,16064.0,604.0,15840.0,15756.0,-84.0,113.53846153846153,428.0,-532.3,126.38674772301088,-818.0,-329.0,489.0,-452.0,-427.0,25.0,103.46153846153847,323.0,1031.4,124.98015842524764,645.0,1285.0,640.0,1018.0,1079.0,61.0,135.76923076923077,321.0,137.025,238.65262281190203,-424.0,685.0,1109.0,327.0,23.0,-304.0,204.82051282051282,944.0,idle,idle_8
0.0,0.0,0.0,0.0,0.0,0.0,0.0,0.0,0.0,0.0,0.0,0.0,0.0,0.0,0.0,0.0,0.0,0.0,0.0,0.0,0.0,0.0,0.0,0.0,0.0,0.0,0.0,0.0,0.0,0.0,0.0,0.0,0.0,0.0,0.0,0.0,0.0,0.0,0.0,0.0,0.0,0.0,0.0,0.0,0.0,0.0,0.0,0.0,0.0,0.0,6677.9,155.90250158352177,6208.0,7048.0,840.0,6692.0,6668.0,-24.0,129.43589743589743,468.0,-2760.4,217.9115416860704,-3244.0,-2376.0,868.0,-2680.0,-2604.0,76.0,235.5897435897436,724.0,15717.6,108.42066223741674,15484.0,15932.0,448.0,15736.0,15712.0,-24.0,136.82051282051282,260.0,-435.75,182.75731859490608,-818.0,-88.0,730.0,-643.0,-317.0,326.0,128.92307692307693,539.0,984.8,194.55734373186738,399.0,1285.0,886.0,1023.0,889.0,-134.0,155.28205128205127,481.0,247.625,377.1123630630531,-603.0,1526.0,2129.0,82.0,752.0,670.0,337.79487179487177,1355.0,idle,idle_8
0.0,0.0,0.0,0.0,0.0,0.0,0.0,0.0,0.0,0.0,0.0,0.0,0.0,0.0,0.0,0.0,0.0,0.0,0.0,0.0,0.0,0.0,0.0,0.0,0.0,0.0,0.0,0.0,0.0,0.0,0.0,0.0,0.0,0.0,0.0,0.0,0.0,0.0,0.0,0.0,0.0,0.0,0.0,0.0,0.0,0.0,0.0,0.0,0.0,0.0,6808.7,206.24235743416043,6208.0,7172.0,964.0,6540.0,6964.0,424.0,135.3846153846154,468.0,-2718.8,181.09930977229044,-3124.0,-2440.0,684.0,-2696.0,-2552.0,144.0,201.23076923076923,684.0,15662.7,148.43823631396324,15376.0,15932.0,556.0,15832.0,15680.0,-152.0,165.33333333333334,412.0,-399.575,140.92833063298522,-713.0,-88.0,625.0,-413.0,-369.0,44.0,131.02564102564102,539.0,928.975,212.43298796326337,399.0,1306.0,907.0,888.0,1126.0,238.0,178.15384615384616,551.0,233.525,398.11920246956186,-603.0,1526.0,2129.0,245.0,252.0,7.0,419.4102564102564,1355.0,idle,idle_8
0.0,0.0,0.0,0.0,0.0,0.0,0.0,0.0,0.0,0.0,0.0,0.0,0.0,0.0,0.0,0.0,0.0,0.0,0.0,0.0,0.0,0.0,0.0,0.0,0.0,0.0,0.0,0.0,0.0,0.0,0.0,0.0,0.0,0.0,0.0,0.0,0.0,0.0,0.0,0.0,0.0,0.0,0.0,0.0,0.0,0.0,0.0,0.0,0.0,0.0,6957.8,133.38650606414427,6696.0,7248.0,552.0,6776.0,6740.0,-36.0,129.12820512820514,432.0,-2697.1,177.8853282314199,-3108.0,-2280.0,828.0,-2724.0,-2280.0,444.0,187.7948717948718,528.0,15593.0,131.15410782739517,15300.0,15848.0,548.0,15560.0,15772.0,212.0,143.28205128205127,412.0,-493.825,118.47001466615929,-841.0,-255.0,586.0,-605.0,-439.0,166.0,131.17948717948718,351.0,1016.825,193.81020193735932,602.0,1415.0,813.0,715.0,1187.0,472.0,201.28205128205127,628.0,23.525,251.6821395629813,-408.0,490.0,898.0,-128.0,-239.0,-111.0,368.12820512820514,761.0,idle,idle_8
0.0,0.0,0.0,0.0,0.0,0.0,0.0,0.0,0.0,0.0,0.0,0.0,0.0,0.0,0.0,0.0,0.0,0.0,0.0,0.0,0.0,0.0,0.0,0.0,0.0,0.0,0.0,0.0,0.0,0.0,0.0,0.0,0.0,0.0,0.0,0.0,0.0,0.0,0.0,0.0,0.0,0.0,0.0,0.0,0.0,0.0,0.0,0.0,0.0,0.0,7020.2,162.0492517724164,6720.0,7380.0,660.0,7004.0,6904.0,-100.0,149.64102564102564,432.0,-2700.1,217.54537457735108,-3320.0,-2272.0,1048.0,-2488.0,-2604.0,-116.0,230.25641025641025,624.0,15570.8,125.23961034752544,15244.0,15908.0,664.0,15616.0,15688.0,72.0,128.6153846153846,384.0,-502.55,112.40083407163847,-841.0,-255.0,586.0,-612.0,-488.0,124.0,112.92307692307692,351.0,1049.8,229.59412013376996,563.0,1470.0,907.0,979.0,1350.0,371.0,232.74358974358975,628.0,41.025,265.8022279346055,-415.0,797.0,1212.0,33.0,-29.0,-62.0,360.35897435897436,788.0,idle,idle_8
0.0,0.0,0.0,0.0,0.0,0.0,0.0,0.0,0.0,0.0,0.0,0.0,0.0,0.0,0.0,0.0,0.0,0.0,0.0,0.0,0.0,0.0,0.0,0.0,0.0,0.0,0.0,0.0,0.0,0.0,0.0,0.0,0.0,0.0,0.0,0.0,0.0,0.0,0.0,0.0,0.0,0.0,0.0,0.0,0.0,0.0,0.0,0.0,0.0,0.0,7444.4,110.61934731320736,7224.0,7664.0,440.0,7664.0,7252.0,-412.0,94.66666666666667,380.0,-4086.0,182.22842807860687,-4524.0,-3628.0,896.0,-3764.0,-4336.0,-572.0,156.6153846153846,488.0,14994.2,100.43883710995463,14696.0,15184.0,488.0,14696.0,14860.0,164.0,97.12820512820512,292.0,-487.3,100.38680192136813,-732.0,-267.0,465.0,-674.0,-676.0,-2.0,129.12820512820514,360.0,1021.6,158.3723144997256,696.0,1569.0,873.0,1098.0,1076.0,-22.0,141.23076923076923,477.0,161.325,221.0586333419258,-280.0,669.0,949.0,-280.0,14.0,294.0,265.6923076923077,708.0,idle,idle_9
0.0,0.0,0.0,0.0,0.0,0.0,0.0,0.0,0.0,0.0,0.0,0.0,0.0,0.0,0.0,0.0,0.0,0.0,0.0,0.0,0.0,0.0,0.0,0.0,0.0,0.0,0.0,0.0,0.0,0.0,0.0,0.0,0.0,0.0,0.0,0.0,0.0,0.0,0.0,0.0,0.0,0.0,0.0,0.0,0.0,0.0,0.0,0.0,0.0,0.0,7574.7,206.85335385243334,7208.0,8120.0,912.0,7460.0,7752.0,292.0,128.10256410256412,596.0,-4081.6,133.0407456383194,-4532.0,-3880.0,652.0,-4012.0,-3964.0,48.0,136.82051282051282,488.0,14965.9,148.64989068277174,14572.0,15272.0,700.0,15072.0,15048.0,-24.0,131.48717948717947,500.0,-449.875,139.94216439300916,-732.0,-125.0,607.0,-591.0,-533.0,58.0,142.51282051282053,550.0,939.6,240.1660675449386,-38.0,1326.0,1364.0,1004.0,979.0,-25.0,183.76923076923077,682.0,161.85,185.78368469809186,-206.0,564.0,770.0,-39.0,92.0,131.0,215.6153846153846,708.0,idle,idle_9
0.0,0.0,0.0,0.0,0.0,0.0,0.0,0.0,0.0,0.0,0.0,0.0,0.0,0.0,0.0,0.0,0.0,0.0,0.0,0.0,0.0,0.0,0.0,0.0,0.0,0.0,0.0,0.0,0.0,0.0,0.0,0.0,0.0,0.0,0.0,0.0,0.0,0.0,0.0,0.0,0.0,0.0,0.0,0.0,0.0,0.0,0.0,0.0,0.0,0.0,7744.3,183.90516577845227,7208.0,8120.0,912.0,7300.0,7732.0,432.0,129.43589743589743,596.0,-4030.2,139.6078794337913,-4532.0,-3796.0,736.0,-4152.0,-3968.0,184.0,145.23076923076923,488.0,14904.2,150.24499991680256,14572.0,15272.0,700.0,15272.0,14904.0,-368.0,137.64102564102564,500.0,-447.4,128.42659381919307,-641.0,-125.0,516.0,-126.0,-566.0,-440.0,103.6923076923077,277.0,945.0,249.7193424626935,-38.0,1326.0,1364.0,714.0,1116.0,402.0,203.5897435897436,682.0,125.25,151.37994418019846,-206.0,498.0,704.0,431.0,180.0,-251.0,118.48717948717949,551.0,idle,idle_9
0.0,0.0,0.0,0.0,0.0,0.0,0.0,0.0,0.0,0.0,0.0,0.0,0.0,0.0,0.0,0.0,0.0,0.0,0.0,0.0,0.0,0.0,0.0,0.0,0.0,0.0,0.0,0.0,0.0,0.0,0.0,0.0,0.0,0.0,0.0,0.0,0.0,0.0,0.0,0.0,0.0,0.0,0.0,0.0,0.0,0.0,0.0,0.0,0.0,0.0,7817.0,94.51666519720213,7596.0,8060.0,464.0,7596.0,7824.0,228.0,80.1025641025641,280.0,-3987.3,148.24004182406318,-4268.0,-3648.0,620.0,-3996.0,-4028.0,-32.0,137.84615384615384,392.0,14870.4,132.23857228509388,14440.0,15196.0,756.0,14904.0,15140.0,236.0,129.53846153846155,456.0,-474.9,76.10413917783973,-611.0,-286.0,325.0,-504.0,-430.0,74.0,84.05128205128206,251.0,1007.675,159.80838330638352,715.0,1425.0,710.0,1073.0,1425.0,352.0,159.43589743589743,386.0,83.075,122.19684682920423,-203.0,381.0,584.0,141.0,93.0,-48.0,127.8974358974359,377.0,idle,idle_9
0.0,0.0,0.0,0.0,0.0,0.0,0.0,0.0,0.0,0.0,0.0,0.0,0.0,0.0,0.0,0.0,0.0,0.0,0.0,0.0,0.0,0.0,0.0,0.0,0.0,0.0,0.0,0.0,0.0,0.0,0.0,0.0,0.0,0.0,0.0,0.0,0.0,0.0,0.0,0.0,0.0,0.0,0.0,0.0,0.0,0.0,0.0,0.0,0.0,0.0,7810.6,201.7910800803643,7144.0,8184.0,1040.0,7800.0,7580.0,-220.0,154.76923076923077,732.0,-4017.1,456.8413181838963,-5164.0,-2600.0,2564.0,-4012.0,-4272.0,-260.0,265.94871794871796,1292.0,14856.1,220.53115426170515,14052.0,15308.0,1256.0,14904.0,14924.0,20.0,198.05128205128204,776.0,-456.525,163.7247671398558,-868.0,96.0,964.0,-452.0,-671.0,-219.0,141.71794871794873,474.0,1006.575,394.61841616300677,-536.0,1629.0,2165.0,926.0,1134.0,208.0,308.4102564102564,1186.0,162.375,546.9794643083047,-789.0,2029.0,2818.0,363.0,-187.0,-550.0,288.2564102564103,1170.0,idle,idle_9
0.0,0.0,0.0,0.0,0.0,0.0,0.0,0.0,0.0,0.0,0.0,0.0,0.0,0.0,0.0,0.0,0.0,0.0,0.0,0.0,0.0,0.0,0.0,0.0,0.0,0.0,0.0,0.0,0.0,0.0,0.0,0.0,0.0,0.0,0.0,0.0,0.0,0.0,0.0,0.0,0.0,0.0,0.0,0.0,0.0,0.0,0.0,0.0,0.0,0.0,7843.4,219.98827241469036,7144.0,8364.0,1220.0,7700.0,8364.0,664.0,163.28205128205127,732.0,-4019.4,474.7551368863743,-5164.0,-2600.0,2564.0,-4120.0,-3900.0,220.0,289.12820512820514,1292.0,14836.7,208.13243380117382,14052.0,15308.0,1256.0,14916.0,14680.0,-236.0,187.17948717948718,776.0,-480.225,212.72899279364813,-887.0,96.0,983.0,-370.0,-632.0,-262.0,170.2051282051282,474.0,943.95,385.97098012674473,-536.0,1629.0,2165.0,1167.0,489.0,-678.0,263.4871794871795,1186.0,131.025,573.3686635795507,-789.0,2029.0,2818.0,-143.0,163.0,306.0,329.53846153846155,1170.0,idle,idle_9
0.0,0.0,0.0,0.0,0.0,0.0,0.0,0.0,0.0,0.0,0.0,0.0,0.0,0.0,0.0,0.0,0.0,0.0,0.0,0.0,0.0,0.0,0.0,0.0,0.0,0.0,0.0,0.0,0.0,0.0,0.0,0.0,0.0,0.0,0.0,0.0,0.0,0.0,0.0,0.0,0.0,0.0,0.0,0.0,0.0,0.0,0.0,0.0,0.0,0.0,7999.3,197.65806333160307,7624.0,8444.0,820.0,7624.0,8292.0,668.0,140.6153846153846,508.0,-3970.0,308.3141255278454,-4804.0,-3220.0,1584.0,-4208.0,-3740.0,468.0,240.71794871794873,588.0,14731.5,201.6416375652608,14152.0,15040.0,888.0,14916.0,14668.0,-248.0,194.46153846153845,576.0,-463.9,210.28597195248187,-887.0,55.0,942.0,-675.0,-480.0,195.0,182.23076923076923,814.0,942.925,235.56839638414996,489.0,1621.0,1132.0,931.0,1293.0,362.0,191.69230769230768,686.0,26.575,319.24864036515487,-873.0,807.0,1680.0,-259.0,-165.0,94.0,292.97435897435895,745.0,idle,idle_9
0.0,0.0,0.0,0.0,0.0,0.0,0.0,0.0,0.0,0.0,0.0,0.0,0.0,0.0,0.0,0.0,0.0,0.0,0.0,0.0,0.0,0.0,0.0,0.0,0.0,0.0,0.0,0.0,0.0,0.0,0.0,0.0,0.0,0.0,0.0,0.0,0.0,0.0,0.0,0.0,0.0,0.0,0.0,0.0,0.0,0.0,0.0,0.0,0.0,0.0,8123.0,156.5190084302862,7680.0,8444.0,764.0,8444.0,8196.0,-248.0,132.10256410256412,372.0,-3841.5,317.92035166060066,-4804.0,-3220.0,1584.0,-3908.0,-3728.0,180.0,246.46153846153845,588.0,14694.1,191.62043210472103,14152.0,14964.0,812.0,14152.0,14692.0,540.0,188.6153846153846,576.0,-466.05,179.47896116258306,-759.0,55.0,814.0,-482.0,-619.0,-137.0,162.07692307692307,814.0,1018.875,238.63666812751137,534.0,1621.0,1087.0,1006.0,1073.0,67.0,207.2051282051282,686.0,53.525,292.9809710117707,-873.0,807.0,1680.0,187.0,232.0,45.0,269.61538461538464,745.0,idle,idle_9
0.0,0.0,0.0,0.0,0.0,0.0,0.0,0.0,0.0,0.0,0.0,0.0,0.0,0.0,0.0,0.0,0.0,0.0,0.0,0.0,0.0,0.0,0.0,0.0,0.0,0.0,0.0,0.0,0.0,0.0,0.0,0.0,0.0,0.0,0.0,0.0,0.0,0.0,0.0,0.0,0.0,0.0,0.0,0.0,0.0,0.0,0.0,0.0,0.0,0.0,8133.9,153.2161545007575,7736.0,8472.0,736.0,8260.0,8180.0,-80.0,122.05128205128206,656.0,-3774.5,228.7176206591875,-4244.0,-3276.0,968.0,-3696.0,-3540.0,156.0,189.84615384615384,552.0,14733.8,166.2960011545678,14356.0,15252.0,896.0,14784.0,14596.0,-188.0,165.23076923076923,660.0,-517.75,148.1493756314889,-850.0,-234.0,616.0,-324.0,-569.0,-245.0,124.07692307692308,357.0,1043.425,241.9586625334997,414.0,1643.0,1229.0,1109.0,1442.0,333.0,195.87179487179486,858.0,61.1,195.37141551414322,-288.0,458.0,746.0,210.0,-122.0,-332.0,198.97435897435898,532.0,idle,idle_9
0.0,0.0,0.0,0.0,0.0,0.0,0.0,0.0,0.0,0.0,0.0,0.0,0.0,0.0,0.0,0.0,0.0,0.0,0.0,0.0,0.0,0.0,0.0,0.0,0.0,0.0,0.0,0.0,0.0,0.0,0.0,0.0,0.0,0.0,0.0,0.0,0.0,0.0,0.0,0.0,0.0,0.0,0.0,0.0,0.0,0.0,0.0,0.0,0.0,0.0,8147.4,174.67581400983937,7736.0,8472.0,736.0,8096.0,8008.0,-88.0,146.46153846153845,656.0,-3864.6,229.30948519413667,-4388.0,-3484.0,904.0,-3676.0,-3640.0,36.0,173.02564102564102,552.0,14691.4,177.49490133522144,14356.0,15252.0,896.0,14880.0,14712.0,-168.0,146.87179487179486,660.0,-523.55,150.1022901224362,-850.0,-234.0,616.0,-700.0,-510.0,190.0,115.07692307692308,357.0,1031.0,265.5566794490397,414.0,1643.0,1229.0,1095.0,1333.0,238.0,221.5897435897436,858.0,88.175,218.15658224082992,-359.0,453.0,812.0,110.0,-339.0,-449.0,204.53846153846155,534.0,idle,idle_9
0.0,0.0,0.0,0.0,0.0,0.0,0.0,0.0,0.0,0.0,0.0,0.0,0.0,0.0,0.0,0.0,0.0,0.0,0.0,0.0,0.0,0.0,0.0,0.0,0.0,0.0,0.0,0.0,0.0,0.0,0.0,0.0,0.0,0.0,0.0,0.0,0.0,0.0,0.0,0.0,0.0,0.0,0.0,0.0,0.0,0.0,0.0,0.0,0.0,0.0,8154.5,162.86113716906192,7864.0,8456.0,592.0,8004.0,8088.0,84.0,142.46153846153845,480.0,-3862.6,201.78116859608085,-4388.0,-3508.0,880.0,-3548.0,-3944.0,-396.0,160.71794871794873,476.0,14675.4,178.0866081433413,14228.0,15004.0,776.0,14852.0,14596.0,-256.0,162.05128205128204,448.0,-505.175,108.31571619575804,-736.0,-255.0,481.0,-491.0,-578.0,-87.0,70.94871794871794,256.0,1037.75,217.48652257094,538.0,1419.0,881.0,1191.0,1027.0,-164.0,193.12820512820514,470.0,97.9,203.38495519580593,-359.0,453.0,812.0,-58.0,254.0,312.0,198.46153846153845,534.0,idle,idle_9
0.0,0.0,0.0,0.0,0.0,0.0,0.0,0.0,0.0,0.0,0.0,0.0,0.0,0.0,0.0,0.0,0.0,0.0,0.0,0.0,0.0,0.0,0.0,0.0,0.0,0.0,0.0,0.0,0.0,0.0,0.0,0.0,0.0,0.0,0.0,0.0,0.0,0.0,0.0,0.0,0.0,0.0,0.0,0.0,0.0,0.0,0.0,0.0,0.0,0.0,8104.4,143.0798378528575,7864.0,8456.0,592.0,8040.0,8084.0,44.0,122.56410256410257,480.0,-3837.0,136.26077939010918,-4120.0,-3524.0,596.0,-3572.0,-4000.0,-428.0,132.4102564102564,476.0,14704.1,156.65627979752358,14228.0,15004.0,776.0,14940.0,14704.0,-236.0,143.69230769230768,448.0,-497.025,64.454824295781,-646.0,-363.0,283.0,-363.0,-488.0,-125.0,60.69230769230769,219.0,1072.825,173.43426528515064,538.0,1410.0,872.0,990.0,934.0,-56.0,164.05128205128204,470.0,76.175,133.5973217358791,-182.0,322.0,504.0,90.0,272.0,182.0,131.17948717948718,448.0,idle,idle_9
0.0,0.0,0.0,0.0,0.0,0.0,0.0,0.0,0.0,0.0,0.0,0.0,0.0,0.0,0.0,0.0,0.0,0.0,0.0,0.0,0.0,0.0,0.0,0.0,0.0,0.0,0.0,0.0,0.0,0.0,0.0,0.0,0.0,0.0,0.0,0.0,0.0,0.0,0.0,0.0,0.0,0.0,0.0,0.0,0.0,0.0,0.0,0.0,0.0,0.0,8054.1,93.25658153717622,7880.0,8316.0,436.0,8048.0,8020.0,-28.0,90.15384615384616,260.0,-3801.8,200.7046586405009,-4144.0,-3236.0,908.0,-3988.0,-3780.0,208.0,174.56410256410257,560.0,14748.3,104.40071838833295,14552.0,15036.0,484.0,14580.0,14804.0,224.0,98.87179487179488,356.0,-482.625,87.38440578844718,-646.0,-260.0,386.0,-535.0,-366.0,169.0,83.61538461538461,273.0,1076.725,123.04084433634225,781.0,1300.0,519.0,1135.0,1202.0,67.0,138.33333333333334,370.0,46.45,166.51140351339302,-418.0,357.0,775.0,234.0,165.0,-69.0,148.48717948717947,408.0,idle,idle_9
0.0,0.0,0.0,0.0,0.0,0.0,0.0,0.0,0.0,0.0,0.0,0.0,0.0,0.0,0.0,0.0,0.0,0.0,0.0,0.0,0.0,0.0,0.0,0.0,0.0,0.0,0.0,0.0,0.0,0.0,0.0,0.0,0.0,0.0,0.0,0.0,0.0,0.0,0.0,0.0,0.0,0.0,0.0,0.0,0.0,0.0,0.0,0.0,0.0,0.0,8030.7,74.50308718435765,7900.0,8208.0,308.0,8076.0,8044.0,-32.0,81.84615384615384,220.0,-3672.3,212.88003664035764,-4144.0,-3236.0,908.0,-3912.0,-3500.0,412.0,180.6153846153846,560.0,14810.3,108.84075523442493,14648.0,15036.0,388.0,14684.0,14736.0,52.0,106.35897435897436,356.0,-467.325,93.477908486444,-620.0,-260.0,360.0,-447.0,-456.0,-9.0,94.48717948717949,273.0,1052.85,122.64961271850801,755.0,1294.0,539.0,1012.0,1086.0,74.0,133.64102564102564,370.0,13.85,175.9450979709296,-418.0,357.0,775.0,46.0,86.0,40.0,161.28205128205127,408.0,idle,idle_9
0.0,0.0,0.0,0.0,0.0,0.0,0.0,0.0,0.0,0.0,0.0,0.0,0.0,0.0,0.0,0.0,0.0,0.0,0.0,0.0,0.0,0.0,0.0,0.0,0.0,0.0,0.0,0.0,0.0,0.0,0.0,0.0,0.0,0.0,0.0,0.0,0.0,0.0,0.0,0.0,0.0,0.0,0.0,0.0,0.0,0.0,0.0,0.0,0.0,0.0,8040.0,65.01692087449236,7896.0,8208.0,312.0,8016.0,8120.0,104.0,68.92307692307692,216.0,-3598.7,125.52095442594435,-3856.0,-3352.0,504.0,-3728.0,-3744.0,-16.0,111.7948717948718,312.0,14827.6,91.14735322542283,14636.0,15000.0,364.0,14768.0,14824.0,56.0,97.84615384615384,244.0,-479.525,72.41477318199651,-614.0,-275.0,339.0,-494.0,-561.0,-67.0,70.12820512820512,245.0,1038.925,101.95719383643315,755.0,1294.0,539.0,1089.0,999.0,-90.0,91.48717948717949,221.0,63.275,136.1139205775809,-201.0,302.0,503.0,-97.0,112.0,209.0,128.5897435897436,350.0,idle,idle_9
0.0,0.0,0.0,0.0,0.0,0.0,0.0,0.0,0.0,0.0,0.0,0.0,0.0,0.0,0.0,0.0,0.0,0.0,0.0,0.0,0.0,0.0,0.0,0.0,0.0,0.0,0.0,0.0,0.0,0.0,0.0,0.0,0.0,0.0,0.0,0.0,0.0,0.0,0.0,0.0,0.0,0.0,0.0,0.0,0.0,0.0,0.0,0.0,0.0,0.0,8054.3,110.8833170499512,7864.0,8388.0,524.0,7896.0,8328.0,432.0,91.07692307692308,240.0,-3624.5,151.73710818385857,-4068.0,-3352.0,716.0,-3564.0,-4068.0,-504.0,132.10256410256412,368.0,14801.9,118.62541886122045,14420.0,14968.0,548.0,14916.0,14420.0,-496.0,115.8974358974359,300.0,-500.975,58.5856157687192,-632.0,-355.0,277.0,-515.0,-518.0,-3.0,52.69230769230769,136.0,1020.8,138.4308852821508,610.0,1523.0,913.0,1050.0,1523.0,473.0,113.82051282051282,566.0,101.775,119.3470752678925,-135.0,302.0,437.0,222.0,-84.0,-306.0,126.1025641025641,350.0,idle,idle_9
0.0,0.0,0.0,0.0,0.0,0.0,0.0,0.0,0.0,0.0,0.0,0.0,0.0,0.0,0.0,0.0,0.0,0.0,0.0,0.0,0.0,0.0,0.0,0.0,0.0,0.0,0.0,0.0,0.0,0.0,0.0,0.0,0.0,0.0,0.0,0.0,0.0,0.0,0.0,0.0,0.0,0.0,0.0,0.0,0.0,0.0,0.0,0.0,0.0,0.0,8108.5,187.69802875896167,7660.0,8612.0,952.0,8140.0,8280.0,140.0,152.30769230769232,668.0,-3666.3,228.5710174103445,-4328.0,-3016.0,1312.0,-3564.0,-3852.0,-288.0,183.3846153846154,528.0,14768.6,204.55913570407947,14316.0,15368.0,1052.0,14692.0,14564.0,-128.0,186.46153846153845,792.0,-527.6,120.4862647773596,-890.0,-312.0,578.0,-502.0,-603.0,-101.0,75.25641025641026,217.0,984.7,253.82574731496416,393.0,1653.0,1260.0,1149.0,1083.0,-66.0,195.02564102564102,1213.0,109.325,185.08341193904977,-291.0,524.0,815.0,17.0,82.0,65.0,147.2051282051282,529.0,idle,idle_9
0.0,0.0,0.0,0.0,0.0,0.0,0.0,0.0,0.0,0.0,0.0,0.0,0.0,0.0,0.0,0.0,0.0,0.0,0.0,0.0,0.0,0.0,0.0,0.0,0.0,0.0,0.0,0.0,0.0,0.0,0.0,0.0,0.0,0.0,0.0,0.0,0.0,0.0,0.0,0.0,0.0,0.0,0.0,0.0,0.0,0.0,0.0,0.0,0.0,0.0,8172.0,155.01483799946377,7660.0,8612.0,952.0,7660.0,8104.0,444.0,109.23076923076923,456.0,-3727.8,219.75977793945825,-4328.0,-3016.0,1312.0,-3720.0,-3816.0,-96.0,162.87179487179486,528.0,14716.9,194.4952184502231,14316.0,15368.0,1052.0,15212.0,14700.0,-512.0,161.23076923076923,516.0,-522.375,128.26236538829306,-890.0,-312.0,578.0,-360.0,-396.0,-36.0,100.1025641025641,217.0,1005.125,237.17189836698614,393.0,1653.0,1260.0,1653.0,1026.0,-627.0,171.15384615384616,1213.0,120.3,181.17121736081594,-291.0,524.0,815.0,-220.0,-17.0,203.0,141.25641025641025,529.0,idle,idle_9
0.0,0.0,0.0,0.0,0.0,0.0,0.0,0.0,0.0,0.0,0.0,0.0,0.0,0.0,0.0,0.0,0.0,0.0,0.0,0.0,0.0,0.0,0.0,0.0,0.0,0.0,0.0,0.0,0.0,0.0,0.0,0.0,0.0,0.0,0.0,0.0,0.0,0.0,0.0,0.0,0.0,0.0,0.0,0.0,0.0,0.0,0.0,0.0,0.0,0.0,8165.8,69.4086449946979,8020.0,8320.0,300.0,8088.0,8140.0,52.0,66.56410256410257,200.0,-3758.7,128.1042934487365,-4008.0,-3468.0,540.0,-3808.0,-3836.0,-28.0,103.8974358974359,328.0,14695.8,93.3892927481518,14472.0,14900.0,428.0,14488.0,14740.0,252.0,112.92307692307692,288.0,-484.6,86.23044705902899,-658.0,-303.0,355.0,-491.0,-549.0,-58.0,94.97435897435898,274.0,1035.65,100.60282053700084,808.0,1381.0,573.0,1188.0,995.0,-193.0,96.53846153846153,297.0,83.1,114.78671525921456,-163.0,291.0,454.0,156.0,-18.0,-174.0,113.64102564102564,341.0,idle,idle_9
